============================================================
Time  2016/05/20 00:52:29 041 
============================================================
[2016/05/20 00:52:29 042][Px17e7][Txe08b700][DBG] MSPTHREAD  MSPThreadP 733  POST socket_main_0:1:1:0
[2016/05/20 00:52:29 043][Px17e7][Txc95d700][DBG] MSPTHREAD  MSPThreadP 825  socket_main_0 IDLE
[2016/05/20 00:52:29 044][Px17e7][Txc95d700][DBG] MSPTHREAD  MSPThreadP 867  socket_main_0 RUN <socket_main_0>
[2016/05/20 00:52:29 045][Px17e7][Txe08b700][DBG] MSPTHREAD  MSPThreadP 733  POST l_engine_1:1:1:0
[2016/05/20 00:52:29 045][Px17e7][Tx77fe700][DBG] MSPTHREAD  MSPThreadP 825  l_engine_1 IDLE
[2016/05/20 00:52:29 046][Px17e7][Txe08b700][DBG] MSPTHREAD  MSPThreadP 733  POST l_engine_2:1:1:0
[2016/05/20 00:52:29 047][Px17e7][Tx77fe700][DBG] MSPTHREAD  MSPThreadP 867  l_engine_1 RUN <l_engine_1>
[2016/05/20 00:52:29 047][Px17e7][Tx6ffd700][DBG] MSPTHREAD  MSPThreadP 825  l_engine_2 IDLE
[2016/05/20 00:52:29 048][Px17e7][Txe08b700][DBG] MSPTHREAD  MSPThreadP 733  POST l_engine_3:1:1:0
[2016/05/20 00:52:29 049][Px17e7][Tx6ffd700][DBG] MSPTHREAD  MSPThreadP 867  l_engine_2 RUN <l_engine_2>
[2016/05/20 00:52:29 050][Px17e7][Tx67fc700][DBG] MSPTHREAD  MSPThreadP 825  l_engine_3 IDLE
[2016/05/20 00:52:29 050][Px17e7][Txe08b700][DBG] MSPTHREAD  MSPThreadP 733  POST l_engine_4:1:1:0
[2016/05/20 00:52:29 051][Px17e7][Tx67fc700][DBG] MSPTHREAD  MSPThreadP 867  l_engine_3 RUN <l_engine_3>
[2016/05/20 00:52:29 051][Px17e7][Tx5ffb700][DBG] MSPTHREAD  MSPThreadP 825  l_engine_4 IDLE
[2016/05/20 00:52:29 052][Px17e7][Tx5ffb700][DBG] MSPTHREAD  MSPThreadP 867  l_engine_4 RUN <l_engine_4>
[2016/05/20 00:52:29 057][Px17e7][Txe08b700][TRC] MSPCMN     msp_cmn.c  1219 MSPLogin(0,0,405253) [in]
[2016/05/20 00:52:29 058][Px17e7][Txe08b700][TRC] LENGINE    leng_shell 109  lEngine_Start(db22bf8,6b56250,1,) [in]
[2016/05/20 00:52:29 058][Px17e7][Txe08b700][INF] LLOADER    lloader.c  327  load lgi
[2016/05/20 00:52:29 059][Px17e7][Txe08b700][INF] LLOADER    lloader.c  339  a intalled entry
[2016/05/20 00:52:29 060][Px17e7][Txe08b700][INF] LLOADER    lloader.c  365  from rom
[2016/05/20 00:52:29 060][Px17e7][Txe08b700][PRF] LLOADER    lloader.c  397  load lgi cost 2 (ms)
[2016/05/20 00:52:29 061][Px17e7][Txe08b700][DBG] LENGINE    leng_shell 193  env=20bbcf0,lgi,lgi_
[2016/05/20 00:52:29 062][Px17e7][Txe08b700][DBG] MSPTHREAD  MSPThreadP 733  POST l_engine_4:6:1:1
[2016/05/20 00:52:29 062][Px17e7][Txe08b700][TRC] LENGINE    leng_shell 264  lEngine_Start() [out] 0
[2016/05/20 00:52:29 063][Px17e7][Txe08b700][TRC] LENGINE    leng_shell 385  lEngine_SendMessage(20bbcf0,1,4,,,) [in]
[2016/05/20 00:52:29 063][Px17e7][Txe08b700][DBG] MSPTHREAD  MSPThreadP 733  POST l_engine_4:11:1:0
[2016/05/20 00:52:29 064][Px17e7][Tx5ffb700][DBG] LENGINE    leng_main. 561  ENGINE_MSG_LOAD
[2016/05/20 00:52:29 064][Px17e7][Tx5ffb700][DBG] LENGINE    leng_main. 209  lEngine_LoadEnv(de833e0,20bbcf0) [in]
[2016/05/20 00:52:29 066][Px17e7][Tx5ffb700][INF] LLOADER    lloader.c  327  load ecode
[2016/05/20 00:52:29 067][Px17e7][Tx5ffb700][INF] LLOADER    lloader.c  339  a intalled entry
[2016/05/20 00:52:29 067][Px17e7][Tx5ffb700][INF] LLOADER    lloader.c  365  from rom
[2016/05/20 00:52:29 068][Px17e7][Tx5ffb700][PRF] LLOADER    lloader.c  397  load ecode cost 2 (ms)
[2016/05/20 00:52:29 069][Px17e7][Tx5ffb700][INF] LLOADER    lloader.c  327  load config
[2016/05/20 00:52:29 069][Px17e7][Tx5ffb700][INF] LLOADER    lloader.c  339  a intalled entry
[2016/05/20 00:52:29 070][Px17e7][Tx5ffb700][INF] LLOADER    lloader.c  365  from rom
[2016/05/20 00:52:29 070][Px17e7][Tx5ffb700][PRF] LLOADER    lloader.c  397  load config cost 1 (ms)
[2016/05/20 00:52:29 071][Px17e7][Tx5ffb700][INF] LMOD       luac_logge 172  [config:42:use general cloud  ]
[2016/05/20 00:52:29 071][Px17e7][Tx5ffb700][INF] LLOADER    lloader.c  327  load update
[2016/05/20 00:52:29 072][Px17e7][Tx5ffb700][INF] LLOADER    lloader.c  339  a intalled entry
[2016/05/20 00:52:29 072][Px17e7][Tx5ffb700][INF] LLOADER    lloader.c  365  from rom
[2016/05/20 00:52:29 074][Px17e7][Tx5ffb700][PRF] LLOADER    lloader.c  397  load update cost 3 (ms)
[2016/05/20 00:52:29 074][Px17e7][Tx5ffb700][INF] LLOADER    lloader.c  327  load transport
[2016/05/20 00:52:29 075][Px17e7][Tx5ffb700][INF] LLOADER    lloader.c  339  a intalled entry
[2016/05/20 00:52:29 075][Px17e7][Tx5ffb700][INF] LLOADER    lloader.c  365  from rom
[2016/05/20 00:52:29 076][Px17e7][Tx5ffb700][PRF] LLOADER    lloader.c  397  load transport cost 2 (ms)
[2016/05/20 00:52:29 078][Px17e7][Tx5ffb700][INF] LLOADER    lloader.c  327  load ns
[2016/05/20 00:52:29 078][Px17e7][Tx5ffb700][INF] LLOADER    lloader.c  339  a intalled entry
[2016/05/20 00:52:29 079][Px17e7][Tx5ffb700][INF] LLOADER    lloader.c  365  from rom
[2016/05/20 00:52:29 079][Px17e7][Tx5ffb700][PRF] LLOADER    lloader.c  397  load ns cost 1 (ms)
[2016/05/20 00:52:29 080][Px17e7][Tx5ffb700][INF] LLOADER    lloader.c  327  load network
[2016/05/20 00:52:29 081][Px17e7][Tx5ffb700][INF] LLOADER    lloader.c  339  a intalled entry
[2016/05/20 00:52:29 081][Px17e7][Tx5ffb700][INF] LLOADER    lloader.c  365  from rom
[2016/05/20 00:52:29 082][Px17e7][Tx5ffb700][PRF] LLOADER    lloader.c  397  load network cost 3 (ms)
[2016/05/20 00:52:29 083][Px17e7][Tx5ffb700][DBG] LENGINE    leng_main. 263  precall return 0
[2016/05/20 00:52:29 084][Px17e7][Tx5ffb700][DBG] LENGINE    leng_main. 288  [lgi_], ACTIVE
[2016/05/20 00:52:29 084][Px17e7][Tx5ffb700][DBG] LENGINE    leng_rpc.c 413  luacRPCFuncProto_Invoke(f0042a00,20bbcf0) [in]
[2016/05/20 00:52:29 086][Px17e7][Tx5ffb700][TRC] LMOD       luac_logge 170  [lgi:623:SYS_MSG_LOAD  ]
[2016/05/20 00:52:29 087][Px17e7][Tx5ffb700][INF] LLOADER    lloader.c  327  load dkjson
[2016/05/20 00:52:29 087][Px17e7][Tx5ffb700][INF] LLOADER    lloader.c  339  a intalled entry
[2016/05/20 00:52:29 088][Px17e7][Tx5ffb700][INF] LLOADER    lloader.c  365  from rom
[2016/05/20 00:52:29 088][Px17e7][Tx5ffb700][PRF] LLOADER    lloader.c  397  load dkjson cost 1 (ms)
[2016/05/20 00:52:29 089][Px17e7][Tx5ffb700][INF] LLOADER    lloader.c  327  load debug
[2016/05/20 00:52:29 089][Px17e7][Tx5ffb700][INF] LLOADER    lloader.c  339  a intalled entry
[2016/05/20 00:52:29 090][Px17e7][Tx5ffb700][INF] LLOADER    lloader.c  365  from rom
[2016/05/20 00:52:29 090][Px17e7][Tx5ffb700][PRF] LLOADER    lloader.c  397  load debug cost 1 (ms)
[2016/05/20 00:52:29 091][Px17e7][Tx5ffb700][DBG] LENGINE    leng_rpc.c 527  luacRPCFuncProto_Invoke() [out] ret = 0
[2016/05/20 00:52:29 091][Px17e7][Tx5ffb700][DBG] LENGINE    leng_main. 312  [lgi_], loaded
[2016/05/20 00:52:29 092][Px17e7][Tx5ffb700][DBG] LENGINE    leng_rpc.c 413  luacRPCFuncProto_Invoke(f0042a00,20bbcf0) [in]
[2016/05/20 00:52:29 092][Px17e7][Tx5ffb700][TRC] LMOD       luac_logge 170  [lgi:645:SYS_MSG_REGCB  msp_status_cb  func(f0015890) ]
[2016/05/20 00:52:29 093][Px17e7][Tx5ffb700][DBG] LENGINE    leng_rpc.c 527  luacRPCFuncProto_Invoke() [out] ret = 0
[2016/05/20 00:52:29 093][Px17e7][Tx5ffb700][DBG] LENGINE    leng_main. 345  lEngine_LoadEnv() [out] successfully
[2016/05/20 00:52:29 094][Px17e7][Tx5ffb700][DBG] LENGINE    leng_main. 567  lgi_, eng = l_engine_4, env = 20bbcf0, L = 20bbd80
[2016/05/20 00:52:29 094][Px17e7][Tx5ffb700][INF] LENGINE    leng_main. 568  l_engine_4 occupancy: 1 (33%)
[2016/05/20 00:52:29 095][Px17e7][Tx5ffb700][DBG] LENGINE    leng_main. 535  ENGINE_MSG_RPC_SYNC
[2016/05/20 00:52:29 095][Px17e7][Tx5ffb700][DBG] LENGINE    leng_main. 543  [lgi_], stat = 1
[2016/05/20 00:52:29 095][Px17e7][Tx5ffb700][DBG] LENGINE    leng_rpc.c 413  luacRPCFuncProto_Invoke(20bd6a0,20bbcf0) [in]
[2016/05/20 00:52:29 096][Px17e7][Tx5ffb700][TRC] LMOD       luac_logge 170  [lgi:286:LGI_MSG_INIT  ]
[2016/05/20 00:52:29 097][Px17e7][Tx5ffb700][INF] LMOD       luac_logge 172  [lgi:293:lgi  lgi_  268436457  1472384011  ]
[2016/05/20 00:52:29 098][Px17e7][Tx5ffb700][TRC] MSPCMN     msp_cmn.c  827  statusCbStub(,,param_num = 5)
[2016/05/20 00:52:29 098][Px17e7][Tx5ffb700][PRF] LENGINE    leng_main. 189  callc(msp_status_cb) cost 0 ms
[2016/05/20 00:52:29 099][Px17e7][Tx5ffb700][TRC] LMOD       luac_logge 170  [lgi:326:lgi params:  appid = 583467f7  ]
[2016/05/20 00:52:29 100][Px17e7][Tx5ffb700][INF] LMOD       luac_logge 172  [lgi:340:auth_time_str=  2016/05/20 00:52:29  ]
[2016/05/20 00:52:29 101][Px17e7][Tx5ffb700][INF] LMOD       luac_logge 172  [lgi:346:auth_appid=  583467f7  ]
[2016/05/20 00:52:29 102][Px17e7][Tx5ffb700][TRC] LMOD       luac_logge 170  [lgi:357:token:  nil  ]
[2016/05/20 00:52:29 103][Px17e7][Tx5ffb700][INF] LMOD       luac_logge 172  [lgi:423:msc cver : 5.0.27.1135  ]
[2016/05/20 00:52:29 105][Px17e7][Tx5ffb700][INF] LMOD       luac_logge 172  [lgi:466:ns_enable=  1  ]
[2016/05/20 00:52:29 105][Px17e7][Tx5ffb700][INF] LMOD       luac_logge 172  [lgi:478:prot_ver=1  ]
[2016/05/20 00:52:29 106][Px17e7][Tx5ffb700][INF] LMOD       luac_logge 172  [lgi:489:prot_type=tcp  ]
[2016/05/20 00:52:29 106][Px17e7][Tx5ffb700][DBG] LENGINE    leng_rpc.c 527  luacRPCFuncProto_Invoke() [out] ret = 0
[2016/05/20 00:52:29 107][Px17e7][Txe08b700][TRC] LENGINE    leng_shell 428  lEngine_SendMessage() [out] 0
[2016/05/20 00:52:29 107][Px17e7][Txe08b700][TRC] LENGINE    leng_shell 281  lEngine_Stop(20bbcf0) [in]
[2016/05/20 00:52:29 108][Px17e7][Txe08b700][DBG] MSPTHREAD  MSPThreadP 733  POST l_engine_4:7:1:1
[2016/05/20 00:52:29 108][Px17e7][Tx5ffb700][DBG] LENGINE    leng_main. 582  ENGINE_MSG_UNLOAD
[2016/05/20 00:52:29 108][Px17e7][Tx5ffb700][DBG] LENGINE    leng_rpc.c 413  luacRPCFuncProto_Invoke(f0014200,20bbcf0) [in]
[2016/05/20 00:52:29 109][Px17e7][Tx5ffb700][TRC] LMOD       luac_logge 170  [lgi:632:SYS_MSG_UNLOAD  go bg!  ]
[2016/05/20 00:52:29 110][Px17e7][Tx5ffb700][DBG] LENGINE    leng_rpc.c 527  luacRPCFuncProto_Invoke() [out] ret = 0
[2016/05/20 00:52:29 110][Px17e7][Tx5ffb700][DBG] LENGINE    leng_main. 619  [lgi_] active, go bg!
[2016/05/20 00:52:29 110][Px17e7][Txe08b700][TRC] LENGINE    leng_shell 340  lEngine_Stop() [out] 0
[2016/05/20 00:52:29 111][Px17e7][Txe08b700][TRC] MSPCMN     msp_cmn.c  1388 MSPLogin() [out] 0
[2016/05/20 00:52:29 112][Px17e7][Txe08b700][TRC] QISR       qisr.c     913  QISRBuildGrammar(405004,20bc3b0,229,20c4a70) [in]
[2016/05/20 00:52:29 113][Px17e7][Txe08b700][TRC] LENGINE    leng_shell 109  lEngine_Start(db22c28,6b56210,1,) [in]
[2016/05/20 00:52:29 113][Px17e7][Txe08b700][INF] LLOADER    lloader.c  327  load grm_lex
[2016/05/20 00:52:29 114][Px17e7][Txe08b700][INF] LLOADER    lloader.c  339  a intalled entry
[2016/05/20 00:52:29 114][Px17e7][Txe08b700][INF] LLOADER    lloader.c  365  from rom
[2016/05/20 00:52:29 114][Px17e7][Txe08b700][PRF] LLOADER    lloader.c  397  load grm_lex cost 2 (ms)
[2016/05/20 00:52:29 115][Px17e7][Txe08b700][DBG] LENGINE    leng_shell 193  env=20bd020,grm_lex,local_grm
[2016/05/20 00:52:29 115][Px17e7][Txe08b700][DBG] MSPTHREAD  MSPThreadP 733  POST l_engine_3:6:1:1
[2016/05/20 00:52:29 116][Px17e7][Txe08b700][TRC] LENGINE    leng_shell 264  lEngine_Start() [out] 0
[2016/05/20 00:52:29 116][Px17e7][Txe08b700][TRC] LENGINE    leng_shell 444  lEngine_RegisterCallBack(20bd020,db9034d,d9e11e0,0,) [in]
[2016/05/20 00:52:29 117][Px17e7][Txe08b700][DBG] MSPTHREAD  MSPThreadP 733  POST l_engine_3:8:1:0
[2016/05/20 00:52:29 117][Px17e7][Txe08b700][TRC] LENGINE    leng_shell 481  lEngine_RegisterCallBack() [out] 0
[2016/05/20 00:52:29 117][Px17e7][Txe08b700][TRC] LENGINE    leng_shell 351  lEngine_PostMessage(20bd020,1,3,) [in]
[2016/05/20 00:52:29 118][Px17e7][Txe08b700][DBG] MSPTHREAD  MSPThreadP 733  POST l_engine_3:10:1:0
[2016/05/20 00:52:29 118][Px17e7][Txe08b700][TRC] LENGINE    leng_shell 374  lEngine_PostMessage() [out] 0
[2016/05/20 00:52:29 118][Px17e7][Txe08b700][TRC] LENGINE    leng_shell 281  lEngine_Stop(20bd020) [in]
[2016/05/20 00:52:29 119][Px17e7][Txe08b700][DBG] MSPTHREAD  MSPThreadP 733  POST l_engine_3:7:1:0
[2016/05/20 00:52:29 120][Px17e7][Tx67fc700][DBG] LENGINE    leng_main. 561  ENGINE_MSG_LOAD
[2016/05/20 00:52:29 121][Px17e7][Tx67fc700][DBG] LENGINE    leng_main. 209  lEngine_LoadEnv(de833a0,20bd020) [in]
[2016/05/20 00:52:29 121][Px17e7][Tx67fc700][INF] LLOADER    lloader.c  327  load ecode
[2016/05/20 00:52:29 123][Px17e7][Tx67fc700][INF] LLOADER    lloader.c  339  a intalled entry
[2016/05/20 00:52:29 124][Px17e7][Tx67fc700][INF] LLOADER    lloader.c  365  from rom
[2016/05/20 00:52:29 124][Px17e7][Tx67fc700][PRF] LLOADER    lloader.c  397  load ecode cost 3 (ms)
[2016/05/20 00:52:29 125][Px17e7][Tx67fc700][DBG] LENGINE    leng_main. 263  precall return 0
[2016/05/20 00:52:29 126][Px17e7][Tx67fc700][DBG] LENGINE    leng_main. 288  [local_grm], ACTIVE
[2016/05/20 00:52:29 127][Px17e7][Tx67fc700][DBG] LENGINE    leng_rpc.c 413  luacRPCFuncProto_Invoke(fc013010,20bd020) [in]
[2016/05/20 00:52:29 130][Px17e7][Tx67fc700][TRC] LMOD       luac_logge 170  [grm_lex:264:SYS_MSG_LOAD  ]
[2016/05/20 00:52:29 131][Px17e7][Tx67fc700][DBG] LENGINE    leng_rpc.c 527  luacRPCFuncProto_Invoke() [out] ret = 0
[2016/05/20 00:52:29 131][Px17e7][Tx67fc700][DBG] LENGINE    leng_main. 312  [local_grm], loaded
[2016/05/20 00:52:29 132][Px17e7][Tx67fc700][DBG] LENGINE    leng_rpc.c 413  luacRPCFuncProto_Invoke(fc013ef0,20bd020) [in]
[2016/05/20 00:52:29 133][Px17e7][Tx67fc700][TRC] LMOD       luac_logge 170  [grm_lex:281:SYS_MSG_REGCB  ]
[2016/05/20 00:52:29 133][Px17e7][Tx67fc700][DBG] LENGINE    leng_rpc.c 527  luacRPCFuncProto_Invoke() [out] ret = 0
[2016/05/20 00:52:29 134][Px17e7][Tx67fc700][DBG] LENGINE    leng_main. 345  lEngine_LoadEnv() [out] successfully
[2016/05/20 00:52:29 134][Px17e7][Tx67fc700][DBG] LENGINE    leng_main. 567  local_grm, eng = l_engine_3, env = 20bd020, L = 20b5b70
[2016/05/20 00:52:29 135][Px17e7][Tx67fc700][INF] LENGINE    leng_main. 568  l_engine_3 occupancy: 1 (33%)
[2016/05/20 00:52:29 135][Px17e7][Tx67fc700][DBG] LENGINE    leng_main. 582  ENGINE_MSG_UNLOAD
[2016/05/20 00:52:29 135][Px17e7][Tx67fc700][DBG] LENGINE    leng_rpc.c 413  luacRPCFuncProto_Invoke(fc013ef0,20bd020) [in]
[2016/05/20 00:52:29 136][Px17e7][Tx67fc700][TRC] LMOD       luac_logge 170  [grm_lex:267:SYS_MSG_UNLOAD  ]
[2016/05/20 00:52:29 137][Px17e7][Tx67fc700][DBG] LENGINE    leng_rpc.c 527  luacRPCFuncProto_Invoke() [out] ret = 0
[2016/05/20 00:52:29 139][Px17e7][Tx67fc700][DBG] LENGINE    leng_main. 619  [local_grm] active, go bg!
[2016/05/20 00:52:29 140][Px17e7][Tx67fc700][DBG] LENGINE    leng_main. 686  ENGINE_MSG_REGCB
[2016/05/20 00:52:29 142][Px17e7][Tx67fc700][DBG] LENGINE    leng_main. 711  local_grm (grmMessageCallBackC)
[2016/05/20 00:52:29 142][Px17e7][Tx67fc700][DBG] LENGINE    leng_rpc.c 413  luacRPCFuncProto_Invoke(fc00e600,20bd020) [in]
[2016/05/20 00:52:29 142][Px17e7][Txe08b700][TRC] LENGINE    leng_shell 340  lEngine_Stop() [out] 0
[2016/05/20 00:52:29 146][Px17e7][Txe08b700][TRC] QISR       qisr.c     994  QISRBuildGrammar() [out] 0
[2016/05/20 00:52:29 147][Px17e7][Tx67fc700][TRC] LMOD       luac_logge 170  [grm_lex:281:SYS_MSG_REGCB  ]
[2016/05/20 00:52:29 147][Px17e7][Tx67fc700][DBG] LENGINE    leng_rpc.c 527  luacRPCFuncProto_Invoke() [out] ret = 0
[2016/05/20 00:52:29 148][Px17e7][Tx67fc700][DBG] LENGINE    leng_main. 513  ENGINE_MSG_RPC_ASYNC
[2016/05/20 00:52:29 149][Px17e7][Tx67fc700][DBG] LENGINE    leng_main. 521  [local_grm], stat = 1
[2016/05/20 00:52:29 150][Px17e7][Tx67fc700][DBG] LENGINE    leng_rpc.c 413  luacRPCFuncProto_Invoke(20c9b50,20bd020) [in]
[2016/05/20 00:52:29 151][Px17e7][Tx67fc700][TRC] LMOD       luac_logge 170  [grm_lex:251:ISR_MSG_BUILDGRAMMAR  ]
[2016/05/20 00:52:29 152][Px17e7][Tx67fc700][TRC] LMOD       luac_logge 170  [grm_lex:100:grm_type :  bnf  ]
[2016/05/20 00:52:29 153][Px17e7][Tx67fc700][TRC] LMOD       luac_logge 170  [grm_lex:106:engine_type  :  local  ]
[2016/05/20 00:52:29 154][Px17e7][Tx67fc700][TRC] LMOD       luac_logge 170  [grm_lex:106:asr_res_path  :  fo|res/asr/common.jet  ]
[2016/05/20 00:52:29 155][Px17e7][Tx67fc700][TRC] LMOD       luac_logge 170  [grm_lex:106:sample_rate  :  16000  ]
[2016/05/20 00:52:29 156][Px17e7][Tx67fc700][TRC] LMOD       luac_logge 170  [grm_lex:106:grm_build_path  :  res/asr/GrmBuilld  ]
[2016/05/20 00:52:29 156][Px17e7][Tx67fc700][TRC] LENGINE    leng_shell 109  lEngine_Start(fc00a248,fc00e868,0,) [in]
[2016/05/20 00:52:29 157][Px17e7][Tx67fc700][INF] LLOADER    lloader.c  327  load isr_local
[2016/05/20 00:52:29 157][Px17e7][Tx67fc700][INF] LLOADER    lloader.c  339  a intalled entry
[2016/05/20 00:52:29 158][Px17e7][Tx67fc700][INF] LLOADER    lloader.c  365  from rom
[2016/05/20 00:52:29 159][Px17e7][Tx67fc700][PRF] LLOADER    lloader.c  397  load isr_local cost 2 (ms)
[2016/05/20 00:52:29 160][Px17e7][Tx67fc700][DBG] LENGINE    leng_shell 193  env=fc00ec60,isr_local,local_build_67fb81867fb82038d5c3573ec23dd9cd410
[2016/05/20 00:52:29 160][Px17e7][Tx67fc700][DBG] MSPTHREAD  MSPThreadP 733  POST l_engine_2:6:1:1
[2016/05/20 00:52:29 161][Px17e7][Tx6ffd700][DBG] LENGINE    leng_main. 561  ENGINE_MSG_LOAD
[2016/05/20 00:52:29 161][Px17e7][Tx6ffd700][DBG] LENGINE    leng_main. 209  lEngine_LoadEnv(de83360,fc00ec60) [in]
[2016/05/20 00:52:29 162][Px17e7][Tx6ffd700][INF] LLOADER    lloader.c  327  load ecode
[2016/05/20 00:52:29 163][Px17e7][Tx6ffd700][INF] LLOADER    lloader.c  339  a intalled entry
[2016/05/20 00:52:29 163][Px17e7][Tx6ffd700][INF] LLOADER    lloader.c  365  from rom
[2016/05/20 00:52:29 163][Px17e7][Tx6ffd700][PRF] LLOADER    lloader.c  397  load ecode cost 1 (ms)
[2016/05/20 00:52:29 164][Px17e7][Tx6ffd700][INF] LLOADER    lloader.c  327  load dkjson
[2016/05/20 00:52:29 164][Px17e7][Tx6ffd700][INF] LLOADER    lloader.c  339  a intalled entry
[2016/05/20 00:52:29 165][Px17e7][Tx6ffd700][INF] LLOADER    lloader.c  365  from rom
[2016/05/20 00:52:29 165][Px17e7][Tx6ffd700][PRF] LLOADER    lloader.c  397  load dkjson cost 1 (ms)
[2016/05/20 00:52:29 165][Px17e7][Tx6ffd700][INF] LLOADER    lloader.c  327  load debug
[2016/05/20 00:52:29 166][Px17e7][Tx6ffd700][INF] LLOADER    lloader.c  339  a intalled entry
[2016/05/20 00:52:29 166][Px17e7][Tx6ffd700][INF] LLOADER    lloader.c  365  from rom
[2016/05/20 00:52:29 167][Px17e7][Tx6ffd700][PRF] LLOADER    lloader.c  397  load debug cost 1 (ms)
[2016/05/20 00:52:29 167][Px17e7][Tx6ffd700][INF] LLOADER    lloader.c  327  load auth
[2016/05/20 00:52:29 168][Px17e7][Tx6ffd700][INF] LLOADER    lloader.c  339  a intalled entry
[2016/05/20 00:52:29 168][Px17e7][Tx6ffd700][INF] LLOADER    lloader.c  365  from rom
[2016/05/20 00:52:29 168][Px17e7][Tx6ffd700][PRF] LLOADER    lloader.c  397  load auth cost 1 (ms)
[2016/05/20 00:52:29 169][Px17e7][Tx67fc700][TRC] LENGINE    leng_shell 264  lEngine_Start() [out] 0
[2016/05/20 00:52:29 170][Px17e7][Tx67fc700][TRC] LENGINE    leng_shell 444  lEngine_RegisterCallBack(fc00ec60,fc00a288,d9cbc30,67fb780,) [in]
[2016/05/20 00:52:29 171][Px17e7][Tx67fc700][DBG] MSPTHREAD  MSPThreadP 733  POST l_engine_2:8:1:0
[2016/05/20 00:52:29 173][Px17e7][Tx6ffd700][TRC] LENGINE    luac_auth. 106  luac_loadluacAuth enter
[2016/05/20 00:52:29 173][Px17e7][Tx6ffd700][TRC] LENGINE    luac_auth. 91   luac_openluacAuth enter
[2016/05/20 00:52:29 173][Px17e7][Tx6ffd700][TRC] LENGINE    luac_auth. 99   luac_openluacAuth leave
[2016/05/20 00:52:29 174][Px17e7][Tx6ffd700][TRC] LENGINE    luac_auth. 109  luac_loadluacAuth leave
[2016/05/20 00:52:29 175][Px17e7][Tx6ffd700][INF] LLOADER    lloader.c  327  load config
[2016/05/20 00:52:29 175][Px17e7][Tx6ffd700][INF] LLOADER    lloader.c  339  a intalled entry
[2016/05/20 00:52:29 176][Px17e7][Tx6ffd700][INF] LLOADER    lloader.c  365  from rom
[2016/05/20 00:52:29 176][Px17e7][Tx6ffd700][PRF] LLOADER    lloader.c  397  load config cost 1 (ms)
[2016/05/20 00:52:29 176][Px17e7][Tx6ffd700][INF] LMOD       luac_logge 172  [config:42:use general cloud  ]
[2016/05/20 00:52:29 177][Px17e7][Tx6ffd700][INF] LLOADER    lloader.c  327  load update
[2016/05/20 00:52:29 177][Px17e7][Tx6ffd700][INF] LLOADER    lloader.c  339  a intalled entry
[2016/05/20 00:52:29 178][Px17e7][Tx6ffd700][INF] LLOADER    lloader.c  365  from rom
[2016/05/20 00:52:29 178][Px17e7][Tx6ffd700][PRF] LLOADER    lloader.c  397  load update cost 1 (ms)
[2016/05/20 00:52:29 178][Px17e7][Tx6ffd700][INF] LLOADER    lloader.c  327  load transport
[2016/05/20 00:52:29 179][Px17e7][Tx6ffd700][INF] LLOADER    lloader.c  339  a intalled entry
[2016/05/20 00:52:29 180][Px17e7][Tx6ffd700][INF] LLOADER    lloader.c  365  from rom
[2016/05/20 00:52:29 180][Px17e7][Tx6ffd700][PRF] LLOADER    lloader.c  397  load transport cost 2 (ms)
[2016/05/20 00:52:29 181][Px17e7][Tx6ffd700][INF] LLOADER    lloader.c  327  load ns
[2016/05/20 00:52:29 181][Px17e7][Tx6ffd700][INF] LLOADER    lloader.c  339  a intalled entry
[2016/05/20 00:52:29 182][Px17e7][Tx6ffd700][INF] LLOADER    lloader.c  365  from rom
[2016/05/20 00:52:29 182][Px17e7][Tx6ffd700][PRF] LLOADER    lloader.c  397  load ns cost 1 (ms)
[2016/05/20 00:52:29 183][Px17e7][Tx67fc700][TRC] LENGINE    leng_shell 481  lEngine_RegisterCallBack() [out] 0
[2016/05/20 00:52:29 183][Px17e7][Tx67fc700][TRC] LENGINE    leng_shell 351  lEngine_PostMessage(fc00ec60,307,2,) [in]
[2016/05/20 00:52:29 184][Px17e7][Tx67fc700][DBG] MSPTHREAD  MSPThreadP 733  POST l_engine_2:10:1:0
[2016/05/20 00:52:29 184][Px17e7][Tx67fc700][TRC] LENGINE    leng_shell 374  lEngine_PostMessage() [out] 0
[2016/05/20 00:52:29 185][Px17e7][Tx6ffd700][INF] LLOADER    lloader.c  327  load network
[2016/05/20 00:52:29 185][Px17e7][Tx6ffd700][INF] LLOADER    lloader.c  339  a intalled entry
[2016/05/20 00:52:29 186][Px17e7][Tx6ffd700][INF] LLOADER    lloader.c  365  from rom
[2016/05/20 00:52:29 186][Px17e7][Tx6ffd700][PRF] LLOADER    lloader.c  397  load network cost 3 (ms)
[2016/05/20 00:52:29 187][Px17e7][Tx6ffd700][TRC] LENGINE    luac_auth. 118  luac_auth_new enter
[2016/05/20 00:52:29 187][Px17e7][Tx67fc700][TRC] LMOD       luac_logge 170  [grm_lex:254:ISR_MSG_BUILDGRAMMAR ret =  0  ]
[2016/05/20 00:52:29 188][Px17e7][Tx67fc700][DBG] LENGINE    leng_rpc.c 527  luacRPCFuncProto_Invoke() [out] ret = 0
[2016/05/20 00:52:29 188][Px17e7][Tx6ffd700][TRC] LENGINE    luac_auth. 126  luac_auth_new leave
[2016/05/20 00:52:29 189][Px17e7][Tx6ffd700][DBG] LENGINE    leng_main. 263  precall return 0
[2016/05/20 00:52:29 189][Px17e7][Tx6ffd700][DBG] LENGINE    leng_main. 288  [local_build_67fb81867fb82038d5c3573ec23dd9cd410], ACTIVE
[2016/05/20 00:52:29 190][Px17e7][Tx6ffd700][DBG] LENGINE    leng_rpc.c 413  luacRPCFuncProto_Invoke(f8078610,fc00ec60) [in]
[2016/05/20 00:52:29 191][Px17e7][Tx6ffd700][TRC] LMOD       luac_logge 170  [isr_local:2145:os_type is:  Linux  ]
[2016/05/20 00:52:29 192][Px17e7][Tx6ffd700][TRC] LMOD       luac_logge 170  [isr_local:2154:SYS_MSG_LOAD_LOCAL  ]
[2016/05/20 00:52:29 193][Px17e7][Tx6ffd700][DBG] LENGINE    leng_rpc.c 527  luacRPCFuncProto_Invoke() [out] ret = 0
[2016/05/20 00:52:29 193][Px17e7][Tx6ffd700][DBG] LENGINE    leng_main. 312  [local_build_67fb81867fb82038d5c3573ec23dd9cd410], loaded
[2016/05/20 00:52:29 193][Px17e7][Tx6ffd700][DBG] LENGINE    leng_rpc.c 413  luacRPCFuncProto_Invoke(f803e310,fc00ec60) [in]
[2016/05/20 00:52:29 194][Px17e7][Tx6ffd700][TRC] LMOD       luac_logge 170  [isr_local:2183:SYS_MSG_REGCB_LOCAL| param0 =  msp_status_cb  ]
[2016/05/20 00:52:29 195][Px17e7][Tx6ffd700][INF] LMOD       luac_logge 172  [isr_local:2242:last gc at  1463730749  ]
[2016/05/20 00:52:29 196][Px17e7][Tx6ffd700][DBG] LENGINE    leng_rpc.c 527  luacRPCFuncProto_Invoke() [out] ret = 0
[2016/05/20 00:52:29 196][Px17e7][Tx6ffd700][DBG] LENGINE    leng_main. 345  lEngine_LoadEnv() [out] successfully
[2016/05/20 00:52:29 196][Px17e7][Tx6ffd700][DBG] LENGINE    leng_main. 567  local_build_67fb81867fb82038d5c3573ec23dd9cd410, eng = l_engine_2, env = fc00ec60, L = fc00ed70
[2016/05/20 00:52:29 197][Px17e7][Tx6ffd700][INF] LENGINE    leng_main. 568  l_engine_2 occupancy: 1 (33%)
[2016/05/20 00:52:29 197][Px17e7][Tx6ffd700][DBG] LENGINE    leng_main. 686  ENGINE_MSG_REGCB
[2016/05/20 00:52:29 197][Px17e7][Tx6ffd700][DBG] LENGINE    leng_main. 711  local_build_67fb81867fb82038d5c3573ec23dd9cd410 (build_grm_cb)
[2016/05/20 00:52:29 198][Px17e7][Tx6ffd700][DBG] LENGINE    leng_rpc.c 413  luacRPCFuncProto_Invoke(f803e4c0,fc00ec60) [in]
[2016/05/20 00:52:29 199][Px17e7][Tx6ffd700][TRC] LMOD       luac_logge 170  [isr_local:2183:SYS_MSG_REGCB_LOCAL| param0 =  build_grm_cb  ]
[2016/05/20 00:52:29 200][Px17e7][Tx6ffd700][INF] LMOD       luac_logge 172  [isr_local:2242:last gc at  1463730749  ]
[2016/05/20 00:52:29 201][Px17e7][Tx6ffd700][DBG] LENGINE    leng_rpc.c 527  luacRPCFuncProto_Invoke() [out] ret = 0
[2016/05/20 00:52:29 201][Px17e7][Tx6ffd700][DBG] LENGINE    leng_main. 513  ENGINE_MSG_RPC_ASYNC
[2016/05/20 00:52:29 201][Px17e7][Tx6ffd700][DBG] LENGINE    leng_main. 521  [local_build_67fb81867fb82038d5c3573ec23dd9cd410], stat = 1
[2016/05/20 00:52:29 202][Px17e7][Tx6ffd700][DBG] LENGINE    leng_rpc.c 413  luacRPCFuncProto_Invoke(fc0170d0,fc00ec60) [in]
[2016/05/20 00:52:29 202][Px17e7][Tx6ffd700][TRC] LMOD       luac_logge 170  [isr_local:2196:ASR_LOCAL_MSG_BUILD_GRM  ]
[2016/05/20 00:52:29 203][Px17e7][Tx6ffd700][TRC] LMOD       luac_logge 170  [isr_local:1838:grm_init | params:  engine_type = local, 		asr_res_path = fo|res/asr/common.jet, sample_rate = 16000, 		grm_build_path = res/asr/GrmBuilld,   ]
[2016/05/20 00:52:29 204][Px17e7][Tx6ffd700][TRC] LMOD       luac_logge 170  [isr_local:801:engine_type  :  local  ]
[2016/05/20 00:52:29 205][Px17e7][Tx6ffd700][TRC] LMOD       luac_logge 170  [isr_local:801:asr_res_path  :  fo|res/asr/common.jet  ]
[2016/05/20 00:52:29 206][Px17e7][Tx6ffd700][TRC] LMOD       luac_logge 170  [isr_local:801:sample_rate  :  16000  ]
[2016/05/20 00:52:29 207][Px17e7][Tx6ffd700][TRC] LMOD       luac_logge 170  [isr_local:801:grm_build_path  :  res/asr/GrmBuilld  ]
[2016/05/20 00:52:29 207][Px17e7][Tx6ffd700][TRC] LENGINE    aitalk.c   668  Grm_New(f803eee8, 2, f803ef38, 6ffc7fc) [in]
[2016/05/20 00:52:29 207][Px17e7][Tx6ffd700][TRC] LENGINE    aitalk.c   692  temp path is res/asr/GrmBuilld/temp/
[2016/05/20 00:52:29 209][Px17e7][Tx6ffd700][DBG] MSPTHREAD  MSPThreadP 733  POST grmWorker_build:1:1:0
[2016/05/20 00:52:29 210][Px17e7][Tx57fa700][DBG] MSPTHREAD  MSPThreadP 825  grmWorker_build IDLE
[2016/05/20 00:52:29 210][Px17e7][Tx6ffd700][TRC] LENGINE    aitalk.c   740  Grm_New(f803f030, 0) [out]
[2016/05/20 00:52:29 211][Px17e7][Tx57fa700][DBG] MSPTHREAD  MSPThreadP 867  grmWorker_build RUN <grmWorker_build>
[2016/05/20 00:52:29 212][Px17e7][Tx6ffd700][TRC] LMOD       luac_logge 170  [isr_local:998:file count =   1  ]
[2016/05/20 00:52:29 212][Px17e7][Tx6ffd700][TRC] LMOD       luac_logge 170  [isr_local:921:file open type is:   fo  ]
[2016/05/20 00:52:29 213][Px17e7][Tx6ffd700][TRC] LMOD       luac_logge 170  [isr_local:954:res/asr/common.jet  0  0  ]
[2016/05/20 00:52:29 214][Px17e7][Tx6ffd700][TRC] LMOD       luac_logge 170  [isr_local:1016:speech_plus_setting  0  ]
[2016/05/20 00:52:29 214][Px17e7][Tx6ffd700][TRC] LMOD       luac_logge 170  [isr_local:1029:2  nil  res/asr/common.jet  0  0  ]
[2016/05/20 00:52:29 215][Px17e7][Tx6ffd700][TRC] LENGINE    aitalk.c   123  Esr_ResCheck(2, 6ffc750) [in]
[2016/05/20 00:52:29 217][Px17e7][Tx6ffd700][TRC] LENGINE    aitalk.c   124  Esr_ResCheck(2, f8040aa8, 0, 0) [in]
[2016/05/20 00:52:29 218][Px17e7][Tx6ffd700][TRC] LENGINE    aitalk.c   200  Esr_ResCheck( 0) [out]
[2016/05/20 00:52:29 219][Px17e7][Tx6ffd700][TRC] LMOD       luac_logge 170  [isr_local:1031:res_ver  2  ]
[2016/05/20 00:52:29 220][Px17e7][Tx6ffd700][TRC] LMOD       luac_logge 170  [isr_local:1032:res 5  a67ec4631cc3043e4b7fce4a4b7234d9  ]
[2016/05/20 00:52:29 221][Px17e7][Tx6ffd700][TRC] LMOD       luac_logge 170  [isr_local:1033:res_new_old_mark  v5pp  ]
[2016/05/20 00:52:29 222][Px17e7][Tx6ffd700][TRC] LMOD       luac_logge 170  [isr_local:1034:res_usr_name    ]
[2016/05/20 00:52:29 223][Px17e7][Tx6ffd700][TRC] LMOD       luac_logge 170  [isr_local:1035:res_expires  1485072161  ]
[2016/05/20 00:52:29 223][Px17e7][Tx6ffd700][TRC] LMOD       luac_logge 170  [isr_local:1036:err  0  ]
[2016/05/20 00:52:29 224][Px17e7][Tx6ffd700][TRC] LMOD       luac_logge 170  [isr_local:1052:lgi appid 5  a67ec4631cc3043e4b7fce4a4b7234d9  ]
[2016/05/20 00:52:29 225][Px17e7][Tx6ffd700][TRC] LMOD       luac_logge 170  [isr_local:1067:now expires:  1463730749  1485072161  ]
[2016/05/20 00:52:29 226][Px17e7][Tx6ffd700][TRC] LENGINE    aitalk.c   1749 GetResFileInfoList_FO(f803f030, f8040aa8, 256, 0)
[2016/05/20 00:52:29 226][Px17e7][Tx6ffd700][TRC] LENGINE    aitalk.c   1627 GetResPathInfo [in]
[2016/05/20 00:52:29 227][Px17e7][Tx6ffd700][TRC] LENGINE    aitalk.c   1485 ParseHeaderInfo() [in]
[2016/05/20 00:52:29 227][Px17e7][Tx6ffd700][TRC] LENGINE    aitalk.c   1606 ParseHeaderInfo() [out]
[2016/05/20 00:52:29 228][Px17e7][Tx6ffd700][TRC] LENGINE    aitalk.c   1735 GetResPathInfo(ret=0) [out]
[2016/05/20 00:52:29 228][Px17e7][Tx6ffd700][TRC] LENGINE    aitalk.c   1788 GetResFileInfoList_FO(0)[out]
[2016/05/20 00:52:29 229][Px17e7][Tx6ffd700][TRC] LENGINE    aitalk.c   751  Grm_Create(f803f030, 160, f8009388) [in]
[2016/05/20 00:52:29 229][Px17e7][Tx6ffd700][DBG] MSPTHREAD  MSPThreadP 733  POST grmWorker_build:5:1:1
[2016/05/20 00:52:29 229][Px17e7][Tx6ffd700][TRC] LENGINE    aitalk.c   791  Grm_Create(0) [out]
[2016/05/20 00:52:29 231][Px17e7][Tx57fa700][TRC] LENGINE    aitalk.c   1088 CBOpenFile: open file name:grm.irf
[2016/05/20 00:52:29 231][Px17e7][Tx57fa700][TRC] LENGINE    aitalk.c   1880 GetResFileInfo(f803f030, grm.irf, 57f941c)[in]
[2016/05/20 00:52:29 232][Px17e7][Tx57fa700][TRC] LENGINE    aitalk.c   1901 GetResFileInfo | File[grm.irf] Found!
[2016/05/20 00:52:29 232][Px17e7][Tx57fa700][TRC] LENGINE    aitalk.c   1941 GetResFileInfo(0)[out]
[2016/05/20 00:52:29 233][Px17e7][Tx57fa700][TRC] LENGINE    aitalk.c   1975 CBOpenFile | res_file_info=f40011c0
[2016/05/20 00:52:29 233][Px17e7][Tx57fa700][TRC] LENGINE    aitalk.c   1982 CBOpenFile | type=2
[2016/05/20 00:52:29 233][Px17e7][Tx57fa700][TRC] LENGINE    aitalk.c   1985 CBOpenFile | ESR_FILE_OP_TYPE_FO : resource file name=res/asr/common.jet
[2016/05/20 00:52:29 234][Px17e7][Tx6ffd700][TRC] LENGINE    aitalk.c   835  Grm_BnfParser(f803f030, f8040c88, 229) [in]
[2016/05/20 00:52:29 234][Px17e7][Tx6ffd700][DBG] MSPTHREAD  MSPThreadP 733  POST grmWorker_build:6:1:0
[2016/05/20 00:52:29 235][Px17e7][Tx6ffd700][TRC] LENGINE    aitalk.c   875  Grm_BnfParser(0) [out]
[2016/05/20 00:52:29 235][Px17e7][Tx6ffd700][TRC] LENGINE    aitalk.c   885  Grm_BuildNetwork(f803f030, 0, 160) [in]
[2016/05/20 00:52:29 236][Px17e7][Tx6ffd700][DBG] MSPTHREAD  MSPThreadP 733  POST grmWorker_build:7:1:0
[2016/05/20 00:52:29 237][Px17e7][Tx6ffd700][TRC] LENGINE    aitalk.c   920  Grm_BuildNetwork(0) [out]
[2016/05/20 00:52:29 238][Px17e7][Tx57fa700][TRC] LENGINE    aitalk.c   1088 CBOpenFile: open file name:ivTable.irf
[2016/05/20 00:52:29 238][Px17e7][Tx57fa700][TRC] LENGINE    aitalk.c   1880 GetResFileInfo(f803f030, ivTable.irf, 57f952c)[in]
[2016/05/20 00:52:29 239][Px17e7][Tx57fa700][TRC] LENGINE    aitalk.c   1901 GetResFileInfo | File[ivTable.irf] Found!
[2016/05/20 00:52:29 239][Px17e7][Tx57fa700][TRC] LENGINE    aitalk.c   1941 GetResFileInfo(0)[out]
[2016/05/20 00:52:29 239][Px17e7][Tx57fa700][TRC] LENGINE    aitalk.c   1975 CBOpenFile | res_file_info=f4004200
[2016/05/20 00:52:29 240][Px17e7][Tx57fa700][TRC] LENGINE    aitalk.c   1982 CBOpenFile | type=2
[2016/05/20 00:52:29 240][Px17e7][Tx57fa700][TRC] LENGINE    aitalk.c   1985 CBOpenFile | ESR_FILE_OP_TYPE_FO : resource file name=res/asr/common.jet
[2016/05/20 00:52:29 241][Px17e7][Tx6ffd700][TRC] LMOD       luac_logge 170  [isr_local:1579:proc_retcode_grm | errorcode =  0  ]
[2016/05/20 00:52:29 241][Px17e7][Tx6ffd700][DBG] LENGINE    leng_rpc.c 527  luacRPCFuncProto_Invoke() [out] ret = 0
[2016/05/20 00:52:29 242][Px17e7][Tx57fa700][TRC] LENGINE    aitalk.c   1088 CBOpenFile: open file name:grm.irf
[2016/05/20 00:52:29 243][Px17e7][Tx57fa700][TRC] LENGINE    aitalk.c   1880 GetResFileInfo(f803f030, grm.irf, 57f936c)[in]
[2016/05/20 00:52:29 243][Px17e7][Tx57fa700][TRC] LENGINE    aitalk.c   1901 GetResFileInfo | File[grm.irf] Found!
[2016/05/20 00:52:29 243][Px17e7][Tx57fa700][TRC] LENGINE    aitalk.c   1941 GetResFileInfo(0)[out]
[2016/05/20 00:52:29 244][Px17e7][Tx57fa700][TRC] LENGINE    aitalk.c   1975 CBOpenFile | res_file_info=f40049b0
[2016/05/20 00:52:29 245][Px17e7][Tx57fa700][TRC] LENGINE    aitalk.c   1982 CBOpenFile | type=2
[2016/05/20 00:52:29 245][Px17e7][Tx57fa700][TRC] LENGINE    aitalk.c   1985 CBOpenFile | ESR_FILE_OP_TYPE_FO : resource file name=res/asr/common.jet
[2016/05/20 00:52:29 246][Px17e7][Tx57fa700][TRC] LENGINE    aitalk.c   1088 CBOpenFile: open file name:bzvskdaa.d
[2016/05/20 00:52:29 252][Px17e7][Tx57fa700][TRC] LENGINE    aitalk.c   1088 CBOpenFile: open file name:yzwxomga.d
[2016/05/20 00:52:29 254][Px17e7][Tx57fa700][TRC] LENGINE    aitalk.c   1088 CBOpenFile: open file name:uikawbda.d
[2016/05/20 00:52:29 256][Px17e7][Tx57fa700][TRC] LENGINE    aitalk.c   1088 CBOpenFile: open file name:cmd.g
[2016/05/20 00:52:29 258][Px17e7][Tx57fa700][TRC] LENGINE    aitalk.c   1088 CBOpenFile: open file name:cmd.g
[2016/05/20 00:52:29 274][Px17e7][Tx57fa700][TRC] LENGINE    aitalk.c   1088 CBOpenFile: open file name:cmd.g
[2016/05/20 00:52:29 276][Px17e7][Tx57fa700][TRC] LENGINE    aitalk.c   1088 CBOpenFile: open file name:ivHmmRes_16K.irf
[2016/05/20 00:52:29 277][Px17e7][Tx57fa700][TRC] LENGINE    aitalk.c   1880 GetResFileInfo(f803f030, ivHmmRes_16K.irf, 57f918c)[in]
[2016/05/20 00:52:29 277][Px17e7][Tx57fa700][TRC] LENGINE    aitalk.c   1901 GetResFileInfo | File[ivHmmRes_16K.irf] Found!
[2016/05/20 00:52:29 277][Px17e7][Tx57fa700][TRC] LENGINE    aitalk.c   1941 GetResFileInfo(0)[out]
[2016/05/20 00:52:29 278][Px17e7][Tx57fa700][TRC] LENGINE    aitalk.c   1975 CBOpenFile | res_file_info=f4010f30
[2016/05/20 00:52:29 278][Px17e7][Tx57fa700][TRC] LENGINE    aitalk.c   1982 CBOpenFile | type=2
[2016/05/20 00:52:29 278][Px17e7][Tx57fa700][TRC] LENGINE    aitalk.c   1985 CBOpenFile | ESR_FILE_OP_TYPE_FO : resource file name=res/asr/common.jet
[2016/05/20 00:52:29 287][Px17e7][Tx57fa700][TRC] LENGINE    aitalk.c   1088 CBOpenFile: open file name:cmd_16K
[2016/05/20 00:52:29 289][Px17e7][Tx57fa700][DBG] MSPTHREAD  MSPThreadP 733  POST l_engine_2:10:1:1
[2016/05/20 00:52:29 290][Px17e7][Tx6ffd700][DBG] LENGINE    leng_main. 513  ENGINE_MSG_RPC_ASYNC
[2016/05/20 00:52:29 291][Px17e7][Tx6ffd700][DBG] LENGINE    leng_main. 521  [local_build_67fb81867fb82038d5c3573ec23dd9cd410], stat = 1
[2016/05/20 00:52:29 291][Px17e7][Tx6ffd700][DBG] LENGINE    leng_rpc.c 413  luacRPCFuncProto_Invoke(f40047b0,fc00ec60) [in]
[2016/05/20 00:52:29 292][Px17e7][Tx6ffd700][TRC] LMOD       luac_logge 170  [isr_local:1956:grammar id:cmd  ]
[2016/05/20 00:52:29 294][Px17e7][Tx6ffd700][TRC] LMOD       luac_logge 170  [isr_local:1571:onGrmLocalServiceCb  0  cmd  ]
[2016/05/20 00:52:29 295][Px17e7][Tx6ffd700][DBG] MSPTHREAD  MSPThreadP 733  POST l_engine_3:10:1:1
[2016/05/20 00:52:29 295][Px17e7][Tx6ffd700][PRF] LENGINE    leng_main. 189  callc(build_grm_cb) cost 0 ms
[2016/05/20 00:52:29 295][Px17e7][Tx6ffd700][TRC] LENGINE    aitalk.c   799  Grm_Destroy(f803f030) [in]
[2016/05/20 00:52:29 296][Px17e7][Tx6ffd700][DBG] MSPTHREAD  MSPThreadP 733  POST grmWorker_build:11:1:1
[2016/05/20 00:52:29 296][Px17e7][Tx6ffd700][DBG] MSPTHREAD  MSPThreadP 733  POST grmWorker_build:2:1:0
[2016/05/20 00:52:29 298][Px17e7][Tx67fc700][DBG] LENGINE    leng_main. 513  ENGINE_MSG_RPC_ASYNC
[2016/05/20 00:52:29 298][Px17e7][Tx67fc700][DBG] LENGINE    leng_main. 521  [local_grm], stat = 1
[2016/05/20 00:52:29 298][Px17e7][Tx67fc700][DBG] LENGINE    leng_rpc.c 413  luacRPCFuncProto_Invoke(f8040d80,20bd020) [in]
[2016/05/20 00:52:29 299][Px17e7][Tx57fa700][TRC] LENGINE    aitalk.c   2173 AITALK GRM_WORKER EXIT
[2016/05/20 00:52:29 300][Px17e7][Tx67fc700][TRC] LMOD       luac_logge 170  [grm_lex:71:0  cmd  ]
[2016/05/20 00:52:29 300][Px17e7][Tx67fc700][TRC] QISR       qisr.c     860  grmMessageCallBackC| enter
[2016/05/20 00:52:29 301][Px17e7][Tx67fc700][TRC] QISR       qisr.c     891  grmMessageCallBackC| leave
[2016/05/20 00:52:29 301][Px17e7][Tx67fc700][PRF] LENGINE    leng_main. 189  callc(grmMessageCallBackC) cost 1 ms
[2016/05/20 00:52:29 301][Px17e7][Tx67fc700][TRC] LENGINE    leng_shell 512  lEngine_Exit(20bd020) [in]
[2016/05/20 00:52:29 302][Px17e7][Tx67fc700][DBG] LENGINE    leng_shell 516  [local_grm] dying...
[2016/05/20 00:52:29 303][Px17e7][Tx67fc700][DBG] MSPTHREAD  MSPThreadP 733  POST l_engine_3:9:1:0
[2016/05/20 00:52:29 303][Px17e7][Tx67fc700][TRC] LENGINE    leng_shell 549  lEngine_Exit() [out] 0
[2016/05/20 00:52:29 304][Px17e7][Tx67fc700][DBG] LENGINE    leng_rpc.c 527  luacRPCFuncProto_Invoke() [out] ret = 0
[2016/05/20 00:52:29 304][Px17e7][Tx67fc700][DBG] LENGINE    leng_main. 647  ENGINE_MSG_STOP
[2016/05/20 00:52:29 305][Px17e7][Tx67fc700][DBG] LENGINE    leng_main. 667  [local_grm] bg, unload directly!
[2016/05/20 00:52:29 305][Px17e7][Tx67fc700][INF] LENGINE    leng_main. 672  l_engine_3 occupancy: 0 (0%)
[2016/05/20 00:52:29 305][Px17e7][Tx57fa700][DBG] MSPTHREAD  MSPThreadP 871  grmWorker_build END <grmWorker_build>
[2016/05/20 00:52:29 306][Px17e7][Tx6ffd700][TRC] LENGINE    aitalk.c   824  Grm_Destroy(f803f030, 0) [out]
[2016/05/20 00:52:29 306][Px17e7][Tx6ffd700][TRC] LENGINE    leng_shell 512  lEngine_Exit(fc00ec60) [in]
[2016/05/20 00:52:29 307][Px17e7][Tx6ffd700][DBG] LENGINE    leng_shell 516  [local_build_67fb81867fb82038d5c3573ec23dd9cd410] dying...
[2016/05/20 00:52:29 308][Px17e7][Tx6ffd700][DBG] MSPTHREAD  MSPThreadP 733  POST l_engine_2:9:1:0
[2016/05/20 00:52:29 309][Px17e7][Tx6ffd700][TRC] LENGINE    leng_shell 549  lEngine_Exit() [out] 0
[2016/05/20 00:52:29 309][Px17e7][Tx6ffd700][DBG] LENGINE    leng_rpc.c 527  luacRPCFuncProto_Invoke() [out] ret = 0
[2016/05/20 00:52:29 310][Px17e7][Tx6ffd700][DBG] LENGINE    leng_main. 647  ENGINE_MSG_STOP
[2016/05/20 00:52:29 310][Px17e7][Tx6ffd700][DBG] LENGINE    leng_main. 667  [local_build_67fb81867fb82038d5c3573ec23dd9cd410] bg, unload directly!
[2016/05/20 00:52:29 312][Px17e7][Tx6ffd700][INF] LENGINE    leng_main. 672  l_engine_2 occupancy: 0 (0%)
[2016/05/20 00:52:29 313][Px17e7][Tx57fa700][DBG] MSPTHREAD  MSPThreadP 894  grmWorker_build IDLE
[2016/05/20 00:52:43 630][Px17e7][Txe08b700][TRC] QISR       qisr.c     189  QISRSessionBegin(0,20bc3b0,6b561a8) [in]
[2016/05/20 00:52:43 633][Px17e7][Txe08b700][TRC] MSPCMN     msp_cmn.c  2610 MSPGetParam(db22a08, 6b560e0, 6b560d8) [in]
[2016/05/20 00:52:43 634][Px17e7][Txe08b700][TRC] MSPCMN     msp_cmn.c  2626 MSPGetParam() [out] -1
[2016/05/20 00:52:43 634][Px17e7][Txe08b700][TRC] LENGINE    leng_shell 109  lEngine_Start(db9050b,20bd020,1,) [in]
[2016/05/20 00:52:43 635][Px17e7][Txe08b700][INF] LLOADER    lloader.c  327  load isr
[2016/05/20 00:52:43 635][Px17e7][Txe08b700][INF] LLOADER    lloader.c  339  a intalled entry
[2016/05/20 00:52:43 635][Px17e7][Txe08b700][INF] LLOADER    lloader.c  365  from rom
[2016/05/20 00:52:43 636][Px17e7][Txe08b700][PRF] LLOADER    lloader.c  397  load isr cost 1 (ms)
[2016/05/20 00:52:43 637][Px17e7][Txe08b700][DBG] LENGINE    leng_shell 193  env=20bd860,isr,cisr1PdHHBHy5+WCkEgpaawnS0ny0gzWl+
[2016/05/20 00:52:43 637][Px17e7][Txe08b700][DBG] MSPTHREAD  MSPThreadP 733  POST l_engine_3:6:1:1
[2016/05/20 00:52:43 638][Px17e7][Tx67fc700][DBG] LENGINE    leng_main. 561  ENGINE_MSG_LOAD
[2016/05/20 00:52:43 638][Px17e7][Tx67fc700][DBG] LENGINE    leng_main. 209  lEngine_LoadEnv(de833a0,20bd860) [in]
[2016/05/20 00:52:43 639][Px17e7][Txe08b700][TRC] LENGINE    leng_shell 264  lEngine_Start() [out] 0
[2016/05/20 00:52:43 640][Px17e7][Txe08b700][TRC] LENGINE    leng_shell 385  lEngine_SendMessage(20bd860,1,2,,,) [in]
[2016/05/20 00:52:43 640][Px17e7][Tx67fc700][INF] LLOADER    lloader.c  327  load ecode
[2016/05/20 00:52:43 641][Px17e7][Tx67fc700][INF] LLOADER    lloader.c  339  a intalled entry
[2016/05/20 00:52:43 641][Px17e7][Tx67fc700][INF] LLOADER    lloader.c  365  from rom
[2016/05/20 00:52:43 641][Px17e7][Tx67fc700][PRF] LLOADER    lloader.c  397  load ecode cost 1 (ms)
[2016/05/20 00:52:43 642][Px17e7][Tx67fc700][DBG] LENGINE    leng_main. 263  precall return 0
[2016/05/20 00:52:43 644][Px17e7][Tx67fc700][DBG] LENGINE    leng_main. 288  [cisr1PdHHBHy5+WCkEgpaawnS0ny0gzWl+], ACTIVE
[2016/05/20 00:52:43 644][Px17e7][Tx67fc700][DBG] LENGINE    leng_rpc.c 413  luacRPCFuncProto_Invoke(fc0255b0,20bd860) [in]
[2016/05/20 00:52:43 646][Px17e7][Txe08b700][DBG] MSPTHREAD  MSPThreadP 733  POST l_engine_3:11:1:0
[2016/05/20 00:52:43 650][Px17e7][Tx67fc700][TRC] LMOD       luac_logge 170  [isr:1641:isr loaded!  ]
[2016/05/20 00:52:43 651][Px17e7][Tx67fc700][DBG] LENGINE    leng_rpc.c 527  luacRPCFuncProto_Invoke() [out] ret = 0
[2016/05/20 00:52:43 651][Px17e7][Tx67fc700][DBG] LENGINE    leng_main. 312  [cisr1PdHHBHy5+WCkEgpaawnS0ny0gzWl+], loaded
[2016/05/20 00:52:43 651][Px17e7][Tx67fc700][DBG] LENGINE    leng_rpc.c 413  luacRPCFuncProto_Invoke(fc025a80,20bd860) [in]
[2016/05/20 00:52:43 652][Px17e7][Tx67fc700][TRC] LMOD       luac_logge 170  [isr:1624:SYS_MSG_REGCB param0 =   msp_status_cb  param1 =   func(fc0255f0) ]
[2016/05/20 00:52:43 652][Px17e7][Tx67fc700][DBG] LENGINE    leng_rpc.c 527  luacRPCFuncProto_Invoke() [out] ret = 0
[2016/05/20 00:52:43 653][Px17e7][Tx67fc700][DBG] LENGINE    leng_main. 345  lEngine_LoadEnv() [out] successfully
[2016/05/20 00:52:43 653][Px17e7][Tx67fc700][DBG] LENGINE    leng_main. 567  cisr1PdHHBHy5+WCkEgpaawnS0ny0gzWl+, eng = l_engine_3, env = 20bd860, L = 20b59f0
[2016/05/20 00:52:43 653][Px17e7][Tx67fc700][INF] LENGINE    leng_main. 568  l_engine_3 occupancy: 1 (33%)
[2016/05/20 00:52:43 654][Px17e7][Tx67fc700][DBG] LENGINE    leng_main. 535  ENGINE_MSG_RPC_SYNC
[2016/05/20 00:52:43 654][Px17e7][Tx67fc700][DBG] LENGINE    leng_main. 543  [cisr1PdHHBHy5+WCkEgpaawnS0ny0gzWl+], stat = 1
[2016/05/20 00:52:43 654][Px17e7][Tx67fc700][DBG] LENGINE    leng_rpc.c 413  luacRPCFuncProto_Invoke(20bdf00,20bd860) [in]
[2016/05/20 00:52:43 655][Px17e7][Tx67fc700][TRC] LMOD       luac_logge 170  [isr:1525:ASR_MSG_SSB  ]
[2016/05/20 00:52:43 655][Px17e7][Tx67fc700][TRC] LMOD       luac_logge 170  [isr:1070:session_begin() [in], params:   engine_type = local, asr_res_path = fo|res/asr/common.jet, sample_rate = 16000, grm_build_path = res/asr/GrmBuilld, local_grammar = cmd, result_type = xml, result_encoding = UTF-8, ˆ‘èQ  nil  ]
[2016/05/20 00:52:43 656][Px17e7][Tx67fc700][TRC] LMOD       luac_logge 170  [isr:938:vad_set [in]  ]
[2016/05/20 00:52:43 657][Px17e7][Tx67fc700][TRC] LMOD       luac_logge 170  [isr:973:vad_enable :  true  ]
[2016/05/20 00:52:43 658][Px17e7][Tx67fc700][TRC] LMOD       luac_logge 170  [isr:991:vad_bos :  10000  ]
[2016/05/20 00:52:43 658][Px17e7][Tx67fc700][TRC] LMOD       luac_logge 170  [isr:992:vad_eos :  2000  ]
[2016/05/20 00:52:43 659][Px17e7][Tx67fc700][TRC] LMOD       luac_logge 170  [isr:897:enable_vad [in]  ]
[2016/05/20 00:52:43 659][Px17e7][Tx67fc700][TRC] AUDIOCODEC audio_code 521  audioEncoder_New(fc010668, 0) [in]
[2016/05/20 00:52:43 659][Px17e7][Tx67fc700][INF] AUDIOCODEC audio_code 527  codecsType = 114
[2016/05/20 00:52:43 660][Px17e7][Tx67fc700][DBG] MSPTHREAD  MSPThreadP 733  POST grmWorker_build:1:1:1
[2016/05/20 00:52:43 660][Px17e7][Tx57fa700][DBG] MSPTHREAD  MSPThreadP 867  grmWorker_build RUN <audioEncoder>
[2016/05/20 00:52:43 660][Px17e7][Tx67fc700][TRC] AUDIOCODEC audio_code 847  audioEncoder_EnableVAD() [in]
[2016/05/20 00:52:43 661][Px17e7][Tx67fc700][DBG] AUDIOCODEC audio_code 854  iFlyFixFrontVersion = 1.0.1013
[2016/05/20 00:52:43 661][Px17e7][Tx67fc700][DBG] AUDIOCODEC audio_code 856  iFlyFixFrontCreate() ret=0
[2016/05/20 00:52:43 661][Px17e7][Tx67fc700][TRC] AUDIOCODEC audio_code 874  audioEncoder_SetVADParam(, 0, 10000) [in]
[2016/05/20 00:52:43 662][Px17e7][Tx67fc700][TRC] AUDIOCODEC audio_code 874  audioEncoder_SetVADParam(, 1, 2000) [in]
[2016/05/20 00:52:43 662][Px17e7][Tx67fc700][TRC] AUDIOCODEC audio_code 874  audioEncoder_SetVADParam(, 5, 0) [in]
[2016/05/20 00:52:43 663][Px17e7][Tx67fc700][TRC] LMOD       luac_logge 170  [isr:929:vad enabled!  2000  10000  ]
[2016/05/20 00:52:43 663][Px17e7][Tx67fc700][TRC] LMOD       luac_logge 170  [isr:932:enable_vad [out]  ]
[2016/05/20 00:52:43 664][Px17e7][Tx67fc700][TRC] LMOD       luac_logge 170  [isr:998:vad_set [out] | ret =  0  ]
[2016/05/20 00:52:43 664][Px17e7][Tx67fc700][TRC] LMOD       luac_logge 170  [isr:1174:cur_engine_type =   local  ]
[2016/05/20 00:52:43 665][Px17e7][Tx67fc700][TRC] LMOD       luac_logge 170  [isr:1003:local_session_begin  ]
[2016/05/20 00:52:43 665][Px17e7][Tx67fc700][TRC] LENGINE    leng_shell 109  lEngine_Start(fc005ea8,fc005ea8,0,) [in]
[2016/05/20 00:52:43 665][Px17e7][Tx67fc700][INF] LLOADER    lloader.c  327  load isr_local
[2016/05/20 00:52:43 666][Px17e7][Tx67fc700][INF] LLOADER    lloader.c  339  a intalled entry
[2016/05/20 00:52:43 666][Px17e7][Tx67fc700][INF] LLOADER    lloader.c  365  from rom
[2016/05/20 00:52:43 666][Px17e7][Tx67fc700][PRF] LLOADER    lloader.c  397  load isr_local cost 0 (ms)
[2016/05/20 00:52:43 667][Px17e7][Tx67fc700][DBG] LENGINE    leng_shell 193  env=fc26dea0,isr_local,isr_local
[2016/05/20 00:52:43 667][Px17e7][Tx67fc700][DBG] MSPTHREAD  MSPThreadP 733  POST l_engine_2:6:1:1
[2016/05/20 00:52:43 667][Px17e7][Tx6ffd700][DBG] LENGINE    leng_main. 561  ENGINE_MSG_LOAD
[2016/05/20 00:52:43 668][Px17e7][Tx6ffd700][DBG] LENGINE    leng_main. 209  lEngine_LoadEnv(de83360,fc26dea0) [in]
[2016/05/20 00:52:43 669][Px17e7][Tx6ffd700][INF] LLOADER    lloader.c  327  load ecode
[2016/05/20 00:52:43 669][Px17e7][Tx6ffd700][INF] LLOADER    lloader.c  339  a intalled entry
[2016/05/20 00:52:43 669][Px17e7][Tx6ffd700][INF] LLOADER    lloader.c  365  from rom
[2016/05/20 00:52:43 670][Px17e7][Tx6ffd700][PRF] LLOADER    lloader.c  397  load ecode cost 1 (ms)
[2016/05/20 00:52:43 670][Px17e7][Tx6ffd700][INF] LLOADER    lloader.c  327  load dkjson
[2016/05/20 00:52:43 670][Px17e7][Tx6ffd700][INF] LLOADER    lloader.c  339  a intalled entry
[2016/05/20 00:52:43 670][Px17e7][Tx6ffd700][INF] LLOADER    lloader.c  365  from rom
[2016/05/20 00:52:43 671][Px17e7][Tx6ffd700][PRF] LLOADER    lloader.c  397  load dkjson cost 1 (ms)
[2016/05/20 00:52:43 671][Px17e7][Tx6ffd700][INF] LLOADER    lloader.c  327  load debug
[2016/05/20 00:52:43 671][Px17e7][Tx6ffd700][INF] LLOADER    lloader.c  339  a intalled entry
[2016/05/20 00:52:43 672][Px17e7][Tx6ffd700][INF] LLOADER    lloader.c  365  from rom
[2016/05/20 00:52:43 672][Px17e7][Tx6ffd700][PRF] LLOADER    lloader.c  397  load debug cost 1 (ms)
[2016/05/20 00:52:43 672][Px17e7][Tx6ffd700][INF] LLOADER    lloader.c  327  load auth
[2016/05/20 00:52:43 673][Px17e7][Tx6ffd700][INF] LLOADER    lloader.c  339  a intalled entry
[2016/05/20 00:52:43 673][Px17e7][Tx6ffd700][INF] LLOADER    lloader.c  365  from rom
[2016/05/20 00:52:43 673][Px17e7][Tx6ffd700][PRF] LLOADER    lloader.c  397  load auth cost 0 (ms)
[2016/05/20 00:52:43 674][Px17e7][Tx67fc700][TRC] LENGINE    leng_shell 264  lEngine_Start() [out] 0
[2016/05/20 00:52:43 674][Px17e7][Tx67fc700][TRC] LENGINE    leng_shell 444  lEngine_RegisterCallBack(fc26dea0,fc011b98,d9cbc30,67fb780,) [in]
[2016/05/20 00:52:43 675][Px17e7][Tx67fc700][DBG] MSPTHREAD  MSPThreadP 733  POST l_engine_2:8:1:0
[2016/05/20 00:52:43 675][Px17e7][Tx67fc700][TRC] LENGINE    leng_shell 481  lEngine_RegisterCallBack() [out] 0
[2016/05/20 00:52:43 675][Px17e7][Tx67fc700][TRC] LENGINE    leng_shell 351  lEngine_PostMessage(fc26dea0,302,2,) [in]
[2016/05/20 00:52:43 676][Px17e7][Tx67fc700][DBG] MSPTHREAD  MSPThreadP 733  POST l_engine_2:10:1:0
[2016/05/20 00:52:43 676][Px17e7][Tx67fc700][TRC] LENGINE    leng_shell 374  lEngine_PostMessage() [out] 0
[2016/05/20 00:52:43 676][Px17e7][Tx67fc700][DBG] LENGINE    leng_rpc.c 527  luacRPCFuncProto_Invoke() [out] ret = 0
[2016/05/20 00:52:43 676][Px17e7][Tx6ffd700][TRC] LENGINE    luac_auth. 106  luac_loadluacAuth enter
[2016/05/20 00:52:43 677][Px17e7][Tx6ffd700][TRC] LENGINE    luac_auth. 91   luac_openluacAuth enter
[2016/05/20 00:52:43 677][Px17e7][Tx6ffd700][TRC] LENGINE    luac_auth. 99   luac_openluacAuth leave
[2016/05/20 00:52:43 678][Px17e7][Tx6ffd700][TRC] LENGINE    luac_auth. 109  luac_loadluacAuth leave
[2016/05/20 00:52:43 678][Px17e7][Tx6ffd700][INF] LLOADER    lloader.c  327  load config
[2016/05/20 00:52:43 678][Px17e7][Tx6ffd700][INF] LLOADER    lloader.c  339  a intalled entry
[2016/05/20 00:52:43 678][Px17e7][Tx6ffd700][INF] LLOADER    lloader.c  365  from rom
[2016/05/20 00:52:43 679][Px17e7][Tx6ffd700][PRF] LLOADER    lloader.c  397  load config cost 1 (ms)
[2016/05/20 00:52:43 679][Px17e7][Tx6ffd700][INF] LMOD       luac_logge 172  [config:42:use general cloud  ]
[2016/05/20 00:52:43 680][Px17e7][Tx6ffd700][INF] LLOADER    lloader.c  327  load update
[2016/05/20 00:52:43 680][Px17e7][Tx6ffd700][INF] LLOADER    lloader.c  339  a intalled entry
[2016/05/20 00:52:43 680][Px17e7][Tx6ffd700][INF] LLOADER    lloader.c  365  from rom
[2016/05/20 00:52:43 681][Px17e7][Tx6ffd700][PRF] LLOADER    lloader.c  397  load update cost 1 (ms)
[2016/05/20 00:52:43 681][Px17e7][Tx6ffd700][INF] LLOADER    lloader.c  327  load transport
[2016/05/20 00:52:43 681][Px17e7][Tx6ffd700][INF] LLOADER    lloader.c  339  a intalled entry
[2016/05/20 00:52:43 681][Px17e7][Tx6ffd700][INF] LLOADER    lloader.c  365  from rom
[2016/05/20 00:52:43 682][Px17e7][Tx6ffd700][PRF] LLOADER    lloader.c  397  load transport cost 1 (ms)
[2016/05/20 00:52:43 683][Px17e7][Tx6ffd700][INF] LLOADER    lloader.c  327  load ns
[2016/05/20 00:52:43 683][Px17e7][Tx6ffd700][INF] LLOADER    lloader.c  339  a intalled entry
[2016/05/20 00:52:43 683][Px17e7][Tx6ffd700][INF] LLOADER    lloader.c  365  from rom
[2016/05/20 00:52:43 683][Px17e7][Tx6ffd700][PRF] LLOADER    lloader.c  397  load ns cost 1 (ms)
[2016/05/20 00:52:43 684][Px17e7][Txe08b700][TRC] LENGINE    leng_shell 428  lEngine_SendMessage() [out] 0
[2016/05/20 00:52:43 684][Px17e7][Txe08b700][TRC] QISR       qisr.c     254  QISRSessionBegin() [out] 0
[2016/05/20 00:52:43 685][Px17e7][Txe08b700][TRC] QISR       qisr.c     307  QISRAudioWrite(20bd020,20e18f0,6400,1,,) [in]
[2016/05/20 00:52:43 685][Px17e7][Txe08b700][TRC] QISR       qisr.c     313  QISRAudioWrite session addr:(20bd020)
[2016/05/20 00:52:43 685][Px17e7][Txe08b700][TRC] LENGINE    leng_shell 351  lEngine_PostMessage(20bd860,2,2,) [in]
[2016/05/20 00:52:43 686][Px17e7][Txe08b700][DBG] MSPTHREAD  MSPThreadP 733  POST l_engine_3:10:1:1
[2016/05/20 00:52:43 686][Px17e7][Txe08b700][TRC] LENGINE    leng_shell 374  lEngine_PostMessage() [out] 0
[2016/05/20 00:52:43 686][Px17e7][Txe08b700][TRC] QISR       qisr.c     370  QISRAudioWrite() [out] 0
[2016/05/20 00:52:43 687][Px17e7][Txe08b700][TRC] QISR       qisr.c     307  QISRAudioWrite(20bd020,20e31f0,6400,2,,) [in]
[2016/05/20 00:52:43 687][Px17e7][Txe08b700][TRC] QISR       qisr.c     313  QISRAudioWrite session addr:(20bd020)
[2016/05/20 00:52:43 687][Px17e7][Txe08b700][TRC] LENGINE    leng_shell 351  lEngine_PostMessage(20bd860,2,2,) [in]
[2016/05/20 00:52:43 687][Px17e7][Txe08b700][DBG] MSPTHREAD  MSPThreadP 733  POST l_engine_3:10:1:0
[2016/05/20 00:52:43 688][Px17e7][Txe08b700][TRC] LENGINE    leng_shell 374  lEngine_PostMessage() [out] 0
[2016/05/20 00:52:43 688][Px17e7][Txe08b700][TRC] QISR       qisr.c     370  QISRAudioWrite() [out] 0
[2016/05/20 00:52:43 688][Px17e7][Txe08b700][TRC] QISR       qisr.c     307  QISRAudioWrite(20bd020,20e4af0,6400,2,,) [in]
[2016/05/20 00:52:43 689][Px17e7][Txe08b700][TRC] QISR       qisr.c     313  QISRAudioWrite session addr:(20bd020)
[2016/05/20 00:52:43 689][Px17e7][Txe08b700][TRC] LENGINE    leng_shell 351  lEngine_PostMessage(20bd860,2,2,) [in]
[2016/05/20 00:52:43 689][Px17e7][Txe08b700][DBG] MSPTHREAD  MSPThreadP 733  POST l_engine_3:10:2:0
[2016/05/20 00:52:43 689][Px17e7][Txe08b700][TRC] LENGINE    leng_shell 374  lEngine_PostMessage() [out] 0
[2016/05/20 00:52:43 690][Px17e7][Txe08b700][TRC] QISR       qisr.c     370  QISRAudioWrite() [out] 0
[2016/05/20 00:52:43 690][Px17e7][Txe08b700][TRC] QISR       qisr.c     307  QISRAudioWrite(20bd020,20e63f0,6400,2,,) [in]
[2016/05/20 00:52:43 690][Px17e7][Txe08b700][TRC] QISR       qisr.c     313  QISRAudioWrite session addr:(20bd020)
[2016/05/20 00:52:43 690][Px17e7][Txe08b700][TRC] LENGINE    leng_shell 351  lEngine_PostMessage(20bd860,2,2,) [in]
[2016/05/20 00:52:43 691][Px17e7][Txe08b700][DBG] MSPTHREAD  MSPThreadP 733  POST l_engine_3:10:3:0
[2016/05/20 00:52:43 691][Px17e7][Txe08b700][TRC] LENGINE    leng_shell 374  lEngine_PostMessage() [out] 0
[2016/05/20 00:52:43 692][Px17e7][Txe08b700][TRC] QISR       qisr.c     370  QISRAudioWrite() [out] 0
[2016/05/20 00:52:43 692][Px17e7][Txe08b700][TRC] QISR       qisr.c     307  QISRAudioWrite(20bd020,20e7cf0,6400,2,,) [in]
[2016/05/20 00:52:43 692][Px17e7][Txe08b700][TRC] QISR       qisr.c     313  QISRAudioWrite session addr:(20bd020)
[2016/05/20 00:52:43 693][Px17e7][Txe08b700][TRC] LENGINE    leng_shell 351  lEngine_PostMessage(20bd860,2,2,) [in]
[2016/05/20 00:52:43 693][Px17e7][Txe08b700][DBG] MSPTHREAD  MSPThreadP 733  POST l_engine_3:10:4:0
[2016/05/20 00:52:43 693][Px17e7][Txe08b700][TRC] LENGINE    leng_shell 374  lEngine_PostMessage() [out] 0
[2016/05/20 00:52:43 694][Px17e7][Txe08b700][TRC] QISR       qisr.c     370  QISRAudioWrite() [out] 0
[2016/05/20 00:52:43 694][Px17e7][Txe08b700][TRC] QISR       qisr.c     307  QISRAudioWrite(20bd020,20e95f0,6400,2,,) [in]
[2016/05/20 00:52:43 694][Px17e7][Txe08b700][TRC] QISR       qisr.c     313  QISRAudioWrite session addr:(20bd020)
[2016/05/20 00:52:43 696][Px17e7][Txe08b700][TRC] LENGINE    leng_shell 351  lEngine_PostMessage(20bd860,2,2,) [in]
[2016/05/20 00:52:43 697][Px17e7][Txe08b700][DBG] MSPTHREAD  MSPThreadP 733  POST l_engine_3:10:5:0
[2016/05/20 00:52:43 697][Px17e7][Txe08b700][TRC] LENGINE    leng_shell 374  lEngine_PostMessage() [out] 0
[2016/05/20 00:52:43 698][Px17e7][Txe08b700][TRC] QISR       qisr.c     370  QISRAudioWrite() [out] 0
[2016/05/20 00:52:43 698][Px17e7][Txe08b700][TRC] QISR       qisr.c     307  QISRAudioWrite(20bd020,20eaef0,6400,2,,) [in]
[2016/05/20 00:52:43 699][Px17e7][Txe08b700][TRC] QISR       qisr.c     313  QISRAudioWrite session addr:(20bd020)
[2016/05/20 00:52:43 700][Px17e7][Txe08b700][TRC] LENGINE    leng_shell 351  lEngine_PostMessage(20bd860,2,2,) [in]
[2016/05/20 00:52:43 701][Px17e7][Txe08b700][DBG] MSPTHREAD  MSPThreadP 733  POST l_engine_3:10:6:0
[2016/05/20 00:52:43 701][Px17e7][Txe08b700][TRC] LENGINE    leng_shell 374  lEngine_PostMessage() [out] 0
[2016/05/20 00:52:43 702][Px17e7][Tx67fc700][DBG] LENGINE    leng_main. 513  ENGINE_MSG_RPC_ASYNC
[2016/05/20 00:52:43 702][Px17e7][Tx67fc700][DBG] LENGINE    leng_main. 521  [cisr1PdHHBHy5+WCkEgpaawnS0ny0gzWl+], stat = 1
[2016/05/20 00:52:43 702][Px17e7][Tx67fc700][DBG] LENGINE    leng_rpc.c 413  luacRPCFuncProto_Invoke(20bdf00,20bd860) [in]
[2016/05/20 00:52:43 703][Px17e7][Tx6ffd700][INF] LLOADER    lloader.c  327  load network
[2016/05/20 00:52:43 703][Px17e7][Tx6ffd700][INF] LLOADER    lloader.c  339  a intalled entry
[2016/05/20 00:52:43 704][Px17e7][Tx6ffd700][INF] LLOADER    lloader.c  365  from rom
[2016/05/20 00:52:43 704][Px17e7][Tx6ffd700][PRF] LLOADER    lloader.c  397  load network cost 20 (ms)
[2016/05/20 00:52:43 705][Px17e7][Tx6ffd700][TRC] LENGINE    luac_auth. 118  luac_auth_new enter
[2016/05/20 00:52:43 705][Px17e7][Tx6ffd700][TRC] LENGINE    luac_auth. 126  luac_auth_new leave
[2016/05/20 00:52:43 705][Px17e7][Tx6ffd700][DBG] LENGINE    leng_main. 263  precall return 0
[2016/05/20 00:52:43 706][Px17e7][Tx6ffd700][DBG] LENGINE    leng_main. 288  [isr_local], ACTIVE
[2016/05/20 00:52:43 706][Px17e7][Tx67fc700][TRC] LMOD       luac_logge 170  [isr:1535:ASR_MSG_AUW,   local  ]
[2016/05/20 00:52:43 707][Px17e7][Txe08b700][TRC] QISR       qisr.c     370  QISRAudioWrite() [out] 0
[2016/05/20 00:52:43 707][Px17e7][Txe08b700][TRC] QISR       qisr.c     307  QISRAudioWrite(20bd020,20ec7f0,6400,2,,) [in]
[2016/05/20 00:52:43 708][Px17e7][Txe08b700][TRC] QISR       qisr.c     313  QISRAudioWrite session addr:(20bd020)
[2016/05/20 00:52:43 708][Px17e7][Txe08b700][TRC] LENGINE    leng_shell 351  lEngine_PostMessage(20bd860,2,2,) [in]
[2016/05/20 00:52:43 708][Px17e7][Txe08b700][DBG] MSPTHREAD  MSPThreadP 733  POST l_engine_3:10:7:0
[2016/05/20 00:52:43 709][Px17e7][Txe08b700][TRC] LENGINE    leng_shell 374  lEngine_PostMessage() [out] 0
[2016/05/20 00:52:43 709][Px17e7][Txe08b700][TRC] QISR       qisr.c     370  QISRAudioWrite() [out] 0
[2016/05/20 00:52:43 709][Px17e7][Txe08b700][TRC] QISR       qisr.c     307  QISRAudioWrite(20bd020,20ee0f0,6400,2,,) [in]
[2016/05/20 00:52:43 710][Px17e7][Tx67fc700][TRC] LMOD       luac_logge 170  [isr:1546:6400  1  ]
[2016/05/20 00:52:43 712][Px17e7][Tx6ffd700][DBG] LENGINE    leng_rpc.c 413  luacRPCFuncProto_Invoke(f8064b50,fc26dea0) [in]
[2016/05/20 00:52:43 713][Px17e7][Txe08b700][TRC] QISR       qisr.c     313  QISRAudioWrite session addr:(20bd020)
[2016/05/20 00:52:43 715][Px17e7][Tx67fc700][TRC] LMOD       luac_logge 170  [isr:1550:once_bytes:   6400  ]
[2016/05/20 00:52:43 716][Px17e7][Tx67fc700][TRC] AUDIOCODEC audio_code 944  audioEncoder_Encode() [in]
[2016/05/20 00:52:43 717][Px17e7][Tx67fc700][INF] AUDIOCODEC audio_code 950  stat = 1, len = 6400
[2016/05/20 00:52:43 717][Px17e7][Tx67fc700][DBG] AUDIOCODEC audio_code 953  divided into 0 blocks
[2016/05/20 00:52:43 717][Px17e7][Tx67fc700][DBG] MSPTHREAD  MSPThreadP 733  POST audioEncoder:6:1:1
[2016/05/20 00:52:43 718][Px17e7][Tx57fa700][TRC] AUDIOCODEC audio_code 175  ENCODE 6400, 1
[2016/05/20 00:52:43 720][Px17e7][Tx57fa700][DBG] AUDIOCODEC audio_code 218  iFlyFixFrontAppendData 6400
[2016/05/20 00:52:43 721][Px17e7][Tx57fa700][DBG] MSPTHREAD  MSPThreadP 733  POST l_engine_3:10:8:0
[2016/05/20 00:52:43 721][Px17e7][Tx57fa700][TRC] AUDIOCODEC audio_code 245  fetch from VAD 5760 Bytes WaveData
[2016/05/20 00:52:43 722][Px17e7][Tx57fa700][PRF] AUDIOCODEC audio_code 246  fetch 5760(Bytes) Wav cost 2(ms) (fea=0)
[2016/05/20 00:52:43 722][Px17e7][Tx57fa700][DBG] AUDIOCODEC audio_code 262  vadStat = 5
[2016/05/20 00:52:43 722][Px17e7][Tx57fa700][TRC] AUDIOCODEC audio_code 266  VAD: find start!
[2016/05/20 00:52:43 723][Px17e7][Tx57fa700][DBG] MSPTHREAD  MSPThreadP 733  POST l_engine_3:10:9:0
[2016/05/20 00:52:43 723][Px17e7][Tx57fa700][DBG] MSPTHREAD  MSPThreadP 733  POST l_engine_3:10:10:0
[2016/05/20 00:52:43 724][Px17e7][Tx6ffd700][TRC] LMOD       luac_logge 170  [isr_local:2145:os_type is:  Linux  ]
[2016/05/20 00:52:43 724][Px17e7][Txe08b700][TRC] LENGINE    leng_shell 351  lEngine_PostMessage(20bd860,2,2,) [in]
[2016/05/20 00:52:43 725][Px17e7][Txe08b700][DBG] MSPTHREAD  MSPThreadP 733  POST l_engine_3:10:11:0
[2016/05/20 00:52:43 725][Px17e7][Txe08b700][TRC] LENGINE    leng_shell 374  lEngine_PostMessage() [out] 0
[2016/05/20 00:52:43 726][Px17e7][Txe08b700][TRC] QISR       qisr.c     370  QISRAudioWrite() [out] 0
[2016/05/20 00:52:43 726][Px17e7][Txe08b700][TRC] QISR       qisr.c     307  QISRAudioWrite(20bd020,20ef9f0,6400,2,,) [in]
[2016/05/20 00:52:43 726][Px17e7][Txe08b700][TRC] QISR       qisr.c     313  QISRAudioWrite session addr:(20bd020)
[2016/05/20 00:52:43 726][Px17e7][Txe08b700][TRC] LENGINE    leng_shell 351  lEngine_PostMessage(20bd860,2,2,) [in]
[2016/05/20 00:52:43 727][Px17e7][Txe08b700][DBG] MSPTHREAD  MSPThreadP 733  POST l_engine_3:10:12:0
[2016/05/20 00:52:43 727][Px17e7][Txe08b700][TRC] LENGINE    leng_shell 374  lEngine_PostMessage() [out] 0
[2016/05/20 00:52:43 727][Px17e7][Txe08b700][TRC] QISR       qisr.c     370  QISRAudioWrite() [out] 0
[2016/05/20 00:52:43 728][Px17e7][Txe08b700][TRC] QISR       qisr.c     307  QISRAudioWrite(20bd020,20f12f0,6400,2,,) [in]
[2016/05/20 00:52:43 728][Px17e7][Tx67fc700][TRC] AUDIOCODEC audio_code 898  audioEncoder_GetVADParam(, 10001) [in]
[2016/05/20 00:52:43 728][Px17e7][Tx67fc700][DBG] LENGINE    leng_rpc.c 527  luacRPCFuncProto_Invoke() [out] ret = 0
[2016/05/20 00:52:43 729][Px17e7][Tx67fc700][DBG] LENGINE    leng_main. 513  ENGINE_MSG_RPC_ASYNC
[2016/05/20 00:52:43 729][Px17e7][Tx67fc700][DBG] LENGINE    leng_main. 521  [cisr1PdHHBHy5+WCkEgpaawnS0ny0gzWl+], stat = 1
[2016/05/20 00:52:43 729][Px17e7][Tx67fc700][DBG] LENGINE    leng_rpc.c 413  luacRPCFuncProto_Invoke(20c57b0,20bd860) [in]
[2016/05/20 00:52:43 730][Px17e7][Tx6ffd700][TRC] LMOD       luac_logge 170  [isr_local:2154:SYS_MSG_LOAD_LOCAL  ]
[2016/05/20 00:52:43 730][Px17e7][Txe08b700][TRC] QISR       qisr.c     313  QISRAudioWrite session addr:(20bd020)
[2016/05/20 00:52:43 731][Px17e7][Txe08b700][TRC] LENGINE    leng_shell 351  lEngine_PostMessage(20bd860,2,2,) [in]
[2016/05/20 00:52:43 732][Px17e7][Txe08b700][DBG] MSPTHREAD  MSPThreadP 733  POST l_engine_3:10:12:0
[2016/05/20 00:52:43 732][Px17e7][Txe08b700][TRC] LENGINE    leng_shell 374  lEngine_PostMessage() [out] 0
[2016/05/20 00:52:43 732][Px17e7][Txe08b700][TRC] QISR       qisr.c     370  QISRAudioWrite() [out] 0
[2016/05/20 00:52:43 732][Px17e7][Tx67fc700][TRC] LMOD       luac_logge 170  [isr:1535:ASR_MSG_AUW,   local  ]
[2016/05/20 00:52:43 733][Px17e7][Tx6ffd700][INF] LMOD       luac_logge 172  [isr_local:2242:last gc at  1463730749  ]
[2016/05/20 00:52:43 733][Px17e7][Tx6ffd700][DBG] LENGINE    leng_rpc.c 527  luacRPCFuncProto_Invoke() [out] ret = 0
[2016/05/20 00:52:43 734][Px17e7][Tx6ffd700][DBG] LENGINE    leng_main. 312  [isr_local], loaded
[2016/05/20 00:52:43 734][Px17e7][Tx6ffd700][DBG] LENGINE    leng_rpc.c 413  luacRPCFuncProto_Invoke(f80867d0,fc26dea0) [in]
[2016/05/20 00:52:43 734][Px17e7][Tx67fc700][TRC] LMOD       luac_logge 170  [isr:1546:6400  2  ]
[2016/05/20 00:52:43 735][Px17e7][Tx67fc700][TRC] AUDIOCODEC audio_code 944  audioEncoder_Encode() [in]
[2016/05/20 00:52:43 735][Px17e7][Tx67fc700][INF] AUDIOCODEC audio_code 950  stat = 2, len = 6400
[2016/05/20 00:52:43 736][Px17e7][Tx67fc700][DBG] AUDIOCODEC audio_code 953  divided into 0 blocks
[2016/05/20 00:52:43 736][Px17e7][Tx67fc700][DBG] MSPTHREAD  MSPThreadP 733  POST audioEncoder:6:1:1
[2016/05/20 00:52:43 736][Px17e7][Tx67fc700][TRC] AUDIOCODEC audio_code 898  audioEncoder_GetVADParam(, 10001) [in]
[2016/05/20 00:52:43 737][Px17e7][Tx67fc700][DBG] LENGINE    leng_rpc.c 527  luacRPCFuncProto_Invoke() [out] ret = 0
[2016/05/20 00:52:43 737][Px17e7][Tx67fc700][DBG] LENGINE    leng_main. 513  ENGINE_MSG_RPC_ASYNC
[2016/05/20 00:52:43 737][Px17e7][Tx67fc700][DBG] LENGINE    leng_main. 521  [cisr1PdHHBHy5+WCkEgpaawnS0ny0gzWl+], stat = 1
[2016/05/20 00:52:43 738][Px17e7][Tx67fc700][DBG] LENGINE    leng_rpc.c 413  luacRPCFuncProto_Invoke(20c9a50,20bd860) [in]
[2016/05/20 00:52:43 738][Px17e7][Tx57fa700][TRC] AUDIOCODEC audio_code 175  ENCODE 6400, 2
[2016/05/20 00:52:43 739][Px17e7][Tx57fa700][DBG] AUDIOCODEC audio_code 218  iFlyFixFrontAppendData 6400
[2016/05/20 00:52:43 740][Px17e7][Tx57fa700][TRC] AUDIOCODEC audio_code 245  fetch from VAD 6400 Bytes WaveData
[2016/05/20 00:52:43 740][Px17e7][Tx57fa700][PRF] AUDIOCODEC audio_code 246  fetch 6400(Bytes) Wav cost 1(ms) (fea=0)
[2016/05/20 00:52:43 741][Px17e7][Tx57fa700][DBG] AUDIOCODEC audio_code 262  vadStat = 0
[2016/05/20 00:52:43 741][Px17e7][Tx57fa700][DBG] MSPTHREAD  MSPThreadP 733  POST l_engine_3:10:12:0
[2016/05/20 00:52:43 741][Px17e7][Tx67fc700][TRC] LMOD       luac_logge 170  [isr:1535:ASR_MSG_AUW,   local  ]
[2016/05/20 00:52:43 742][Px17e7][Txe08b700][TRC] QISR       qisr.c     307  QISRAudioWrite(20bd020,20f2bf0,6400,2,,) [in]
[2016/05/20 00:52:43 742][Px17e7][Txe08b700][TRC] QISR       qisr.c     313  QISRAudioWrite session addr:(20bd020)
[2016/05/20 00:52:43 743][Px17e7][Txe08b700][TRC] LENGINE    leng_shell 351  lEngine_PostMessage(20bd860,2,2,) [in]
[2016/05/20 00:52:43 743][Px17e7][Txe08b700][DBG] MSPTHREAD  MSPThreadP 733  POST l_engine_3:10:13:0
[2016/05/20 00:52:43 744][Px17e7][Txe08b700][TRC] LENGINE    leng_shell 374  lEngine_PostMessage() [out] 0
[2016/05/20 00:52:43 744][Px17e7][Txe08b700][TRC] QISR       qisr.c     370  QISRAudioWrite() [out] 0
[2016/05/20 00:52:43 744][Px17e7][Txe08b700][TRC] QISR       qisr.c     307  QISRAudioWrite(20bd020,20f44f0,6400,2,,) [in]
[2016/05/20 00:52:43 745][Px17e7][Txe08b700][TRC] QISR       qisr.c     313  QISRAudioWrite session addr:(20bd020)
[2016/05/20 00:52:43 745][Px17e7][Txe08b700][TRC] LENGINE    leng_shell 351  lEngine_PostMessage(20bd860,2,2,) [in]
[2016/05/20 00:52:43 745][Px17e7][Txe08b700][DBG] MSPTHREAD  MSPThreadP 733  POST l_engine_3:10:14:0
[2016/05/20 00:52:43 746][Px17e7][Txe08b700][TRC] LENGINE    leng_shell 374  lEngine_PostMessage() [out] 0
[2016/05/20 00:52:43 746][Px17e7][Txe08b700][TRC] QISR       qisr.c     370  QISRAudioWrite() [out] 0
[2016/05/20 00:52:43 747][Px17e7][Txe08b700][TRC] QISR       qisr.c     307  QISRAudioWrite(20bd020,20f5df0,6400,2,,) [in]
[2016/05/20 00:52:43 747][Px17e7][Txe08b700][TRC] QISR       qisr.c     313  QISRAudioWrite session addr:(20bd020)
[2016/05/20 00:52:43 747][Px17e7][Txe08b700][TRC] LENGINE    leng_shell 351  lEngine_PostMessage(20bd860,2,2,) [in]
[2016/05/20 00:52:43 748][Px17e7][Txe08b700][DBG] MSPTHREAD  MSPThreadP 733  POST l_engine_3:10:15:0
[2016/05/20 00:52:43 748][Px17e7][Tx67fc700][TRC] LMOD       luac_logge 170  [isr:1546:6400  2  ]
[2016/05/20 00:52:43 748][Px17e7][Tx67fc700][TRC] AUDIOCODEC audio_code 944  audioEncoder_Encode() [in]
[2016/05/20 00:52:43 749][Px17e7][Tx67fc700][INF] AUDIOCODEC audio_code 950  stat = 2, len = 6400
[2016/05/20 00:52:43 749][Px17e7][Tx67fc700][DBG] AUDIOCODEC audio_code 953  divided into 0 blocks
[2016/05/20 00:52:43 749][Px17e7][Tx67fc700][DBG] MSPTHREAD  MSPThreadP 733  POST audioEncoder:6:1:1
[2016/05/20 00:52:43 750][Px17e7][Tx67fc700][TRC] AUDIOCODEC audio_code 898  audioEncoder_GetVADParam(, 10001) [in]
[2016/05/20 00:52:43 750][Px17e7][Tx67fc700][DBG] LENGINE    leng_rpc.c 527  luacRPCFuncProto_Invoke() [out] ret = 0
[2016/05/20 00:52:43 750][Px17e7][Tx67fc700][DBG] LENGINE    leng_main. 513  ENGINE_MSG_RPC_ASYNC
[2016/05/20 00:52:43 751][Px17e7][Tx67fc700][DBG] LENGINE    leng_main. 521  [cisr1PdHHBHy5+WCkEgpaawnS0ny0gzWl+], stat = 1
[2016/05/20 00:52:43 751][Px17e7][Tx67fc700][DBG] LENGINE    leng_rpc.c 413  luacRPCFuncProto_Invoke(20c5140,20bd860) [in]
[2016/05/20 00:52:43 751][Px17e7][Tx57fa700][TRC] AUDIOCODEC audio_code 175  ENCODE 6400, 2
[2016/05/20 00:52:43 752][Px17e7][Tx57fa700][DBG] AUDIOCODEC audio_code 218  iFlyFixFrontAppendData 6400
[2016/05/20 00:52:43 753][Px17e7][Tx57fa700][TRC] AUDIOCODEC audio_code 245  fetch from VAD 6400 Bytes WaveData
[2016/05/20 00:52:43 753][Px17e7][Tx57fa700][PRF] AUDIOCODEC audio_code 246  fetch 6400(Bytes) Wav cost 1(ms) (fea=0)
[2016/05/20 00:52:43 754][Px17e7][Tx57fa700][DBG] AUDIOCODEC audio_code 262  vadStat = 0
[2016/05/20 00:52:43 755][Px17e7][Tx57fa700][DBG] MSPTHREAD  MSPThreadP 733  POST l_engine_3:10:15:0
[2016/05/20 00:52:43 756][Px17e7][Tx67fc700][TRC] LMOD       luac_logge 170  [isr:1535:ASR_MSG_AUW,   local  ]
[2016/05/20 00:52:43 756][Px17e7][Tx6ffd700][TRC] LMOD       luac_logge 170  [isr_local:2183:SYS_MSG_REGCB_LOCAL| param0 =  msp_status_cb  ]
[2016/05/20 00:52:43 757][Px17e7][Txe08b700][TRC] LENGINE    leng_shell 374  lEngine_PostMessage() [out] 0
[2016/05/20 00:52:43 758][Px17e7][Txe08b700][TRC] QISR       qisr.c     370  QISRAudioWrite() [out] 0
[2016/05/20 00:52:43 758][Px17e7][Txe08b700][TRC] QISR       qisr.c     307  QISRAudioWrite(20bd020,20f76f0,6400,2,,) [in]
[2016/05/20 00:52:43 759][Px17e7][Txe08b700][TRC] QISR       qisr.c     313  QISRAudioWrite session addr:(20bd020)
[2016/05/20 00:52:43 759][Px17e7][Txe08b700][TRC] LENGINE    leng_shell 351  lEngine_PostMessage(20bd860,2,2,) [in]
[2016/05/20 00:52:43 759][Px17e7][Txe08b700][DBG] MSPTHREAD  MSPThreadP 733  POST l_engine_3:10:16:0
[2016/05/20 00:52:43 760][Px17e7][Txe08b700][TRC] LENGINE    leng_shell 374  lEngine_PostMessage() [out] 0
[2016/05/20 00:52:43 760][Px17e7][Txe08b700][TRC] QISR       qisr.c     370  QISRAudioWrite() [out] 0
[2016/05/20 00:52:43 761][Px17e7][Txe08b700][TRC] QISR       qisr.c     307  QISRAudioWrite(20bd020,0,0,4,,) [in]
[2016/05/20 00:52:43 761][Px17e7][Txe08b700][TRC] QISR       qisr.c     313  QISRAudioWrite session addr:(20bd020)
[2016/05/20 00:52:43 761][Px17e7][Txe08b700][TRC] LENGINE    leng_shell 351  lEngine_PostMessage(20bd860,2,2,) [in]
[2016/05/20 00:52:43 762][Px17e7][Txe08b700][DBG] MSPTHREAD  MSPThreadP 733  POST l_engine_3:10:17:0
[2016/05/20 00:52:43 762][Px17e7][Txe08b700][TRC] LENGINE    leng_shell 374  lEngine_PostMessage() [out] 0
[2016/05/20 00:52:43 762][Px17e7][Tx67fc700][TRC] LMOD       luac_logge 170  [isr:1546:6400  2  ]
[2016/05/20 00:52:43 762][Px17e7][Tx67fc700][TRC] AUDIOCODEC audio_code 944  audioEncoder_Encode() [in]
[2016/05/20 00:52:43 763][Px17e7][Tx67fc700][INF] AUDIOCODEC audio_code 950  stat = 2, len = 6400
[2016/05/20 00:52:43 764][Px17e7][Tx67fc700][DBG] AUDIOCODEC audio_code 953  divided into 0 blocks
[2016/05/20 00:52:43 764][Px17e7][Tx67fc700][DBG] MSPTHREAD  MSPThreadP 733  POST audioEncoder:6:1:1
[2016/05/20 00:52:43 764][Px17e7][Tx67fc700][TRC] AUDIOCODEC audio_code 898  audioEncoder_GetVADParam(, 10001) [in]
[2016/05/20 00:52:43 764][Px17e7][Tx67fc700][DBG] LENGINE    leng_rpc.c 527  luacRPCFuncProto_Invoke() [out] ret = 0
[2016/05/20 00:52:43 765][Px17e7][Tx67fc700][DBG] LENGINE    leng_main. 513  ENGINE_MSG_RPC_ASYNC
[2016/05/20 00:52:43 765][Px17e7][Tx67fc700][DBG] LENGINE    leng_main. 521  [cisr1PdHHBHy5+WCkEgpaawnS0ny0gzWl+], stat = 1
[2016/05/20 00:52:43 765][Px17e7][Tx67fc700][DBG] LENGINE    leng_rpc.c 413  luacRPCFuncProto_Invoke(20c5490,20bd860) [in]
[2016/05/20 00:52:43 766][Px17e7][Tx6ffd700][INF] LMOD       luac_logge 172  [isr_local:2242:last gc at  1463730749  ]
[2016/05/20 00:52:43 766][Px17e7][Tx6ffd700][DBG] LENGINE    leng_rpc.c 527  luacRPCFuncProto_Invoke() [out] ret = 0
[2016/05/20 00:52:43 767][Px17e7][Tx6ffd700][DBG] LENGINE    leng_main. 345  lEngine_LoadEnv() [out] successfully
[2016/05/20 00:52:43 767][Px17e7][Tx6ffd700][DBG] LENGINE    leng_main. 567  isr_local, eng = l_engine_2, env = fc26dea0, L = fc26df30
[2016/05/20 00:52:43 768][Px17e7][Tx6ffd700][INF] LENGINE    leng_main. 568  l_engine_2 occupancy: 1 (33%)
[2016/05/20 00:52:43 768][Px17e7][Tx6ffd700][DBG] LENGINE    leng_main. 686  ENGINE_MSG_REGCB
[2016/05/20 00:52:43 768][Px17e7][Tx6ffd700][DBG] LENGINE    leng_main. 711  isr_local (local_service_cbmsg)
[2016/05/20 00:52:43 768][Px17e7][Tx6ffd700][DBG] LENGINE    leng_rpc.c 413  luacRPCFuncProto_Invoke(f8086920,fc26dea0) [in]
[2016/05/20 00:52:43 769][Px17e7][Txe08b700][TRC] QISR       qisr.c     370  QISRAudioWrite() [out] 0
[2016/05/20 00:52:43 770][Px17e7][Txe08b700][TRC] QISR       qisr.c     390  QISRGetResult(20bd020,6b5626c,0,6b561ac) [in]
[2016/05/20 00:52:43 770][Px17e7][Txe08b700][TRC] QISR       qisr.c     396  QISRGetResult session addr:(20bd020)
[2016/05/20 00:52:43 771][Px17e7][Txe08b700][TRC] LENGINE    leng_shell 385  lEngine_SendMessage(20bd860,3,0,,,) [in]
[2016/05/20 00:52:43 771][Px17e7][Txe08b700][DBG] MSPTHREAD  MSPThreadP 733  POST l_engine_3:11:1:0
[2016/05/20 00:52:43 771][Px17e7][Tx57fa700][TRC] AUDIOCODEC audio_code 175  ENCODE 6400, 2
[2016/05/20 00:52:43 772][Px17e7][Tx57fa700][DBG] AUDIOCODEC audio_code 218  iFlyFixFrontAppendData 6400
[2016/05/20 00:52:43 773][Px17e7][Tx57fa700][TRC] AUDIOCODEC audio_code 245  fetch from VAD 6400 Bytes WaveData
[2016/05/20 00:52:43 773][Px17e7][Tx6ffd700][TRC] LMOD       luac_logge 170  [isr_local:2183:SYS_MSG_REGCB_LOCAL| param0 =  local_service_cbmsg  ]
[2016/05/20 00:52:43 773][Px17e7][Tx67fc700][TRC] LMOD       luac_logge 170  [isr:1535:ASR_MSG_AUW,   local  ]
[2016/05/20 00:52:43 774][Px17e7][Tx57fa700][PRF] AUDIOCODEC audio_code 246  fetch 6400(Bytes) Wav cost 1(ms) (fea=0)
[2016/05/20 00:52:43 775][Px17e7][Tx6ffd700][INF] LMOD       luac_logge 172  [isr_local:2242:last gc at  1463730749  ]
[2016/05/20 00:52:43 776][Px17e7][Tx6ffd700][DBG] LENGINE    leng_rpc.c 527  luacRPCFuncProto_Invoke() [out] ret = 0
[2016/05/20 00:52:43 776][Px17e7][Tx6ffd700][DBG] LENGINE    leng_main. 513  ENGINE_MSG_RPC_ASYNC
[2016/05/20 00:52:43 777][Px17e7][Tx6ffd700][DBG] LENGINE    leng_main. 521  [isr_local], stat = 1
[2016/05/20 00:52:43 777][Px17e7][Tx6ffd700][DBG] LENGINE    leng_rpc.c 413  luacRPCFuncProto_Invoke(fc2727a0,fc26dea0) [in]
[2016/05/20 00:52:43 777][Px17e7][Tx67fc700][TRC] LMOD       luac_logge 170  [isr:1546:6400  2  ]
[2016/05/20 00:52:43 778][Px17e7][Tx67fc700][TRC] AUDIOCODEC audio_code 944  audioEncoder_Encode() [in]
[2016/05/20 00:52:43 778][Px17e7][Tx67fc700][INF] AUDIOCODEC audio_code 950  stat = 2, len = 6400
[2016/05/20 00:52:43 778][Px17e7][Tx67fc700][DBG] AUDIOCODEC audio_code 953  divided into 0 blocks
[2016/05/20 00:52:43 779][Px17e7][Tx67fc700][DBG] MSPTHREAD  MSPThreadP 733  POST audioEncoder:6:1:0
[2016/05/20 00:52:43 779][Px17e7][Tx67fc700][TRC] AUDIOCODEC audio_code 898  audioEncoder_GetVADParam(, 10001) [in]
[2016/05/20 00:52:43 780][Px17e7][Tx67fc700][DBG] LENGINE    leng_rpc.c 527  luacRPCFuncProto_Invoke() [out] ret = 0
[2016/05/20 00:52:43 780][Px17e7][Tx67fc700][DBG] LENGINE    leng_main. 513  ENGINE_MSG_RPC_ASYNC
[2016/05/20 00:52:43 780][Px17e7][Tx67fc700][DBG] LENGINE    leng_main. 521  [cisr1PdHHBHy5+WCkEgpaawnS0ny0gzWl+], stat = 1
[2016/05/20 00:52:43 781][Px17e7][Tx67fc700][DBG] LENGINE    leng_rpc.c 413  luacRPCFuncProto_Invoke(20fd6b0,20bd860) [in]
[2016/05/20 00:52:43 781][Px17e7][Tx6ffd700][TRC] LMOD       luac_logge 170  [isr_local:2091:ASR_LOCAL_MSG_SSB  ]
[2016/05/20 00:52:43 781][Px17e7][Tx57fa700][DBG] AUDIOCODEC audio_code 262  vadStat = 5
[2016/05/20 00:52:43 782][Px17e7][Tx67fc700][TRC] LMOD       luac_logge 170  [isr:1535:ASR_MSG_AUW,   local  ]
[2016/05/20 00:52:43 782][Px17e7][Tx6ffd700][TRC] LMOD       luac_logge 170  [isr_local:1229:esr_session_begin | params:  engine_type=local,asr_res_path=fo|res/asr/common.jet,sample_rate=16000,grm_build_path=res/asr/GrmBuilld,local_grammar=cmd,result_type=xml,result_encoding=UTF-8  ]
[2016/05/20 00:52:43 784][Px17e7][Tx57fa700][DBG] MSPTHREAD  MSPThreadP 733  POST l_engine_3:10:16:0
[2016/05/20 00:52:43 784][Px17e7][Tx67fc700][TRC] LMOD       luac_logge 170  [isr:1546:6400  2  ]
[2016/05/20 00:52:43 785][Px17e7][Tx67fc700][TRC] AUDIOCODEC audio_code 944  audioEncoder_Encode() [in]
[2016/05/20 00:52:43 785][Px17e7][Tx67fc700][INF] AUDIOCODEC audio_code 950  stat = 2, len = 6400
[2016/05/20 00:52:43 786][Px17e7][Tx67fc700][DBG] AUDIOCODEC audio_code 953  divided into 0 blocks
[2016/05/20 00:52:43 786][Px17e7][Tx67fc700][DBG] MSPTHREAD  MSPThreadP 733  POST audioEncoder:6:1:0
[2016/05/20 00:52:43 786][Px17e7][Tx67fc700][TRC] AUDIOCODEC audio_code 898  audioEncoder_GetVADParam(, 10001) [in]
[2016/05/20 00:52:43 787][Px17e7][Tx67fc700][DBG] LENGINE    leng_rpc.c 527  luacRPCFuncProto_Invoke() [out] ret = 0
[2016/05/20 00:52:43 787][Px17e7][Tx67fc700][DBG] LENGINE    leng_main. 513  ENGINE_MSG_RPC_ASYNC
[2016/05/20 00:52:43 788][Px17e7][Tx67fc700][DBG] LENGINE    leng_main. 521  [cisr1PdHHBHy5+WCkEgpaawnS0ny0gzWl+], stat = 1
[2016/05/20 00:52:43 788][Px17e7][Tx67fc700][DBG] LENGINE    leng_rpc.c 413  luacRPCFuncProto_Invoke(20fda00,20bd860) [in]
[2016/05/20 00:52:43 788][Px17e7][Tx6ffd700][TRC] LMOD       luac_logge 170  [isr_local:801:engine_type  :  local  ]
[2016/05/20 00:52:43 789][Px17e7][Tx57fa700][TRC] AUDIOCODEC audio_code 175  ENCODE 6400, 2
[2016/05/20 00:52:43 789][Px17e7][Tx57fa700][DBG] AUDIOCODEC audio_code 218  iFlyFixFrontAppendData 6400
[2016/05/20 00:52:43 790][Px17e7][Tx6ffd700][TRC] LMOD       luac_logge 170  [isr_local:801:asr_res_path  :  fo|res/asr/common.jet  ]
[2016/05/20 00:52:43 791][Px17e7][Tx67fc700][TRC] LMOD       luac_logge 170  [isr:1535:ASR_MSG_AUW,   local  ]
[2016/05/20 00:52:43 791][Px17e7][Tx57fa700][TRC] AUDIOCODEC audio_code 245  fetch from VAD 6400 Bytes WaveData
[2016/05/20 00:52:43 792][Px17e7][Tx6ffd700][TRC] LMOD       luac_logge 170  [isr_local:801:sample_rate  :  16000  ]
[2016/05/20 00:52:43 793][Px17e7][Tx67fc700][TRC] LMOD       luac_logge 170  [isr:1546:6400  2  ]
[2016/05/20 00:52:43 793][Px17e7][Tx67fc700][TRC] AUDIOCODEC audio_code 944  audioEncoder_Encode() [in]
[2016/05/20 00:52:43 794][Px17e7][Tx67fc700][INF] AUDIOCODEC audio_code 950  stat = 2, len = 6400
[2016/05/20 00:52:43 794][Px17e7][Tx67fc700][DBG] AUDIOCODEC audio_code 953  divided into 0 blocks
[2016/05/20 00:52:43 794][Px17e7][Tx67fc700][DBG] MSPTHREAD  MSPThreadP 733  POST audioEncoder:6:2:0
[2016/05/20 00:52:43 795][Px17e7][Tx67fc700][TRC] AUDIOCODEC audio_code 898  audioEncoder_GetVADParam(, 10001) [in]
[2016/05/20 00:52:43 795][Px17e7][Tx67fc700][DBG] LENGINE    leng_rpc.c 527  luacRPCFuncProto_Invoke() [out] ret = 0
[2016/05/20 00:52:43 795][Px17e7][Tx67fc700][DBG] LENGINE    leng_main. 513  ENGINE_MSG_RPC_ASYNC
[2016/05/20 00:52:43 796][Px17e7][Tx67fc700][DBG] LENGINE    leng_main. 521  [cisr1PdHHBHy5+WCkEgpaawnS0ny0gzWl+], stat = 1
[2016/05/20 00:52:43 797][Px17e7][Tx67fc700][DBG] LENGINE    leng_rpc.c 413  luacRPCFuncProto_Invoke(20fdd50,20bd860) [in]
[2016/05/20 00:52:43 797][Px17e7][Tx6ffd700][TRC] LMOD       luac_logge 170  [isr_local:801:grm_build_path  :  res/asr/GrmBuilld  ]
[2016/05/20 00:52:43 798][Px17e7][Tx57fa700][PRF] AUDIOCODEC audio_code 246  fetch 6400(Bytes) Wav cost 3(ms) (fea=0)
[2016/05/20 00:52:43 798][Px17e7][Tx67fc700][TRC] LMOD       luac_logge 170  [isr:1535:ASR_MSG_AUW,   local  ]
[2016/05/20 00:52:43 799][Px17e7][Tx6ffd700][TRC] LMOD       luac_logge 170  [isr_local:801:local_grammar  :  cmd  ]
[2016/05/20 00:52:43 799][Px17e7][Tx57fa700][DBG] AUDIOCODEC audio_code 262  vadStat = 0
[2016/05/20 00:52:43 800][Px17e7][Tx67fc700][TRC] LMOD       luac_logge 170  [isr:1546:6400  2  ]
[2016/05/20 00:52:43 801][Px17e7][Tx67fc700][TRC] AUDIOCODEC audio_code 944  audioEncoder_Encode() [in]
[2016/05/20 00:52:43 801][Px17e7][Tx67fc700][INF] AUDIOCODEC audio_code 950  stat = 2, len = 6400
[2016/05/20 00:52:43 802][Px17e7][Tx67fc700][DBG] AUDIOCODEC audio_code 953  divided into 0 blocks
[2016/05/20 00:52:43 802][Px17e7][Tx67fc700][DBG] MSPTHREAD  MSPThreadP 733  POST audioEncoder:6:3:0
[2016/05/20 00:52:43 803][Px17e7][Tx67fc700][TRC] AUDIOCODEC audio_code 898  audioEncoder_GetVADParam(, 10001) [in]
[2016/05/20 00:52:43 803][Px17e7][Tx67fc700][DBG] LENGINE    leng_rpc.c 527  luacRPCFuncProto_Invoke() [out] ret = 0
[2016/05/20 00:52:43 804][Px17e7][Tx6ffd700][TRC] LMOD       luac_logge 170  [isr_local:801:result_type  :  xml  ]
[2016/05/20 00:52:43 804][Px17e7][Tx57fa700][DBG] MSPTHREAD  MSPThreadP 733  POST l_engine_3:10:15:0
[2016/05/20 00:52:43 805][Px17e7][Tx6ffd700][TRC] LMOD       luac_logge 170  [isr_local:801:result_encoding  :  UTF-8  ]
[2016/05/20 00:52:43 805][Px17e7][Tx67fc700][DBG] LENGINE    leng_main. 513  ENGINE_MSG_RPC_ASYNC
[2016/05/20 00:52:43 806][Px17e7][Tx67fc700][DBG] LENGINE    leng_main. 521  [cisr1PdHHBHy5+WCkEgpaawnS0ny0gzWl+], stat = 1
[2016/05/20 00:52:43 806][Px17e7][Tx67fc700][DBG] LENGINE    leng_rpc.c 413  luacRPCFuncProto_Invoke(f40047b0,20bd860) [in]
[2016/05/20 00:52:43 807][Px17e7][Tx67fc700][TRC] AUDIOCODEC audio_code 1023 audioEncoder_Read(, 109033580) [in]
[2016/05/20 00:52:43 807][Px17e7][Tx67fc700][DBG] AUDIOCODEC audio_code 1037 completed = 0, availEncodedSize = 31360
[2016/05/20 00:52:43 807][Px17e7][Tx67fc700][DBG] AUDIOCODEC audio_code 1055 after read, availEncodedSize = 24960
[2016/05/20 00:52:43 808][Px17e7][Tx67fc700][DBG] AUDIOCODEC audio_code 1067 stat = 1, data = fc292ed0
[2016/05/20 00:52:43 808][Px17e7][Tx67fc700][TRC] LENGINE    leng_shell 351  lEngine_PostMessage(fc26dea0,303,2,) [in]
[2016/05/20 00:52:43 808][Px17e7][Tx67fc700][DBG] MSPTHREAD  MSPThreadP 733  POST l_engine_2:10:1:0
[2016/05/20 00:52:43 809][Px17e7][Tx67fc700][TRC] LENGINE    leng_shell 374  lEngine_PostMessage() [out] 0
[2016/05/20 00:52:43 809][Px17e7][Tx67fc700][TRC] AUDIOCODEC audio_code 1023 audioEncoder_Read(, 109033580) [in]
[2016/05/20 00:52:43 810][Px17e7][Tx67fc700][DBG] AUDIOCODEC audio_code 1037 completed = 0, availEncodedSize = 24960
[2016/05/20 00:52:43 810][Px17e7][Tx67fc700][DBG] AUDIOCODEC audio_code 1055 after read, availEncodedSize = 18560
[2016/05/20 00:52:43 810][Px17e7][Tx67fc700][DBG] AUDIOCODEC audio_code 1067 stat = 2, data = fc292ed0
[2016/05/20 00:52:43 810][Px17e7][Tx67fc700][TRC] LENGINE    leng_shell 351  lEngine_PostMessage(fc26dea0,303,2,) [in]
[2016/05/20 00:52:43 811][Px17e7][Tx67fc700][DBG] MSPTHREAD  MSPThreadP 733  POST l_engine_2:10:2:0
[2016/05/20 00:52:43 811][Px17e7][Tx6ffd700][TRC] LMOD       luac_logge 170  [isr_local:1258:init aitalk in ssb  ]
[2016/05/20 00:52:43 811][Px17e7][Tx57fa700][TRC] AUDIOCODEC audio_code 175  ENCODE 6400, 2
[2016/05/20 00:52:43 812][Px17e7][Tx57fa700][DBG] AUDIOCODEC audio_code 218  iFlyFixFrontAppendData 6400
[2016/05/20 00:52:43 812][Px17e7][Tx6ffd700][TRC] LMOD       luac_logge 170  [isr_local:1142:esr_init | params:  engine_type=local,asr_res_path=fo|res/asr/common.jet,sample_rate=16000,grm_build_path=res/asr/GrmBuilld,local_grammar=cmd,result_type=xml,result_encoding=UTF-8  ]
[2016/05/20 00:52:43 814][Px17e7][Tx67fc700][TRC] LENGINE    leng_shell 374  lEngine_PostMessage() [out] 0
[2016/05/20 00:52:43 814][Px17e7][Tx67fc700][TRC] AUDIOCODEC audio_code 1023 audioEncoder_Read(, 109033580) [in]
[2016/05/20 00:52:43 815][Px17e7][Tx67fc700][DBG] AUDIOCODEC audio_code 1037 completed = 0, availEncodedSize = 18560
[2016/05/20 00:52:43 815][Px17e7][Tx67fc700][DBG] AUDIOCODEC audio_code 1055 after read, availEncodedSize = 12160
[2016/05/20 00:52:43 816][Px17e7][Tx6ffd700][TRC] LMOD       luac_logge 170  [isr_local:801:engine_type  :  local  ]
[2016/05/20 00:52:43 816][Px17e7][Tx57fa700][TRC] AUDIOCODEC audio_code 245  fetch from VAD 6400 Bytes WaveData
[2016/05/20 00:52:43 817][Px17e7][Tx67fc700][DBG] AUDIOCODEC audio_code 1067 stat = 2, data = fc28fcb0
[2016/05/20 00:52:43 817][Px17e7][Tx67fc700][TRC] LENGINE    leng_shell 351  lEngine_PostMessage(fc26dea0,303,2,) [in]
[2016/05/20 00:52:43 818][Px17e7][Tx67fc700][DBG] MSPTHREAD  MSPThreadP 733  POST l_engine_2:10:3:0
[2016/05/20 00:52:43 818][Px17e7][Tx6ffd700][TRC] LMOD       luac_logge 170  [isr_local:801:asr_res_path  :  fo|res/asr/common.jet  ]
[2016/05/20 00:52:43 818][Px17e7][Tx57fa700][PRF] AUDIOCODEC audio_code 246  fetch 6400(Bytes) Wav cost 4(ms) (fea=0)
[2016/05/20 00:52:43 819][Px17e7][Tx67fc700][TRC] LENGINE    leng_shell 374  lEngine_PostMessage() [out] 0
[2016/05/20 00:52:43 819][Px17e7][Tx6ffd700][TRC] LMOD       luac_logge 170  [isr_local:801:sample_rate  :  16000  ]
[2016/05/20 00:52:43 820][Px17e7][Tx57fa700][DBG] AUDIOCODEC audio_code 262  vadStat = 0
[2016/05/20 00:52:43 820][Px17e7][Tx67fc700][TRC] AUDIOCODEC audio_code 1023 audioEncoder_Read(, 109033580) [in]
[2016/05/20 00:52:43 821][Px17e7][Tx57fa700][DBG] MSPTHREAD  MSPThreadP 733  POST l_engine_3:10:15:0
[2016/05/20 00:52:43 821][Px17e7][Tx6ffd700][TRC] LMOD       luac_logge 170  [isr_local:801:grm_build_path  :  res/asr/GrmBuilld  ]
[2016/05/20 00:52:43 822][Px17e7][Tx67fc700][DBG] AUDIOCODEC audio_code 1037 completed = 0, availEncodedSize = 18560
[2016/05/20 00:52:43 822][Px17e7][Tx67fc700][DBG] AUDIOCODEC audio_code 1055 after read, availEncodedSize = 12160
[2016/05/20 00:52:43 823][Px17e7][Tx67fc700][DBG] AUDIOCODEC audio_code 1067 stat = 2, data = fc28fcb0
[2016/05/20 00:52:43 823][Px17e7][Tx67fc700][TRC] LENGINE    leng_shell 351  lEngine_PostMessage(fc26dea0,303,2,) [in]
[2016/05/20 00:52:43 823][Px17e7][Tx6ffd700][TRC] LMOD       luac_logge 170  [isr_local:801:local_grammar  :  cmd  ]
[2016/05/20 00:52:43 824][Px17e7][Tx57fa700][TRC] AUDIOCODEC audio_code 175  ENCODE 6400, 2
[2016/05/20 00:52:43 824][Px17e7][Tx67fc700][DBG] MSPTHREAD  MSPThreadP 733  POST l_engine_2:10:4:0
[2016/05/20 00:52:43 825][Px17e7][Tx6ffd700][TRC] LMOD       luac_logge 170  [isr_local:801:result_type  :  xml  ]
[2016/05/20 00:52:43 825][Px17e7][Tx57fa700][DBG] AUDIOCODEC audio_code 218  iFlyFixFrontAppendData 6400
[2016/05/20 00:52:43 826][Px17e7][Tx67fc700][TRC] LENGINE    leng_shell 374  lEngine_PostMessage() [out] 0
[2016/05/20 00:52:43 827][Px17e7][Tx6ffd700][TRC] LMOD       luac_logge 170  [isr_local:801:result_encoding  :  UTF-8  ]
[2016/05/20 00:52:43 827][Px17e7][Tx57fa700][TRC] AUDIOCODEC audio_code 245  fetch from VAD 6400 Bytes WaveData
[2016/05/20 00:52:43 828][Px17e7][Tx67fc700][TRC] AUDIOCODEC audio_code 1023 audioEncoder_Read(, 109033580) [in]
[2016/05/20 00:52:43 828][Px17e7][Tx67fc700][DBG] AUDIOCODEC audio_code 1037 completed = 0, availEncodedSize = 12160
[2016/05/20 00:52:43 829][Px17e7][Tx67fc700][DBG] AUDIOCODEC audio_code 1055 after read, availEncodedSize = 5760
[2016/05/20 00:52:43 829][Px17e7][Tx6ffd700][TRC] LMOD       luac_logge 170  [isr_local:1081: lucEsr.new   ]
[2016/05/20 00:52:43 829][Px17e7][Tx6ffd700][TRC] LENGINE    aitalk.c   209  Esr_New(f80873a8, f80877c8, 6ffc7fc) [in]
[2016/05/20 00:52:43 830][Px17e7][Tx6ffd700][TRC] LENGINE    aitalk.c   253  Esr_New(f80878c0, 0) [out]
[2016/05/20 00:52:43 830][Px17e7][Tx57fa700][PRF] AUDIOCODEC audio_code 246  fetch 6400(Bytes) Wav cost 2(ms) (fea=0)
[2016/05/20 00:52:43 833][Px17e7][Tx67fc700][DBG] AUDIOCODEC audio_code 1067 stat = 2, data = fc26f220
[2016/05/20 00:52:43 833][Px17e7][Tx67fc700][TRC] LENGINE    leng_shell 351  lEngine_PostMessage(fc26dea0,303,2,) [in]
[2016/05/20 00:52:43 834][Px17e7][Tx67fc700][DBG] MSPTHREAD  MSPThreadP 733  POST l_engine_2:10:5:0
[2016/05/20 00:52:43 834][Px17e7][Tx6ffd700][TRC] LMOD       luac_logge 170  [isr_local:998:file count =   1  ]
[2016/05/20 00:52:43 835][Px17e7][Tx57fa700][DBG] AUDIOCODEC audio_code 262  vadStat = 0
[2016/05/20 00:52:43 836][Px17e7][Tx67fc700][TRC] LENGINE    leng_shell 374  lEngine_PostMessage() [out] 0
[2016/05/20 00:52:43 837][Px17e7][Tx67fc700][TRC] AUDIOCODEC audio_code 1023 audioEncoder_Read(, 109033580) [in]
[2016/05/20 00:52:43 837][Px17e7][Tx57fa700][DBG] MSPTHREAD  MSPThreadP 733  POST l_engine_3:10:16:0
[2016/05/20 00:52:43 837][Px17e7][Tx6ffd700][TRC] LMOD       luac_logge 170  [isr_local:921:file open type is:   fo  ]
[2016/05/20 00:52:43 838][Px17e7][Tx67fc700][DBG] AUDIOCODEC audio_code 1037 completed = 0, availEncodedSize = 12160
[2016/05/20 00:52:43 839][Px17e7][Tx67fc700][DBG] AUDIOCODEC audio_code 1055 after read, availEncodedSize = 5760
[2016/05/20 00:52:43 840][Px17e7][Tx67fc700][DBG] AUDIOCODEC audio_code 1067 stat = 2, data = fc26f220
[2016/05/20 00:52:43 840][Px17e7][Tx67fc700][TRC] LENGINE    leng_shell 351  lEngine_PostMessage(fc26dea0,303,2,) [in]
[2016/05/20 00:52:43 841][Px17e7][Tx6ffd700][TRC] LMOD       luac_logge 170  [isr_local:954:res/asr/common.jet  0  0  ]
[2016/05/20 00:52:43 841][Px17e7][Tx57fa700][TRC] AUDIOCODEC audio_code 175  ENCODE 6400, 2
[2016/05/20 00:52:43 842][Px17e7][Tx67fc700][DBG] MSPTHREAD  MSPThreadP 733  POST l_engine_2:10:6:0
[2016/05/20 00:52:43 842][Px17e7][Tx6ffd700][TRC] LMOD       luac_logge 170  [isr_local:1016:speech_plus_setting  0  ]
[2016/05/20 00:52:43 843][Px17e7][Tx57fa700][DBG] AUDIOCODEC audio_code 218  iFlyFixFrontAppendData 6400
[2016/05/20 00:52:43 844][Px17e7][Tx67fc700][TRC] LENGINE    leng_shell 374  lEngine_PostMessage() [out] 0
[2016/05/20 00:52:43 845][Px17e7][Tx67fc700][TRC] AUDIOCODEC audio_code 1023 audioEncoder_Read(, 109033580) [in]
[2016/05/20 00:52:43 845][Px17e7][Tx67fc700][DBG] AUDIOCODEC audio_code 1037 completed = 0, availEncodedSize = 5760
[2016/05/20 00:52:43 846][Px17e7][Tx67fc700][DBG] LENGINE    leng_rpc.c 527  luacRPCFuncProto_Invoke() [out] ret = 0
[2016/05/20 00:52:43 847][Px17e7][Tx67fc700][DBG] LENGINE    leng_main. 513  ENGINE_MSG_RPC_ASYNC
[2016/05/20 00:52:43 847][Px17e7][Tx67fc700][DBG] LENGINE    leng_main. 521  [cisr1PdHHBHy5+WCkEgpaawnS0ny0gzWl+], stat = 1
[2016/05/20 00:52:43 847][Px17e7][Tx67fc700][DBG] LENGINE    leng_rpc.c 413  luacRPCFuncProto_Invoke(f4004400,20bd860) [in]
[2016/05/20 00:52:43 848][Px17e7][Tx6ffd700][TRC] LMOD       luac_logge 170  [isr_local:1029:2  nil  res/asr/common.jet  0  0  ]
[2016/05/20 00:52:43 849][Px17e7][Tx6ffd700][TRC] LENGINE    aitalk.c   123  Esr_ResCheck(2, 6ffc750) [in]
[2016/05/20 00:52:43 850][Px17e7][Tx6ffd700][TRC] LENGINE    aitalk.c   124  Esr_ResCheck(2, f80880c8, 0, 0) [in]
[2016/05/20 00:52:43 850][Px17e7][Tx57fa700][TRC] AUDIOCODEC audio_code 245  fetch from VAD 6400 Bytes WaveData
[2016/05/20 00:52:43 851][Px17e7][Tx67fc700][TRC] LMOD       luac_logge 170  [isr:845:[aud] speech start  ]
[2016/05/20 00:52:43 852][Px17e7][Tx67fc700][TRC] AUDIOCODEC audio_code 1023 audioEncoder_Read(, 109033580) [in]
[2016/05/20 00:52:43 853][Px17e7][Tx67fc700][DBG] AUDIOCODEC audio_code 1037 completed = 0, availEncodedSize = 5760
[2016/05/20 00:52:43 853][Px17e7][Tx67fc700][DBG] LENGINE    leng_rpc.c 527  luacRPCFuncProto_Invoke() [out] ret = 0
[2016/05/20 00:52:43 853][Px17e7][Tx67fc700][DBG] LENGINE    leng_main. 513  ENGINE_MSG_RPC_ASYNC
[2016/05/20 00:52:43 854][Px17e7][Tx67fc700][DBG] LENGINE    leng_main. 521  [cisr1PdHHBHy5+WCkEgpaawnS0ny0gzWl+], stat = 1
[2016/05/20 00:52:43 854][Px17e7][Tx67fc700][DBG] LENGINE    leng_rpc.c 413  luacRPCFuncProto_Invoke(f4004650,20bd860) [in]
[2016/05/20 00:52:43 855][Px17e7][Tx67fc700][TRC] AUDIOCODEC audio_code 1023 audioEncoder_Read(, 109033580) [in]
[2016/05/20 00:52:43 855][Px17e7][Tx67fc700][DBG] AUDIOCODEC audio_code 1037 completed = 0, availEncodedSize = 5760
[2016/05/20 00:52:43 856][Px17e7][Tx67fc700][DBG] LENGINE    leng_rpc.c 527  luacRPCFuncProto_Invoke() [out] ret = 0
[2016/05/20 00:52:43 856][Px17e7][Tx67fc700][DBG] LENGINE    leng_main. 513  ENGINE_MSG_RPC_ASYNC
[2016/05/20 00:52:43 857][Px17e7][Tx67fc700][DBG] LENGINE    leng_main. 521  [cisr1PdHHBHy5+WCkEgpaawnS0ny0gzWl+], stat = 1
[2016/05/20 00:52:43 857][Px17e7][Tx67fc700][DBG] LENGINE    leng_rpc.c 413  luacRPCFuncProto_Invoke(21103a0,20bd860) [in]
[2016/05/20 00:52:43 857][Px17e7][Tx6ffd700][TRC] LENGINE    aitalk.c   200  Esr_ResCheck( 0) [out]
[2016/05/20 00:52:43 858][Px17e7][Tx57fa700][PRF] AUDIOCODEC audio_code 246  fetch 6400(Bytes) Wav cost 7(ms) (fea=0)
[2016/05/20 00:52:43 859][Px17e7][Tx67fc700][TRC] LMOD       luac_logge 170  [isr:1535:ASR_MSG_AUW,   local  ]
[2016/05/20 00:52:43 859][Px17e7][Tx6ffd700][TRC] LMOD       luac_logge 170  [isr_local:1031:res_ver  2  ]
[2016/05/20 00:52:43 860][Px17e7][Tx57fa700][DBG] AUDIOCODEC audio_code 262  vadStat = 0
[2016/05/20 00:52:43 861][Px17e7][Tx67fc700][TRC] LMOD       luac_logge 170  [isr:1546:6400  2  ]
[2016/05/20 00:52:43 861][Px17e7][Tx6ffd700][TRC] LMOD       luac_logge 170  [isr_local:1032:res 5  a67ec4631cc3043e4b7fce4a4b7234d9  ]
[2016/05/20 00:52:43 862][Px17e7][Tx57fa700][DBG] MSPTHREAD  MSPThreadP 733  POST l_engine_3:10:14:0
[2016/05/20 00:52:43 863][Px17e7][Tx67fc700][TRC] AUDIOCODEC audio_code 944  audioEncoder_Encode() [in]
[2016/05/20 00:52:43 863][Px17e7][Tx67fc700][INF] AUDIOCODEC audio_code 950  stat = 2, len = 6400
[2016/05/20 00:52:43 864][Px17e7][Tx6ffd700][TRC] LMOD       luac_logge 170  [isr_local:1033:res_new_old_mark  v5pp  ]
[2016/05/20 00:52:43 864][Px17e7][Tx67fc700][DBG] AUDIOCODEC audio_code 953  divided into 0 blocks
[2016/05/20 00:52:43 865][Px17e7][Tx67fc700][DBG] MSPTHREAD  MSPThreadP 733  POST audioEncoder:6:1:1
[2016/05/20 00:52:43 865][Px17e7][Tx6ffd700][TRC] LMOD       luac_logge 170  [isr_local:1034:res_usr_name    ]
[2016/05/20 00:52:43 866][Px17e7][Tx67fc700][TRC] AUDIOCODEC audio_code 898  audioEncoder_GetVADParam(, 10001) [in]
[2016/05/20 00:52:43 867][Px17e7][Tx67fc700][DBG] LENGINE    leng_rpc.c 527  luacRPCFuncProto_Invoke() [out] ret = 0
[2016/05/20 00:52:43 867][Px17e7][Tx6ffd700][TRC] LMOD       luac_logge 170  [isr_local:1035:res_expires  1485072161  ]
[2016/05/20 00:52:43 868][Px17e7][Tx57fa700][TRC] AUDIOCODEC audio_code 175  ENCODE 6400, 2
[2016/05/20 00:52:43 868][Px17e7][Tx67fc700][DBG] LENGINE    leng_main. 513  ENGINE_MSG_RPC_ASYNC
[2016/05/20 00:52:43 869][Px17e7][Tx6ffd700][TRC] LMOD       luac_logge 170  [isr_local:1036:err  0  ]
[2016/05/20 00:52:43 869][Px17e7][Tx57fa700][DBG] AUDIOCODEC audio_code 218  iFlyFixFrontAppendData 6400
[2016/05/20 00:52:43 870][Px17e7][Tx67fc700][DBG] LENGINE    leng_main. 521  [cisr1PdHHBHy5+WCkEgpaawnS0ny0gzWl+], stat = 1
[2016/05/20 00:52:43 872][Px17e7][Tx67fc700][DBG] LENGINE    leng_rpc.c 413  luacRPCFuncProto_Invoke(2110690,20bd860) [in]
[2016/05/20 00:52:43 873][Px17e7][Tx6ffd700][TRC] LMOD       luac_logge 170  [isr_local:1052:lgi appid 5  a67ec4631cc3043e4b7fce4a4b7234d9  ]
[2016/05/20 00:52:43 873][Px17e7][Tx57fa700][TRC] AUDIOCODEC audio_code 245  fetch from VAD 6400 Bytes WaveData
[2016/05/20 00:52:43 874][Px17e7][Tx67fc700][TRC] LMOD       luac_logge 170  [isr:1535:ASR_MSG_AUW,   local  ]
[2016/05/20 00:52:43 875][Px17e7][Tx6ffd700][TRC] LMOD       luac_logge 170  [isr_local:1067:now expires:  1463730763  1485072161  ]
[2016/05/20 00:52:43 876][Px17e7][Tx6ffd700][TRC] LENGINE    aitalk.c   1749 GetResFileInfoList_FO(f80878c0, f80880c8, 256, 0)
[2016/05/20 00:52:43 876][Px17e7][Tx6ffd700][TRC] LENGINE    aitalk.c   1627 GetResPathInfo [in]
[2016/05/20 00:52:43 876][Px17e7][Tx57fa700][PRF] AUDIOCODEC audio_code 246  fetch 6400(Bytes) Wav cost 4(ms) (fea=0)
[2016/05/20 00:52:43 878][Px17e7][Tx67fc700][TRC] LMOD       luac_logge 170  [isr:1546:6400  2  ]
[2016/05/20 00:52:43 878][Px17e7][Tx67fc700][TRC] AUDIOCODEC audio_code 944  audioEncoder_Encode() [in]
[2016/05/20 00:52:43 879][Px17e7][Tx67fc700][INF] AUDIOCODEC audio_code 950  stat = 2, len = 6400
[2016/05/20 00:52:43 879][Px17e7][Tx67fc700][DBG] AUDIOCODEC audio_code 953  divided into 0 blocks
[2016/05/20 00:52:43 879][Px17e7][Tx67fc700][DBG] MSPTHREAD  MSPThreadP 733  POST audioEncoder:6:1:0
[2016/05/20 00:52:43 880][Px17e7][Tx67fc700][TRC] AUDIOCODEC audio_code 898  audioEncoder_GetVADParam(, 10001) [in]
[2016/05/20 00:52:43 880][Px17e7][Tx67fc700][DBG] LENGINE    leng_rpc.c 527  luacRPCFuncProto_Invoke() [out] ret = 0
[2016/05/20 00:52:43 881][Px17e7][Tx67fc700][DBG] LENGINE    leng_main. 513  ENGINE_MSG_RPC_ASYNC
[2016/05/20 00:52:43 881][Px17e7][Tx67fc700][DBG] LENGINE    leng_main. 521  [cisr1PdHHBHy5+WCkEgpaawnS0ny0gzWl+], stat = 1
[2016/05/20 00:52:43 881][Px17e7][Tx67fc700][DBG] LENGINE    leng_rpc.c 413  luacRPCFuncProto_Invoke(20bdf00,20bd860) [in]
[2016/05/20 00:52:43 882][Px17e7][Tx57fa700][DBG] AUDIOCODEC audio_code 262  vadStat = 0
[2016/05/20 00:52:43 883][Px17e7][Tx6ffd700][TRC] LENGINE    aitalk.c   1485 ParseHeaderInfo() [in]
[2016/05/20 00:52:43 883][Px17e7][Tx6ffd700][TRC] LENGINE    aitalk.c   1606 ParseHeaderInfo() [out]
[2016/05/20 00:52:43 883][Px17e7][Tx6ffd700][TRC] LENGINE    aitalk.c   1735 GetResPathInfo(ret=0) [out]
[2016/05/20 00:52:43 884][Px17e7][Tx6ffd700][TRC] LENGINE    aitalk.c   1788 GetResFileInfoList_FO(0)[out]
[2016/05/20 00:52:43 884][Px17e7][Tx6ffd700][TRC] LENGINE    luac_auth. 182  luac_auth_read| enter
[2016/05/20 00:52:43 884][Px17e7][Tx6ffd700][TRC] LENGINE    luac_auth. 266  read_cnt| enter
[2016/05/20 00:52:43 885][Px17e7][Tx57fa700][DBG] MSPTHREAD  MSPThreadP 733  POST l_engine_3:10:13:0
[2016/05/20 00:52:43 885][Px17e7][Tx67fc700][TRC] LMOD       luac_logge 170  [isr:1535:ASR_MSG_AUW,   local  ]
[2016/05/20 00:52:43 886][Px17e7][Tx6ffd700][WAR] LENGINE    luac_auth. 286  read_cnt| no license file, ret = 11200
[2016/05/20 00:52:43 887][Px17e7][Tx57fa700][TRC] AUDIOCODEC audio_code 175  ENCODE 6400, 2
[2016/05/20 00:52:43 887][Px17e7][Tx67fc700][TRC] LMOD       luac_logge 170  [isr:1546:6400  2  ]
[2016/05/20 00:52:43 888][Px17e7][Tx67fc700][TRC] AUDIOCODEC audio_code 944  audioEncoder_Encode() [in]
[2016/05/20 00:52:43 888][Px17e7][Tx67fc700][INF] AUDIOCODEC audio_code 950  stat = 2, len = 6400
[2016/05/20 00:52:43 889][Px17e7][Tx67fc700][DBG] AUDIOCODEC audio_code 953  divided into 0 blocks
[2016/05/20 00:52:43 889][Px17e7][Tx67fc700][DBG] MSPTHREAD  MSPThreadP 733  POST audioEncoder:6:1:0
[2016/05/20 00:52:43 889][Px17e7][Tx67fc700][TRC] AUDIOCODEC audio_code 898  audioEncoder_GetVADParam(, 10001) [in]
[2016/05/20 00:52:43 889][Px17e7][Tx67fc700][DBG] LENGINE    leng_rpc.c 527  luacRPCFuncProto_Invoke() [out] ret = 0
[2016/05/20 00:52:43 890][Px17e7][Tx6ffd700][ERR] LMOD       luac_logge 166  [auth:252:read auth file failed! err=  11200  ]
[2016/05/20 00:52:43 890][Px17e7][Tx6ffd700][TRC] LENGINE    aitalk.c   263  Esr_Create(f80878c0, 160, f8004928) [in]
[2016/05/20 00:52:43 892][Px17e7][Tx6ffd700][TRC] LENGINE    aitalk.c   1088 CBOpenFile: open file name:ivEsrSes
[2016/05/20 00:52:43 893][Px17e7][Tx57fa700][DBG] AUDIOCODEC audio_code 218  iFlyFixFrontAppendData 6400
[2016/05/20 00:52:43 893][Px17e7][Tx67fc700][DBG] LENGINE    leng_main. 513  ENGINE_MSG_RPC_ASYNC
[2016/05/20 00:52:43 895][Px17e7][Tx67fc700][DBG] LENGINE    leng_main. 521  [cisr1PdHHBHy5+WCkEgpaawnS0ny0gzWl+], stat = 1
[2016/05/20 00:52:43 895][Px17e7][Tx67fc700][DBG] LENGINE    leng_rpc.c 413  luacRPCFuncProto_Invoke(f4003a50,20bd860) [in]
[2016/05/20 00:52:43 895][Px17e7][Tx67fc700][TRC] AUDIOCODEC audio_code 1023 audioEncoder_Read(, 109033580) [in]
[2016/05/20 00:52:43 896][Px17e7][Tx67fc700][DBG] AUDIOCODEC audio_code 1037 completed = 0, availEncodedSize = 18560
[2016/05/20 00:52:43 896][Px17e7][Tx67fc700][DBG] AUDIOCODEC audio_code 1055 after read, availEncodedSize = 12160
[2016/05/20 00:52:43 897][Px17e7][Tx67fc700][DBG] AUDIOCODEC audio_code 1067 stat = 2, data = fc26f220
[2016/05/20 00:52:43 897][Px17e7][Tx67fc700][TRC] LENGINE    leng_shell 351  lEngine_PostMessage(fc26dea0,303,2,) [in]
[2016/05/20 00:52:43 898][Px17e7][Tx67fc700][DBG] MSPTHREAD  MSPThreadP 733  POST l_engine_2:10:7:0
[2016/05/20 00:52:43 898][Px17e7][Tx67fc700][TRC] LENGINE    leng_shell 374  lEngine_PostMessage() [out] 0
[2016/05/20 00:52:43 898][Px17e7][Tx67fc700][TRC] AUDIOCODEC audio_code 1023 audioEncoder_Read(, 109033580) [in]
[2016/05/20 00:52:43 899][Px17e7][Tx67fc700][DBG] AUDIOCODEC audio_code 1037 completed = 0, availEncodedSize = 12160
[2016/05/20 00:52:43 899][Px17e7][Tx67fc700][DBG] AUDIOCODEC audio_code 1055 after read, availEncodedSize = 5760
[2016/05/20 00:52:43 899][Px17e7][Tx67fc700][DBG] AUDIOCODEC audio_code 1067 stat = 2, data = fc26f220
[2016/05/20 00:52:43 900][Px17e7][Tx67fc700][TRC] LENGINE    leng_shell 351  lEngine_PostMessage(fc26dea0,303,2,) [in]
[2016/05/20 00:52:43 901][Px17e7][Tx67fc700][DBG] MSPTHREAD  MSPThreadP 733  POST l_engine_2:10:8:0
[2016/05/20 00:52:43 901][Px17e7][Tx67fc700][TRC] LENGINE    leng_shell 374  lEngine_PostMessage() [out] 0
[2016/05/20 00:52:43 901][Px17e7][Tx67fc700][TRC] AUDIOCODEC audio_code 1023 audioEncoder_Read(, 109033580) [in]
[2016/05/20 00:52:43 902][Px17e7][Tx67fc700][DBG] AUDIOCODEC audio_code 1037 completed = 0, availEncodedSize = 5760
[2016/05/20 00:52:43 902][Px17e7][Tx67fc700][DBG] LENGINE    leng_rpc.c 527  luacRPCFuncProto_Invoke() [out] ret = 0
[2016/05/20 00:52:43 902][Px17e7][Tx67fc700][DBG] LENGINE    leng_main. 513  ENGINE_MSG_RPC_ASYNC
[2016/05/20 00:52:43 903][Px17e7][Tx67fc700][DBG] LENGINE    leng_main. 521  [cisr1PdHHBHy5+WCkEgpaawnS0ny0gzWl+], stat = 1
[2016/05/20 00:52:43 903][Px17e7][Tx67fc700][DBG] LENGINE    leng_rpc.c 413  luacRPCFuncProto_Invoke(20c57b0,20bd860) [in]
[2016/05/20 00:52:43 903][Px17e7][Tx6ffd700][TRC] LENGINE    aitalk.c   1088 CBOpenFile: open file name:ivTMRes_16K.irf
[2016/05/20 00:52:43 904][Px17e7][Tx6ffd700][TRC] LENGINE    aitalk.c   1880 GetResFileInfo(f80878c0, ivTMRes_16K.irf, 6ffc00c)[in]
[2016/05/20 00:52:43 905][Px17e7][Tx6ffd700][TRC] LENGINE    aitalk.c   1901 GetResFileInfo | File[ivTMRes_16K.irf] Found!
[2016/05/20 00:52:43 905][Px17e7][Tx6ffd700][TRC] LENGINE    aitalk.c   1941 GetResFileInfo(0)[out]
[2016/05/20 00:52:43 906][Px17e7][Tx6ffd700][TRC] LENGINE    aitalk.c   1975 CBOpenFile | res_file_info=f8088290
[2016/05/20 00:52:43 906][Px17e7][Tx6ffd700][TRC] LENGINE    aitalk.c   1982 CBOpenFile | type=2
[2016/05/20 00:52:43 906][Px17e7][Tx6ffd700][TRC] LENGINE    aitalk.c   1985 CBOpenFile | ESR_FILE_OP_TYPE_FO : resource file name=res/asr/common.jet
[2016/05/20 00:52:43 907][Px17e7][Tx57fa700][TRC] AUDIOCODEC audio_code 245  fetch from VAD 6400 Bytes WaveData
[2016/05/20 00:52:43 907][Px17e7][Tx67fc700][TRC] LMOD       luac_logge 170  [isr:1535:ASR_MSG_AUW,   local  ]
[2016/05/20 00:52:43 910][Px17e7][Tx57fa700][PRF] AUDIOCODEC audio_code 246  fetch 6400(Bytes) Wav cost 13(ms) (fea=0)
[2016/05/20 00:52:43 915][Px17e7][Tx67fc700][TRC] LMOD       luac_logge 170  [isr:1546:6400  2  ]
[2016/05/20 00:52:43 918][Px17e7][Tx67fc700][TRC] AUDIOCODEC audio_code 944  audioEncoder_Encode() [in]
[2016/05/20 00:52:43 920][Px17e7][Tx67fc700][INF] AUDIOCODEC audio_code 950  stat = 2, len = 6400
[2016/05/20 00:52:43 924][Px17e7][Tx67fc700][DBG] AUDIOCODEC audio_code 953  divided into 0 blocks
[2016/05/20 00:52:43 926][Px17e7][Tx67fc700][DBG] MSPTHREAD  MSPThreadP 733  POST audioEncoder:6:2:0
[2016/05/20 00:52:43 928][Px17e7][Tx67fc700][TRC] AUDIOCODEC audio_code 898  audioEncoder_GetVADParam(, 10001) [in]
[2016/05/20 00:52:43 930][Px17e7][Tx67fc700][DBG] LENGINE    leng_rpc.c 527  luacRPCFuncProto_Invoke() [out] ret = 0
[2016/05/20 00:52:43 933][Px17e7][Tx67fc700][DBG] LENGINE    leng_main. 513  ENGINE_MSG_RPC_ASYNC
[2016/05/20 00:52:43 935][Px17e7][Tx67fc700][DBG] LENGINE    leng_main. 521  [cisr1PdHHBHy5+WCkEgpaawnS0ny0gzWl+], stat = 1
[2016/05/20 00:52:43 942][Px17e7][Tx67fc700][DBG] LENGINE    leng_rpc.c 413  luacRPCFuncProto_Invoke(21123b0,20bd860) [in]
[2016/05/20 00:52:43 944][Px17e7][Tx57fa700][DBG] AUDIOCODEC audio_code 262  vadStat = 0
[2016/05/20 00:52:43 946][Px17e7][Tx57fa700][DBG] MSPTHREAD  MSPThreadP 733  POST l_engine_3:10:11:0
[2016/05/20 00:52:43 946][Px17e7][Tx57fa700][TRC] AUDIOCODEC audio_code 175  ENCODE 6400, 2
[2016/05/20 00:52:43 947][Px17e7][Tx57fa700][DBG] AUDIOCODEC audio_code 218  iFlyFixFrontAppendData 6400
[2016/05/20 00:52:43 948][Px17e7][Tx57fa700][TRC] AUDIOCODEC audio_code 245  fetch from VAD 6400 Bytes WaveData
[2016/05/20 00:52:43 948][Px17e7][Tx57fa700][PRF] AUDIOCODEC audio_code 246  fetch 6400(Bytes) Wav cost 2(ms) (fea=0)
[2016/05/20 00:52:43 949][Px17e7][Tx57fa700][DBG] AUDIOCODEC audio_code 262  vadStat = 0
[2016/05/20 00:52:43 949][Px17e7][Tx57fa700][DBG] MSPTHREAD  MSPThreadP 733  POST l_engine_3:10:12:0
[2016/05/20 00:52:43 950][Px17e7][Tx57fa700][TRC] AUDIOCODEC audio_code 175  ENCODE 6400, 2
[2016/05/20 00:52:43 950][Px17e7][Tx67fc700][TRC] LMOD       luac_logge 170  [isr:1535:ASR_MSG_AUW,   local  ]
[2016/05/20 00:52:43 951][Px17e7][Tx6ffd700][DBG] MSPTHREAD  MSPThreadP 733  POST EsrService:1:1:0
[2016/05/20 00:52:43 951][Px17e7][Txeffff700][DBG] MSPTHREAD  MSPThreadP 825  EsrService IDLE
[2016/05/20 00:52:43 952][Px17e7][Tx57fa700][DBG] AUDIOCODEC audio_code 218  iFlyFixFrontAppendData 6400
[2016/05/20 00:52:43 952][Px17e7][Tx67fc700][TRC] LMOD       luac_logge 170  [isr:1546:6400  2  ]
[2016/05/20 00:52:43 953][Px17e7][Tx67fc700][TRC] AUDIOCODEC audio_code 944  audioEncoder_Encode() [in]
[2016/05/20 00:52:43 954][Px17e7][Tx67fc700][INF] AUDIOCODEC audio_code 950  stat = 2, len = 6400
[2016/05/20 00:52:43 955][Px17e7][Tx67fc700][DBG] AUDIOCODEC audio_code 953  divided into 0 blocks
[2016/05/20 00:52:43 955][Px17e7][Tx67fc700][DBG] MSPTHREAD  MSPThreadP 733  POST audioEncoder:6:1:0
[2016/05/20 00:52:43 955][Px17e7][Tx67fc700][TRC] AUDIOCODEC audio_code 898  audioEncoder_GetVADParam(, 10001) [in]
[2016/05/20 00:52:43 956][Px17e7][Tx67fc700][DBG] LENGINE    leng_rpc.c 527  luacRPCFuncProto_Invoke() [out] ret = 0
[2016/05/20 00:52:43 957][Px17e7][Tx6ffd700][TRC] LENGINE    aitalk.c   355  Esr_Create(0) [out]
[2016/05/20 00:52:43 958][Px17e7][Tx6ffd700][TRC] LENGINE    aitalk.c   591  Esr_SetParam(f80878c0, 103, 1) [in]
[2016/05/20 00:52:43 958][Px17e7][Tx6ffd700][TRC] LENGINE    aitalk.c   606  Esr_SetParam(0) [out]
[2016/05/20 00:52:43 959][Px17e7][Tx6ffd700][TRC] LENGINE    aitalk.c   591  Esr_SetParam(f80878c0, 2, 10000) [in]
[2016/05/20 00:52:43 959][Px17e7][Tx6ffd700][TRC] LENGINE    aitalk.c   606  Esr_SetParam(23102) [out]
[2016/05/20 00:52:43 960][Px17e7][Tx6ffd700][TRC] LENGINE    aitalk.c   591  Esr_SetParam(f80878c0, 110, 2000) [in]
[2016/05/20 00:52:43 960][Px17e7][Tx6ffd700][TRC] LENGINE    aitalk.c   606  Esr_SetParam(0) [out]
[2016/05/20 00:52:43 961][Px17e7][Txeffff700][DBG] MSPTHREAD  MSPThreadP 867  EsrService RUN <EsrService>
[2016/05/20 00:52:43 962][Px17e7][Tx57fa700][DBG] MSPTHREAD  MSPThreadP 733  POST l_engine_3:10:13:0
[2016/05/20 00:52:43 963][Px17e7][Tx67fc700][DBG] LENGINE    leng_main. 513  ENGINE_MSG_RPC_ASYNC
[2016/05/20 00:52:43 963][Px17e7][Tx67fc700][DBG] LENGINE    leng_main. 521  [cisr1PdHHBHy5+WCkEgpaawnS0ny0gzWl+], stat = 1
[2016/05/20 00:52:43 963][Px17e7][Tx67fc700][DBG] LENGINE    leng_rpc.c 413  luacRPCFuncProto_Invoke(21126b0,20bd860) [in]
[2016/05/20 00:52:43 964][Px17e7][Tx6ffd700][INF] LMOD       luac_logge 172  [isr_local:1272:authorized_aitalk=  nil  ]
[2016/05/20 00:52:43 965][Px17e7][Txeffff700][TRC] LENGINE    aitalk.c   364  ESRRunThread() [in]| esr->hObj = 0x4e97020
[2016/05/20 00:52:43 965][Px17e7][Tx57fa700][TRC] AUDIOCODEC audio_code 245  fetch from VAD 6400 Bytes WaveData
[2016/05/20 00:52:43 966][Px17e7][Tx67fc700][TRC] LMOD       luac_logge 170  [isr:1535:ASR_MSG_AUW,   local  ]
[2016/05/20 00:52:43 966][Px17e7][Tx6ffd700][INF] LMOD       luac_logge 172  [isr_local:1273:forbid_aitalk=  nil  ]
[2016/05/20 00:52:43 967][Px17e7][Txeffff700][TRC] LENGINE    aitalk.c   1450 service begin!
[2016/05/20 00:52:43 968][Px17e7][Tx57fa700][PRF] AUDIOCODEC audio_code 246  fetch 6400(Bytes) Wav cost 14(ms) (fea=0)
[2016/05/20 00:52:43 969][Px17e7][Tx67fc700][TRC] LMOD       luac_logge 170  [isr:1546:6400  2  ]
[2016/05/20 00:52:43 969][Px17e7][Tx67fc700][TRC] AUDIOCODEC audio_code 944  audioEncoder_Encode() [in]
[2016/05/20 00:52:43 970][Px17e7][Tx67fc700][INF] AUDIOCODEC audio_code 950  stat = 2, len = 6400
[2016/05/20 00:52:43 970][Px17e7][Tx67fc700][DBG] AUDIOCODEC audio_code 953  divided into 0 blocks
[2016/05/20 00:52:43 971][Px17e7][Tx67fc700][DBG] MSPTHREAD  MSPThreadP 733  POST audioEncoder:6:2:0
[2016/05/20 00:52:43 971][Px17e7][Tx67fc700][TRC] AUDIOCODEC audio_code 898  audioEncoder_GetVADParam(, 10001) [in]
[2016/05/20 00:52:43 971][Px17e7][Tx67fc700][DBG] LENGINE    leng_rpc.c 527  luacRPCFuncProto_Invoke() [out] ret = 0
[2016/05/20 00:52:43 972][Px17e7][Tx67fc700][DBG] LENGINE    leng_main. 513  ENGINE_MSG_RPC_ASYNC
[2016/05/20 00:52:43 972][Px17e7][Tx67fc700][DBG] LENGINE    leng_main. 521  [cisr1PdHHBHy5+WCkEgpaawnS0ny0gzWl+], stat = 1
[2016/05/20 00:52:43 973][Px17e7][Tx67fc700][DBG] LENGINE    leng_rpc.c 413  luacRPCFuncProto_Invoke(f4003d40,20bd860) [in]
[2016/05/20 00:52:43 973][Px17e7][Tx67fc700][TRC] AUDIOCODEC audio_code 1023 audioEncoder_Read(, 109033580) [in]
[2016/05/20 00:52:43 974][Px17e7][Tx67fc700][DBG] AUDIOCODEC audio_code 1037 completed = 0, availEncodedSize = 18560
[2016/05/20 00:52:43 974][Px17e7][Tx67fc700][DBG] AUDIOCODEC audio_code 1055 after read, availEncodedSize = 12160
[2016/05/20 00:52:43 974][Px17e7][Tx67fc700][DBG] AUDIOCODEC audio_code 1067 stat = 2, data = fc29f7a0
[2016/05/20 00:52:43 975][Px17e7][Tx67fc700][TRC] LENGINE    leng_shell 351  lEngine_PostMessage(fc26dea0,303,2,) [in]
[2016/05/20 00:52:43 975][Px17e7][Tx67fc700][DBG] MSPTHREAD  MSPThreadP 733  POST l_engine_2:10:9:0
[2016/05/20 00:52:43 975][Px17e7][Tx67fc700][TRC] LENGINE    leng_shell 374  lEngine_PostMessage() [out] 0
[2016/05/20 00:52:43 976][Px17e7][Tx67fc700][TRC] AUDIOCODEC audio_code 1023 audioEncoder_Read(, 109033580) [in]
[2016/05/20 00:52:43 976][Px17e7][Tx67fc700][DBG] AUDIOCODEC audio_code 1037 completed = 0, availEncodedSize = 12160
[2016/05/20 00:52:43 977][Px17e7][Tx67fc700][DBG] AUDIOCODEC audio_code 1055 after read, availEncodedSize = 5760
[2016/05/20 00:52:43 977][Px17e7][Tx67fc700][DBG] AUDIOCODEC audio_code 1067 stat = 2, data = fc29f7a0
[2016/05/20 00:52:43 977][Px17e7][Tx67fc700][TRC] LENGINE    leng_shell 351  lEngine_PostMessage(fc26dea0,303,2,) [in]
[2016/05/20 00:52:43 978][Px17e7][Tx67fc700][DBG] MSPTHREAD  MSPThreadP 733  POST l_engine_2:10:10:0
[2016/05/20 00:52:43 978][Px17e7][Tx67fc700][TRC] LENGINE    leng_shell 374  lEngine_PostMessage() [out] 0
[2016/05/20 00:52:43 979][Px17e7][Tx67fc700][TRC] AUDIOCODEC audio_code 1023 audioEncoder_Read(, 109033580) [in]
[2016/05/20 00:52:43 979][Px17e7][Tx67fc700][DBG] AUDIOCODEC audio_code 1037 completed = 0, availEncodedSize = 5760
[2016/05/20 00:52:43 980][Px17e7][Tx67fc700][DBG] LENGINE    leng_rpc.c 527  luacRPCFuncProto_Invoke() [out] ret = 0
[2016/05/20 00:52:43 980][Px17e7][Tx67fc700][DBG] LENGINE    leng_main. 513  ENGINE_MSG_RPC_ASYNC
[2016/05/20 00:52:43 980][Px17e7][Tx67fc700][DBG] LENGINE    leng_main. 521  [cisr1PdHHBHy5+WCkEgpaawnS0ny0gzWl+], stat = 1
[2016/05/20 00:52:43 981][Px17e7][Tx67fc700][DBG] LENGINE    leng_rpc.c 413  luacRPCFuncProto_Invoke(20c9a50,20bd860) [in]
[2016/05/20 00:52:43 981][Px17e7][Tx57fa700][DBG] AUDIOCODEC audio_code 262  vadStat = 0
[2016/05/20 00:52:43 982][Px17e7][Tx57fa700][DBG] MSPTHREAD  MSPThreadP 733  POST l_engine_3:10:11:0
[2016/05/20 00:52:43 982][Px17e7][Tx57fa700][TRC] AUDIOCODEC audio_code 175  ENCODE 6400, 2
[2016/05/20 00:52:43 983][Px17e7][Tx57fa700][DBG] AUDIOCODEC audio_code 218  iFlyFixFrontAppendData 6400
[2016/05/20 00:52:43 984][Px17e7][Tx57fa700][DBG] MSPTHREAD  MSPThreadP 733  POST l_engine_3:10:12:0
[2016/05/20 00:52:43 984][Px17e7][Tx57fa700][TRC] AUDIOCODEC audio_code 245  fetch from VAD 6400 Bytes WaveData
[2016/05/20 00:52:43 986][Px17e7][Tx67fc700][TRC] LMOD       luac_logge 170  [isr:1535:ASR_MSG_AUW,   local  ]
[2016/05/20 00:52:43 986][Px17e7][Tx6ffd700][TRC] LMOD       luac_logge 170  [auth:570:aitalk  table(f8087650) nil  nil  appid = 583467f7  ]
[2016/05/20 00:52:43 987][Px17e7][Tx57fa700][PRF] AUDIOCODEC audio_code 246  fetch 6400(Bytes) Wav cost 3(ms) (fea=0)
[2016/05/20 00:52:43 988][Px17e7][Tx67fc700][TRC] LMOD       luac_logge 170  [isr:1546:6400  2  ]
[2016/05/20 00:52:43 989][Px17e7][Tx67fc700][TRC] AUDIOCODEC audio_code 944  audioEncoder_Encode() [in]
[2016/05/20 00:52:43 989][Px17e7][Tx67fc700][INF] AUDIOCODEC audio_code 950  stat = 2, len = 6400
[2016/05/20 00:52:43 989][Px17e7][Tx67fc700][DBG] AUDIOCODEC audio_code 953  divided into 0 blocks
[2016/05/20 00:52:43 990][Px17e7][Tx67fc700][DBG] MSPTHREAD  MSPThreadP 733  POST audioEncoder:6:2:0
[2016/05/20 00:52:43 990][Px17e7][Tx67fc700][TRC] AUDIOCODEC audio_code 898  audioEncoder_GetVADParam(, 10001) [in]
[2016/05/20 00:52:43 991][Px17e7][Tx67fc700][DBG] LENGINE    leng_rpc.c 527  luacRPCFuncProto_Invoke() [out] ret = 0
[2016/05/20 00:52:43 991][Px17e7][Tx67fc700][DBG] LENGINE    leng_main. 513  ENGINE_MSG_RPC_ASYNC
[2016/05/20 00:52:43 992][Px17e7][Tx67fc700][DBG] LENGINE    leng_main. 521  [cisr1PdHHBHy5+WCkEgpaawnS0ny0gzWl+], stat = 1
[2016/05/20 00:52:43 992][Px17e7][Tx67fc700][DBG] LENGINE    leng_rpc.c 413  luacRPCFuncProto_Invoke(2114360,20bd860) [in]
[2016/05/20 00:52:43 992][Px17e7][Tx57fa700][DBG] AUDIOCODEC audio_code 262  vadStat = 6
[2016/05/20 00:52:43 993][Px17e7][Tx57fa700][DBG] MSPTHREAD  MSPThreadP 733  POST l_engine_3:10:12:0
[2016/05/20 00:52:43 993][Px17e7][Tx67fc700][TRC] LMOD       luac_logge 170  [isr:1535:ASR_MSG_AUW,   local  ]
[2016/05/20 00:52:43 994][Px17e7][Tx6ffd700][TRC] LMOD       luac_logge 170  [auth:579:app  nil  nil  nil  ]
[2016/05/20 00:52:43 995][Px17e7][Tx57fa700][TRC] AUDIOCODEC audio_code 175  ENCODE 6400, 2
[2016/05/20 00:52:43 995][Px17e7][Tx67fc700][TRC] LMOD       luac_logge 170  [isr:1546:0  4  ]
[2016/05/20 00:52:43 996][Px17e7][Tx6ffd700][TRC] LMOD       luac_logge 170  [auth:636:ath rquest  {"authorize":[{"busin":"aitalk","ver":"2.1.1"}]}  ]
[2016/05/20 00:52:43 997][Px17e7][Tx57fa700][DBG] AUDIOCODEC audio_code 218  iFlyFixFrontAppendData 6400
[2016/05/20 00:52:43 998][Px17e7][Tx67fc700][TRC] LMOD       luac_logge 170  [isr:1579:aud end, USER  ]
[2016/05/20 00:52:43 999][Px17e7][Tx67fc700][TRC] AUDIOCODEC audio_code 944  audioEncoder_Encode() [in]
[2016/05/20 00:52:43 999][Px17e7][Tx67fc700][INF] AUDIOCODEC audio_code 950  stat = 4, len = 0
[2016/05/20 00:52:43 999][Px17e7][Tx67fc700][DBG] AUDIOCODEC audio_code 953  divided into 0 blocks
[2016/05/20 00:52:44 000][Px17e7][Tx67fc700][DBG] MSPTHREAD  MSPThreadP 733  POST audioEncoder:6:2:0
[2016/05/20 00:52:44 001][Px17e7][Tx67fc700][TRC] AUDIOCODEC audio_code 898  audioEncoder_GetVADParam(, 10001) [in]
[2016/05/20 00:52:44 001][Px17e7][Tx67fc700][DBG] LENGINE    leng_rpc.c 527  luacRPCFuncProto_Invoke() [out] ret = 0
[2016/05/20 00:52:44 002][Px17e7][Tx6ffd700][INF] LMOD       luac_logge 172  [transport:609:paramkvsport is   nil  ]
[2016/05/20 00:52:44 002][Px17e7][Tx57fa700][DBG] MSPTHREAD  MSPThreadP 733  POST l_engine_3:10:13:0
[2016/05/20 00:52:44 003][Px17e7][Tx6ffd700][INF] LMOD       luac_logge 172  [transport:617:ns_enable=  1  ]
[2016/05/20 00:52:44 003][Px17e7][Tx67fc700][DBG] LENGINE    leng_main. 513  ENGINE_MSG_RPC_ASYNC
[2016/05/20 00:52:44 004][Px17e7][Tx67fc700][DBG] LENGINE    leng_main. 521  [cisr1PdHHBHy5+WCkEgpaawnS0ny0gzWl+], stat = 1
[2016/05/20 00:52:44 005][Px17e7][Tx67fc700][DBG] LENGINE    leng_rpc.c 413  luacRPCFuncProto_Invoke(f4004030,20bd860) [in]
[2016/05/20 00:52:44 005][Px17e7][Tx67fc700][TRC] AUDIOCODEC audio_code 1023 audioEncoder_Read(, 109033580) [in]
[2016/05/20 00:52:44 005][Px17e7][Tx67fc700][DBG] AUDIOCODEC audio_code 1037 completed = 0, availEncodedSize = 18560
[2016/05/20 00:52:44 006][Px17e7][Tx67fc700][DBG] AUDIOCODEC audio_code 1055 after read, availEncodedSize = 12160
[2016/05/20 00:52:44 006][Px17e7][Tx67fc700][DBG] AUDIOCODEC audio_code 1067 stat = 2, data = fc29de90
[2016/05/20 00:52:44 007][Px17e7][Tx67fc700][TRC] LENGINE    leng_shell 351  lEngine_PostMessage(fc26dea0,303,2,) [in]
[2016/05/20 00:52:44 007][Px17e7][Tx67fc700][DBG] MSPTHREAD  MSPThreadP 733  POST l_engine_2:10:11:0
[2016/05/20 00:52:44 007][Px17e7][Tx67fc700][TRC] LENGINE    leng_shell 374  lEngine_PostMessage() [out] 0
[2016/05/20 00:52:44 008][Px17e7][Tx67fc700][TRC] AUDIOCODEC audio_code 1023 audioEncoder_Read(, 109033580) [in]
[2016/05/20 00:52:44 008][Px17e7][Tx67fc700][DBG] AUDIOCODEC audio_code 1037 completed = 0, availEncodedSize = 12160
[2016/05/20 00:52:44 008][Px17e7][Tx67fc700][DBG] AUDIOCODEC audio_code 1055 after read, availEncodedSize = 5760
[2016/05/20 00:52:44 009][Px17e7][Tx67fc700][DBG] AUDIOCODEC audio_code 1067 stat = 2, data = fc29de90
[2016/05/20 00:52:44 009][Px17e7][Tx67fc700][TRC] LENGINE    leng_shell 351  lEngine_PostMessage(fc26dea0,303,2,) [in]
[2016/05/20 00:52:44 010][Px17e7][Tx67fc700][DBG] MSPTHREAD  MSPThreadP 733  POST l_engine_2:10:12:0
[2016/05/20 00:52:44 010][Px17e7][Tx67fc700][TRC] LENGINE    leng_shell 374  lEngine_PostMessage() [out] 0
[2016/05/20 00:52:44 011][Px17e7][Tx67fc700][TRC] AUDIOCODEC audio_code 1023 audioEncoder_Read(, 109033580) [in]
[2016/05/20 00:52:44 011][Px17e7][Tx67fc700][DBG] AUDIOCODEC audio_code 1037 completed = 0, availEncodedSize = 5760
[2016/05/20 00:52:44 011][Px17e7][Tx67fc700][DBG] LENGINE    leng_rpc.c 527  luacRPCFuncProto_Invoke() [out] ret = 0
[2016/05/20 00:52:44 012][Px17e7][Tx67fc700][DBG] LENGINE    leng_main. 513  ENGINE_MSG_RPC_ASYNC
[2016/05/20 00:52:44 012][Px17e7][Tx67fc700][DBG] LENGINE    leng_main. 521  [cisr1PdHHBHy5+WCkEgpaawnS0ny0gzWl+], stat = 1
[2016/05/20 00:52:44 012][Px17e7][Tx67fc700][DBG] LENGINE    leng_rpc.c 413  luacRPCFuncProto_Invoke(f40008c0,20bd860) [in]
[2016/05/20 00:52:44 013][Px17e7][Tx67fc700][TRC] AUDIOCODEC audio_code 1023 audioEncoder_Read(, 109033580) [in]
[2016/05/20 00:52:44 013][Px17e7][Tx67fc700][DBG] AUDIOCODEC audio_code 1037 completed = 0, availEncodedSize = 5760
[2016/05/20 00:52:44 014][Px17e7][Tx67fc700][DBG] LENGINE    leng_rpc.c 527  luacRPCFuncProto_Invoke() [out] ret = 0
[2016/05/20 00:52:44 014][Px17e7][Tx67fc700][DBG] LENGINE    leng_main. 513  ENGINE_MSG_RPC_ASYNC
[2016/05/20 00:52:44 014][Px17e7][Tx67fc700][DBG] LENGINE    leng_main. 521  [cisr1PdHHBHy5+WCkEgpaawnS0ny0gzWl+], stat = 1
[2016/05/20 00:52:44 015][Px17e7][Tx67fc700][DBG] LENGINE    leng_rpc.c 413  luacRPCFuncProto_Invoke(f4000b10,20bd860) [in]
[2016/05/20 00:52:44 015][Px17e7][Tx67fc700][TRC] AUDIOCODEC audio_code 1023 audioEncoder_Read(, 109033580) [in]
[2016/05/20 00:52:44 016][Px17e7][Tx67fc700][DBG] AUDIOCODEC audio_code 1037 completed = 0, availEncodedSize = 5760
[2016/05/20 00:52:44 016][Px17e7][Tx67fc700][DBG] LENGINE    leng_rpc.c 527  luacRPCFuncProto_Invoke() [out] ret = 0
[2016/05/20 00:52:44 017][Px17e7][Tx67fc700][DBG] LENGINE    leng_main. 513  ENGINE_MSG_RPC_ASYNC
[2016/05/20 00:52:44 017][Px17e7][Tx67fc700][DBG] LENGINE    leng_main. 521  [cisr1PdHHBHy5+WCkEgpaawnS0ny0gzWl+], stat = 1
[2016/05/20 00:52:44 018][Px17e7][Tx67fc700][DBG] LENGINE    leng_rpc.c 413  luacRPCFuncProto_Invoke(f4000db0,20bd860) [in]
[2016/05/20 00:52:44 018][Px17e7][Tx67fc700][TRC] AUDIOCODEC audio_code 1023 audioEncoder_Read(, 109033580) [in]
[2016/05/20 00:52:44 018][Px17e7][Tx67fc700][DBG] AUDIOCODEC audio_code 1037 completed = 0, availEncodedSize = 5760
[2016/05/20 00:52:44 019][Px17e7][Tx67fc700][DBG] LENGINE    leng_rpc.c 527  luacRPCFuncProto_Invoke() [out] ret = 0
[2016/05/20 00:52:44 019][Px17e7][Tx67fc700][DBG] LENGINE    leng_main. 513  ENGINE_MSG_RPC_ASYNC
[2016/05/20 00:52:44 019][Px17e7][Tx67fc700][DBG] LENGINE    leng_main. 521  [cisr1PdHHBHy5+WCkEgpaawnS0ny0gzWl+], stat = 1
[2016/05/20 00:52:44 020][Px17e7][Tx67fc700][DBG] LENGINE    leng_rpc.c 413  luacRPCFuncProto_Invoke(f4004400,20bd860) [in]
[2016/05/20 00:52:44 020][Px17e7][Tx67fc700][TRC] AUDIOCODEC audio_code 1023 audioEncoder_Read(, 109033580) [in]
[2016/05/20 00:52:44 021][Px17e7][Tx67fc700][DBG] AUDIOCODEC audio_code 1037 completed = 0, availEncodedSize = 5760
[2016/05/20 00:52:44 021][Px17e7][Tx67fc700][DBG] LENGINE    leng_rpc.c 527  luacRPCFuncProto_Invoke() [out] ret = 0
[2016/05/20 00:52:44 022][Px17e7][Tx67fc700][DBG] LENGINE    leng_main. 513  ENGINE_MSG_RPC_ASYNC
[2016/05/20 00:52:44 022][Px17e7][Tx67fc700][DBG] LENGINE    leng_main. 521  [cisr1PdHHBHy5+WCkEgpaawnS0ny0gzWl+], stat = 1
[2016/05/20 00:52:44 022][Px17e7][Tx67fc700][DBG] LENGINE    leng_rpc.c 413  luacRPCFuncProto_Invoke(f4004650,20bd860) [in]
[2016/05/20 00:52:44 023][Px17e7][Tx67fc700][TRC] AUDIOCODEC audio_code 1023 audioEncoder_Read(, 109033580) [in]
[2016/05/20 00:52:44 023][Px17e7][Tx67fc700][DBG] AUDIOCODEC audio_code 1037 completed = 0, availEncodedSize = 5760
[2016/05/20 00:52:44 023][Px17e7][Tx67fc700][DBG] LENGINE    leng_rpc.c 527  luacRPCFuncProto_Invoke() [out] ret = 0
[2016/05/20 00:52:44 024][Px17e7][Tx67fc700][DBG] LENGINE    leng_main. 513  ENGINE_MSG_RPC_ASYNC
[2016/05/20 00:52:44 025][Px17e7][Tx67fc700][DBG] LENGINE    leng_main. 521  [cisr1PdHHBHy5+WCkEgpaawnS0ny0gzWl+], stat = 1
[2016/05/20 00:52:44 025][Px17e7][Tx67fc700][DBG] LENGINE    leng_rpc.c 413  luacRPCFuncProto_Invoke(f4003a50,20bd860) [in]
[2016/05/20 00:52:44 025][Px17e7][Tx67fc700][TRC] AUDIOCODEC audio_code 1023 audioEncoder_Read(, 109033580) [in]
[2016/05/20 00:52:44 026][Px17e7][Tx67fc700][DBG] AUDIOCODEC audio_code 1037 completed = 0, availEncodedSize = 5760
[2016/05/20 00:52:44 026][Px17e7][Tx67fc700][DBG] LENGINE    leng_rpc.c 527  luacRPCFuncProto_Invoke() [out] ret = 0
[2016/05/20 00:52:44 026][Px17e7][Tx67fc700][DBG] LENGINE    leng_main. 513  ENGINE_MSG_RPC_ASYNC
[2016/05/20 00:52:44 027][Px17e7][Tx67fc700][DBG] LENGINE    leng_main. 521  [cisr1PdHHBHy5+WCkEgpaawnS0ny0gzWl+], stat = 1
[2016/05/20 00:52:44 027][Px17e7][Tx6ffd700][INF] LMOD       luac_logge 172  [transport:661:url.full=  nil  ]
[2016/05/20 00:52:44 027][Px17e7][Tx57fa700][TRC] AUDIOCODEC audio_code 245  fetch from VAD 6400 Bytes WaveData
[2016/05/20 00:52:44 028][Px17e7][Tx57fa700][PRF] AUDIOCODEC audio_code 246  fetch 6400(Bytes) Wav cost 31(ms) (fea=0)
[2016/05/20 00:52:44 029][Px17e7][Tx6ffd700][INF] LMOD       luac_logge 172  [transport:837:switch 80  ]
[2016/05/20 00:52:44 029][Px17e7][Tx67fc700][DBG] LENGINE    leng_rpc.c 413  luacRPCFuncProto_Invoke(f40010c0,20bd860) [in]
[2016/05/20 00:52:44 030][Px17e7][Tx67fc700][TRC] AUDIOCODEC audio_code 1023 audioEncoder_Read(, 109033580) [in]
[2016/05/20 00:52:44 030][Px17e7][Tx67fc700][DBG] AUDIOCODEC audio_code 1037 completed = 0, availEncodedSize = 5760
[2016/05/20 00:52:44 031][Px17e7][Tx67fc700][DBG] LENGINE    leng_rpc.c 527  luacRPCFuncProto_Invoke() [out] ret = 0
[2016/05/20 00:52:44 031][Px17e7][Tx6ffd700][TRC] LMOD       luac_logge 170  [transport:844:net type:  standard  ]
[2016/05/20 00:52:44 032][Px17e7][Tx57fa700][DBG] AUDIOCODEC audio_code 262  vadStat = 0
[2016/05/20 00:52:44 033][Px17e7][Tx57fa700][DBG] MSPTHREAD  MSPThreadP 733  POST l_engine_3:10:5:0
[2016/05/20 00:52:44 034][Px17e7][Tx6ffd700][TRC] LMOD       luac_logge 170  [transport:845:net operator:  def  ]
[2016/05/20 00:52:44 035][Px17e7][Tx67fc700][DBG] LENGINE    leng_main. 513  ENGINE_MSG_RPC_ASYNC
[2016/05/20 00:52:44 036][Px17e7][Tx67fc700][DBG] LENGINE    leng_main. 521  [cisr1PdHHBHy5+WCkEgpaawnS0ny0gzWl+], stat = 1
[2016/05/20 00:52:44 037][Px17e7][Tx67fc700][DBG] LENGINE    leng_rpc.c 413  luacRPCFuncProto_Invoke(f40013b0,20bd860) [in]
[2016/05/20 00:52:44 037][Px17e7][Tx67fc700][TRC] AUDIOCODEC audio_code 1023 audioEncoder_Read(, 109033580) [in]
[2016/05/20 00:52:44 038][Px17e7][Tx67fc700][DBG] AUDIOCODEC audio_code 1037 completed = 0, availEncodedSize = 12160
[2016/05/20 00:52:44 038][Px17e7][Tx67fc700][DBG] AUDIOCODEC audio_code 1055 after read, availEncodedSize = 5760
[2016/05/20 00:52:44 039][Px17e7][Tx6ffd700][TRC] LMOD       luac_logge 170  [transport:846:use proxy:  false  ]
[2016/05/20 00:52:44 039][Px17e7][Tx57fa700][TRC] AUDIOCODEC audio_code 175  ENCODE 6400, 2
[2016/05/20 00:52:44 041][Px17e7][Tx57fa700][DBG] AUDIOCODEC audio_code 218  iFlyFixFrontAppendData 6400
[2016/05/20 00:52:44 042][Px17e7][Tx57fa700][DBG] MSPTHREAD  MSPThreadP 733  POST l_engine_3:10:6:0
[2016/05/20 00:52:44 042][Px17e7][Tx57fa700][TRC] AUDIOCODEC audio_code 245  fetch from VAD 6400 Bytes WaveData
[2016/05/20 00:52:44 043][Px17e7][Tx6ffd700][WAR] LMOD       luac_logge 168  [auth:691:not login!  ]
[2016/05/20 00:52:44 043][Px17e7][Tx67fc700][DBG] AUDIOCODEC audio_code 1067 stat = 2, data = fc29de90
[2016/05/20 00:52:44 044][Px17e7][Tx67fc700][TRC] LENGINE    leng_shell 351  lEngine_PostMessage(fc26dea0,303,2,) [in]
[2016/05/20 00:52:44 045][Px17e7][Tx67fc700][DBG] MSPTHREAD  MSPThreadP 733  POST l_engine_2:10:13:0
[2016/05/20 00:52:44 045][Px17e7][Tx67fc700][TRC] LENGINE    leng_shell 374  lEngine_PostMessage() [out] 0
[2016/05/20 00:52:44 045][Px17e7][Tx6ffd700][TRC] LMOD       luac_logge 170  [auth:528:[session] send auth request  ]
[2016/05/20 00:52:44 046][Px17e7][Tx57fa700][PRF] AUDIOCODEC audio_code 246  fetch 6400(Bytes) Wav cost 2(ms) (fea=0)
[2016/05/20 00:52:44 048][Px17e7][Tx57fa700][DBG] AUDIOCODEC audio_code 262  vadStat = 0
[2016/05/20 00:52:44 048][Px17e7][Tx6ffd700][INF] LMOD       luac_logge 172  [transport:959:session.domain=  open.xf-yun.com  ]
[2016/05/20 00:52:44 049][Px17e7][Tx67fc700][TRC] AUDIOCODEC audio_code 1023 audioEncoder_Read(, 109033580) [in]
[2016/05/20 00:52:44 050][Px17e7][Tx57fa700][DBG] MSPTHREAD  MSPThreadP 733  POST l_engine_3:10:7:0
[2016/05/20 00:52:44 050][Px17e7][Tx6ffd700][INF] LMOD       luac_logge 172  [transport:960:url.host=  open.xf-yun.com  ]
[2016/05/20 00:52:44 051][Px17e7][Tx6ffd700][INF] LLOADER    lloader.c  327  load dkjson
[2016/05/20 00:52:44 052][Px17e7][Tx6ffd700][INF] LLOADER    lloader.c  339  a intalled entry
[2016/05/20 00:52:44 052][Px17e7][Tx6ffd700][INF] LLOADER    lloader.c  365  from rom
[2016/05/20 00:52:44 053][Px17e7][Tx6ffd700][PRF] LLOADER    lloader.c  397  load dkjson cost 2 (ms)
[2016/05/20 00:52:44 054][Px17e7][Tx57fa700][TRC] AUDIOCODEC audio_code 175  ENCODE 0, 4
[2016/05/20 00:52:44 055][Px17e7][Tx57fa700][DBG] AUDIOCODEC audio_code 228  iFlyFixFrontEndAudioData
[2016/05/20 00:52:44 056][Px17e7][Tx6ffd700][DBG] LMOD       luac_logge 178  [network:83:ipfromenv ,  ipcache  open.xf-yun.com  def  nil  ]
[2016/05/20 00:52:44 056][Px17e7][Tx67fc700][DBG] AUDIOCODEC audio_code 1037 completed = 0, availEncodedSize = 12160
[2016/05/20 00:52:44 057][Px17e7][Tx67fc700][DBG] AUDIOCODEC audio_code 1055 after read, availEncodedSize = 5760
[2016/05/20 00:52:44 057][Px17e7][Tx67fc700][DBG] AUDIOCODEC audio_code 1067 stat = 2, data = fc29de90
[2016/05/20 00:52:44 058][Px17e7][Tx67fc700][TRC] LENGINE    leng_shell 351  lEngine_PostMessage(fc26dea0,303,2,) [in]
[2016/05/20 00:52:44 058][Px17e7][Tx67fc700][DBG] MSPTHREAD  MSPThreadP 733  POST l_engine_2:10:14:0
[2016/05/20 00:52:44 058][Px17e7][Tx67fc700][TRC] LENGINE    leng_shell 374  lEngine_PostMessage() [out] 0
[2016/05/20 00:52:44 059][Px17e7][Tx67fc700][TRC] AUDIOCODEC audio_code 1023 audioEncoder_Read(, 109033580) [in]
[2016/05/20 00:52:44 060][Px17e7][Tx67fc700][DBG] AUDIOCODEC audio_code 1037 completed = 0, availEncodedSize = 5760
[2016/05/20 00:52:44 060][Px17e7][Tx67fc700][DBG] LENGINE    leng_rpc.c 527  luacRPCFuncProto_Invoke() [out] ret = 0
[2016/05/20 00:52:44 061][Px17e7][Tx57fa700][DBG] MSPTHREAD  MSPThreadP 733  POST l_engine_3:10:8:0
[2016/05/20 00:52:44 061][Px17e7][Tx57fa700][DBG] AUDIOCODEC audio_code 262  vadStat = 8
[2016/05/20 00:52:44 062][Px17e7][Tx6ffd700][TRC] LMOD       luac_logge 170  [transport:994:NAMESERVER START  ]
[2016/05/20 00:52:44 062][Px17e7][Tx67fc700][DBG] LENGINE    leng_main. 513  ENGINE_MSG_RPC_ASYNC
[2016/05/20 00:52:44 063][Px17e7][Tx67fc700][DBG] LENGINE    leng_main. 521  [cisr1PdHHBHy5+WCkEgpaawnS0ny0gzWl+], stat = 1
[2016/05/20 00:52:44 063][Px17e7][Tx67fc700][DBG] LENGINE    leng_rpc.c 413  luacRPCFuncProto_Invoke(f4003d40,20bd860) [in]
[2016/05/20 00:52:44 064][Px17e7][Tx67fc700][TRC] AUDIOCODEC audio_code 1023 audioEncoder_Read(, 109033580) [in]
[2016/05/20 00:52:44 065][Px17e7][Tx67fc700][DBG] AUDIOCODEC audio_code 1037 completed = 0, availEncodedSize = 5760
[2016/05/20 00:52:44 065][Px17e7][Tx67fc700][DBG] LENGINE    leng_rpc.c 527  luacRPCFuncProto_Invoke() [out] ret = 0
[2016/05/20 00:52:44 066][Px17e7][Tx67fc700][DBG] LENGINE    leng_main. 513  ENGINE_MSG_RPC_ASYNC
[2016/05/20 00:52:44 066][Px17e7][Tx67fc700][DBG] LENGINE    leng_main. 521  [cisr1PdHHBHy5+WCkEgpaawnS0ny0gzWl+], stat = 1
[2016/05/20 00:52:44 066][Px17e7][Tx67fc700][DBG] LENGINE    leng_rpc.c 413  luacRPCFuncProto_Invoke(f4001680,20bd860) [in]
[2016/05/20 00:52:44 067][Px17e7][Tx67fc700][TRC] AUDIOCODEC audio_code 1023 audioEncoder_Read(, 109033580) [in]
[2016/05/20 00:52:44 067][Px17e7][Tx67fc700][DBG] AUDIOCODEC audio_code 1037 completed = 0, availEncodedSize = 5760
[2016/05/20 00:52:44 067][Px17e7][Tx67fc700][DBG] LENGINE    leng_rpc.c 527  luacRPCFuncProto_Invoke() [out] ret = 0
[2016/05/20 00:52:44 068][Px17e7][Tx67fc700][DBG] LENGINE    leng_main. 513  ENGINE_MSG_RPC_ASYNC
[2016/05/20 00:52:44 069][Px17e7][Tx67fc700][DBG] LENGINE    leng_main. 521  [cisr1PdHHBHy5+WCkEgpaawnS0ny0gzWl+], stat = 1
[2016/05/20 00:52:44 069][Px17e7][Tx67fc700][DBG] LENGINE    leng_rpc.c 413  luacRPCFuncProto_Invoke(f4001940,20bd860) [in]
[2016/05/20 00:52:44 069][Px17e7][Tx67fc700][TRC] AUDIOCODEC audio_code 1023 audioEncoder_Read(, 109033580) [in]
[2016/05/20 00:52:44 070][Px17e7][Tx67fc700][DBG] AUDIOCODEC audio_code 1037 completed = 0, availEncodedSize = 5760
[2016/05/20 00:52:44 070][Px17e7][Tx67fc700][DBG] LENGINE    leng_rpc.c 527  luacRPCFuncProto_Invoke() [out] ret = 0
[2016/05/20 00:52:44 071][Px17e7][Tx67fc700][DBG] LENGINE    leng_main. 513  ENGINE_MSG_RPC_ASYNC
[2016/05/20 00:52:44 071][Px17e7][Tx67fc700][DBG] LENGINE    leng_main. 521  [cisr1PdHHBHy5+WCkEgpaawnS0ny0gzWl+], stat = 1
[2016/05/20 00:52:44 071][Px17e7][Tx67fc700][DBG] LENGINE    leng_rpc.c 413  luacRPCFuncProto_Invoke(f4001c30,20bd860) [in]
[2016/05/20 00:52:44 072][Px17e7][Tx67fc700][TRC] AUDIOCODEC audio_code 1023 audioEncoder_Read(, 109033580) [in]
[2016/05/20 00:52:44 074][Px17e7][Tx67fc700][DBG] AUDIOCODEC audio_code 1037 completed = 0, availEncodedSize = 5760
[2016/05/20 00:52:44 074][Px17e7][Tx67fc700][DBG] LENGINE    leng_rpc.c 527  luacRPCFuncProto_Invoke() [out] ret = 0
[2016/05/20 00:52:44 074][Px17e7][Tx67fc700][DBG] LENGINE    leng_main. 513  ENGINE_MSG_RPC_ASYNC
[2016/05/20 00:52:44 075][Px17e7][Tx67fc700][DBG] LENGINE    leng_main. 521  [cisr1PdHHBHy5+WCkEgpaawnS0ny0gzWl+], stat = 1
[2016/05/20 00:52:44 075][Px17e7][Tx6ffd700][INF] LMOD       luac_logge 172  [transport:997:name =   ath  ]
[2016/05/20 00:52:44 076][Px17e7][Tx57fa700][TRC] AUDIOCODEC audio_code 273  VAD: finished!
[2016/05/20 00:52:44 077][Px17e7][Tx57fa700][DBG] MSPTHREAD  MSPThreadP 733  POST l_engine_3:10:4:0
[2016/05/20 00:52:44 077][Px17e7][Tx57fa700][TRC] AUDIOCODEC audio_code 303  encoding completed!
[2016/05/20 00:52:44 078][Px17e7][Tx57fa700][DBG] MSPTHREAD  MSPThreadP 733  POST l_engine_3:10:5:0
[2016/05/20 00:52:44 079][Px17e7][Tx6ffd700][INF] LMOD       luac_logge 172  [ns:727:ntt=  standard  ]
[2016/05/20 00:52:44 079][Px17e7][Tx67fc700][DBG] LENGINE    leng_rpc.c 413  luacRPCFuncProto_Invoke(f4004650,20bd860) [in]
[2016/05/20 00:52:44 080][Px17e7][Tx67fc700][TRC] AUDIOCODEC audio_code 1023 audioEncoder_Read(, 109033580) [in]
[2016/05/20 00:52:44 080][Px17e7][Tx67fc700][DBG] AUDIOCODEC audio_code 1037 completed = 1, availEncodedSize = 5760
[2016/05/20 00:52:44 081][Px17e7][Tx67fc700][DBG] AUDIOCODEC audio_code 1055 after read, availEncodedSize = 0
[2016/05/20 00:52:44 081][Px17e7][Tx67fc700][DBG] AUDIOCODEC audio_code 1067 stat = 4, data = fc29de90
[2016/05/20 00:52:44 082][Px17e7][Tx6ffd700][INF] LMOD       luac_logge 172  [transport:1000:trans,ns_inprog =  0  ]
[2016/05/20 00:52:44 082][Px17e7][Tx67fc700][TRC] LENGINE    leng_shell 351  lEngine_PostMessage(fc26dea0,303,2,) [in]
[2016/05/20 00:52:44 083][Px17e7][Tx6ffd700][TRC] LMOD       luac_logge 170  [ns:682:name server start  ]
[2016/05/20 00:52:44 084][Px17e7][Tx67fc700][DBG] MSPTHREAD  MSPThreadP 733  POST l_engine_2:10:15:0
[2016/05/20 00:52:44 084][Px17e7][Tx67fc700][TRC] LENGINE    leng_shell 374  lEngine_PostMessage() [out] 0
[2016/05/20 00:52:44 085][Px17e7][Tx6ffd700][INF] LMOD       luac_logge 172  [ns:683:ns_sub =   ath  ]
[2016/05/20 00:52:44 085][Px17e7][Tx67fc700][DBG] LENGINE    leng_rpc.c 527  luacRPCFuncProto_Invoke() [out] ret = 0
[2016/05/20 00:52:44 086][Px17e7][Tx67fc700][DBG] LENGINE    leng_main. 513  ENGINE_MSG_RPC_ASYNC
[2016/05/20 00:52:44 086][Px17e7][Tx6ffd700][INF] LMOD       luac_logge 172  [ns:685:ns_host=  open.xf-yun.com  ]
[2016/05/20 00:52:44 087][Px17e7][Tx67fc700][DBG] LENGINE    leng_main. 521  [cisr1PdHHBHy5+WCkEgpaawnS0ny0gzWl+], stat = 1
[2016/05/20 00:52:44 087][Px17e7][Tx67fc700][DBG] LENGINE    leng_rpc.c 413  luacRPCFuncProto_Invoke(f4001f00,20bd860) [in]
[2016/05/20 00:52:44 088][Px17e7][Tx67fc700][TRC] AUDIOCODEC audio_code 1023 audioEncoder_Read(, 109033580) [in]
[2016/05/20 00:52:44 088][Px17e7][Tx6ffd700][INF] LMOD       luac_logge 172  [ns:403:ns_host=  open.xf-yun.com  ]
[2016/05/20 00:52:44 089][Px17e7][Tx67fc700][DBG] LENGINE    leng_rpc.c 527  luacRPCFuncProto_Invoke() [out] ret = 0
[2016/05/20 00:52:44 089][Px17e7][Tx67fc700][DBG] LENGINE    leng_main. 513  ENGINE_MSG_RPC_ASYNC
[2016/05/20 00:52:44 090][Px17e7][Tx67fc700][DBG] LENGINE    leng_main. 521  [cisr1PdHHBHy5+WCkEgpaawnS0ny0gzWl+], stat = 1
[2016/05/20 00:52:44 090][Px17e7][Tx6ffd700][DBG] LMOD       luac_logge 178  [ns:662:GET /sip/resolver?srand=0520005211.32 HTTP/1.1
Host: hdns.openspeech.cn
Connection: Keep-Alive
X-Par: ver=1.2&appid=583467f7&operator=UNKNOW&nettype=STANDARD&cver=5.0.27.1135&svc=ath&host=open.xf-yun.com&sign=ab5642eee045664edaa7e929fd22b4cc
User-Agent: iFLYCloud

  ]
[2016/05/20 00:52:44 091][Px17e7][Tx67fc700][DBG] LENGINE    leng_rpc.c 413  luacRPCFuncProto_Invoke(f4004400,20bd860) [in]
[2016/05/20 00:52:44 092][Px17e7][Tx6ffd700][INF] LMOD       luac_logge 172  [ns:663:net_type =  standard  ]
[2016/05/20 00:52:44 092][Px17e7][Tx67fc700][TRC] AUDIOCODEC audio_code 1023 audioEncoder_Read(, 109033580) [in]
[2016/05/20 00:52:44 093][Px17e7][Tx67fc700][DBG] LENGINE    leng_rpc.c 527  luacRPCFuncProto_Invoke() [out] ret = 0
[2016/05/20 00:52:44 093][Px17e7][Tx67fc700][DBG] LENGINE    leng_main. 513  ENGINE_MSG_RPC_ASYNC
[2016/05/20 00:52:44 094][Px17e7][Tx6ffd700][INF] LMOD       luac_logge 172  [ns:664:cmwapascmnet =  ]
[2016/05/20 00:52:44 094][Px17e7][Tx67fc700][DBG] LENGINE    leng_main. 521  [cisr1PdHHBHy5+WCkEgpaawnS0ny0gzWl+], stat = 1
[2016/05/20 00:52:44 095][Px17e7][Tx67fc700][DBG] LENGINE    leng_rpc.c 413  luacRPCFuncProto_Invoke(f4004030,20bd860) [in]
[2016/05/20 00:52:44 095][Px17e7][Tx6ffd700][INF] LMOD       luac_logge 172  [ns:665:uniwapasuninet =  ]
[2016/05/20 00:52:44 095][Px17e7][Tx67fc700][TRC] AUDIOCODEC audio_code 1023 audioEncoder_Read(, 109033580) [in]
[2016/05/20 00:52:44 096][Px17e7][Tx6ffd700][INF] LMOD       luac_logge 172  [ns:666:ctwapasctnet =  ]
[2016/05/20 00:52:44 096][Px17e7][Tx67fc700][DBG] LENGINE    leng_rpc.c 527  luacRPCFuncProto_Invoke() [out] ret = 0
[2016/05/20 00:52:44 097][Px17e7][Tx67fc700][DBG] LENGINE    leng_main. 513  ENGINE_MSG_RPC_ASYNC
[2016/05/20 00:52:44 097][Px17e7][Tx67fc700][DBG] LENGINE    leng_main. 521  [cisr1PdHHBHy5+WCkEgpaawnS0ny0gzWl+], stat = 1
[2016/05/20 00:52:44 098][Px17e7][Tx6ffd700][INF] LMOD       luac_logge 172  [ns:676:host=  hdns.openspeech.cn  ]
[2016/05/20 00:52:44 098][Px17e7][Tx6ffd700][TRC] MSPADNS    MSPAsyncDn 268  MSPAsyncDns_Start() [in]
[2016/05/20 00:52:44 098][Px17e7][Tx7fff700][DBG] MSPADNS    MSPAsyncDn 184  gethostbyname(hdns.openspeech.cn) start [id=-130106920]
[2016/05/20 00:52:44 099][Px17e7][Tx6ffd700][TRC] MSPADNS    MSPAsyncDn 268  MSPAsyncDns_Start() [in]
[2016/05/20 00:52:44 100][Px17e7][Tx67fc700][DBG] LENGINE    leng_rpc.c 413  luacRPCFuncProto_Invoke(f40013b0,20bd860) [in]
[2016/05/20 00:52:44 102][Px17e7][Tx6ffd700][TRC] LMOD       luac_logge 170  [auth:535:0  ]
[2016/05/20 00:52:44 103][Px17e7][Tx67fc700][TRC] LMOD       luac_logge 170  [isr:855:[aud] speech end  ]
[2016/05/20 00:52:44 104][Px17e7][Tx67fc700][TRC] AUDIOCODEC audio_code 898  audioEncoder_GetVADParam(, 10002) [in]
[2016/05/20 00:52:44 104][Px17e7][Tx67fc700][TRC] AUDIOCODEC audio_code 898  audioEncoder_GetVADParam(, 10003) [in]
[2016/05/20 00:52:44 105][Px17e7][Tx67fc700][TRC] AUDIOCODEC audio_code 898  audioEncoder_GetVADParam(, 10004) [in]
[2016/05/20 00:52:44 105][Px17e7][Tx67fc700][TRC] AUDIOCODEC audio_code 898  audioEncoder_GetVADParam(, 10005) [in]
[2016/05/20 00:52:44 106][Px17e7][Tx7fff700][ERR] MSPADNS    MSPAsyncDn 211  gethostbyname(hdns.openspeech.cn) failed: Temporary failure in name resolution [id=-130106920]
[2016/05/20 00:52:44 106][Px17e7][Tx7fff700][DBG] MSPTHREAD  MSPThreadP 733  POST l_engine_2:10:16:0
[2016/05/20 00:52:44 106][Px17e7][Tx7fff700][DBG] MSPADNS    MSPAsyncDn 184  gethostbyname(open.xf-yun.com) start [id=-130105688]
[2016/05/20 00:52:44 107][Px17e7][Tx7fff700][ERR] MSPADNS    MSPAsyncDn 211  gethostbyname(open.xf-yun.com) failed: Temporary failure in name resolution [id=-130105688]
[2016/05/20 00:52:44 108][Px17e7][Tx7fff700][DBG] MSPTHREAD  MSPThreadP 733  POST l_engine_2:10:17:0
[2016/05/20 00:52:44 108][Px17e7][Tx6ffd700][INF] LMOD       luac_logge 172  [auth:498:lver:  nil  ]
[2016/05/20 00:52:44 109][Px17e7][Tx67fc700][TRC] AUDIOCODEC audio_code 1023 audioEncoder_Read(, 109033580) [in]
[2016/05/20 00:52:44 109][Px17e7][Tx67fc700][DBG] LENGINE    leng_rpc.c 527  luacRPCFuncProto_Invoke() [out] ret = 0
[2016/05/20 00:52:44 110][Px17e7][Tx6ffd700][INF] LMOD       luac_logge 172  [auth:503:cfg_ver:  nil  ]
[2016/05/20 00:52:44 110][Px17e7][Tx6ffd700][TRC] LENGINE    aitalk.c   591  Esr_SetParam(f80878c0, 103, 1) [in]
[2016/05/20 00:52:44 110][Px17e7][Tx6ffd700][TRC] LENGINE    aitalk.c   606  Esr_SetParam(0) [out]
[2016/05/20 00:52:44 111][Px17e7][Tx6ffd700][TRC] LENGINE    aitalk.c   591  Esr_SetParam(f80878c0, 2, 10000) [in]
[2016/05/20 00:52:44 111][Px17e7][Tx6ffd700][TRC] LENGINE    aitalk.c   606  Esr_SetParam(23102) [out]
[2016/05/20 00:52:44 112][Px17e7][Tx6ffd700][TRC] LENGINE    aitalk.c   591  Esr_SetParam(f80878c0, 110, 2000) [in]
[2016/05/20 00:52:44 112][Px17e7][Tx6ffd700][TRC] LENGINE    aitalk.c   606  Esr_SetParam(0) [out]
[2016/05/20 00:52:44 112][Px17e7][Tx67fc700][DBG] LENGINE    leng_main. 513  ENGINE_MSG_RPC_ASYNC
[2016/05/20 00:52:44 113][Px17e7][Tx67fc700][DBG] LENGINE    leng_main. 521  [cisr1PdHHBHy5+WCkEgpaawnS0ny0gzWl+], stat = 1
[2016/05/20 00:52:44 113][Px17e7][Tx67fc700][DBG] LENGINE    leng_rpc.c 413  luacRPCFuncProto_Invoke(f4001680,20bd860) [in]
[2016/05/20 00:52:44 114][Px17e7][Tx67fc700][TRC] AUDIOCODEC audio_code 1023 audioEncoder_Read(, 109033580) [in]
[2016/05/20 00:52:44 114][Px17e7][Tx67fc700][DBG] LENGINE    leng_rpc.c 527  luacRPCFuncProto_Invoke() [out] ret = 0
[2016/05/20 00:52:44 114][Px17e7][Tx67fc700][DBG] LENGINE    leng_main. 535  ENGINE_MSG_RPC_SYNC
[2016/05/20 00:52:44 115][Px17e7][Tx67fc700][DBG] LENGINE    leng_main. 543  [cisr1PdHHBHy5+WCkEgpaawnS0ny0gzWl+], stat = 1
[2016/05/20 00:52:44 115][Px17e7][Tx67fc700][DBG] LENGINE    leng_rpc.c 413  luacRPCFuncProto_Invoke(20c5140,20bd860) [in]
[2016/05/20 00:52:44 115][Px17e7][Tx6ffd700][TRC] LMOD       luac_logge 170  [isr_local:2015:commit path:   res/asr/GrmBuilld/temp/commit  ]
[2016/05/20 00:52:44 116][Px17e7][Tx67fc700][TRC] LMOD       luac_logge 170  [isr:1618:ASR_MSG_GRSLT,   local  ]
[2016/05/20 00:52:44 117][Px17e7][Tx6ffd700][TRC] LENGINE    aitalk.c   616  Esr_CommitNetWork(f80878c0) [in]
[2016/05/20 00:52:44 118][Px17e7][Tx6ffd700][TRC] LENGINE    aitalk.c   1088 CBOpenFile: open file name:cmd.g
[2016/05/20 00:52:44 118][Px17e7][Tx67fc700][TRC] LMOD       luac_logge 170  [isr:1297:0  nil  2  ]
[2016/05/20 00:52:44 119][Px17e7][Tx67fc700][DBG] LENGINE    leng_rpc.c 527  luacRPCFuncProto_Invoke() [out] ret = 0
[2016/05/20 00:52:44 119][Px17e7][Tx6ffd700][TRC] LENGINE    aitalk.c   1221 CBCopyFile| pName=c, pGrmName=cmd_16K, ret=0
[2016/05/20 00:52:44 120][Px17e7][Txe08b700][TRC] LENGINE    leng_shell 428  lEngine_SendMessage() [out] 0
[2016/05/20 00:52:44 121][Px17e7][Txe08b700][TRC] QISR       qisr.c     455  QISRGetResult() [out] 0 2 0
[2016/05/20 00:52:44 122][Px17e7][Tx6ffd700][TRC] LENGINE    aitalk.c   1221 CBCopyFile| pName=c, pGrmName=cmd.g, ret=0
[2016/05/20 00:52:44 126][Px17e7][Tx6ffd700][TRC] LENGINE    aitalk.c   1088 CBOpenFile: open file name:cmd.g
[2016/05/20 00:52:44 128][Px17e7][Tx6ffd700][TRC] LENGINE    aitalk.c   1221 CBCopyFile| pName=b, pGrmName=bzvskdaa.d, ret=0
[2016/05/20 00:52:44 130][Px17e7][Tx6ffd700][TRC] LENGINE    aitalk.c   1221 CBCopyFile| pName=y, pGrmName=yzwxomga.d, ret=0
[2016/05/20 00:52:44 132][Px17e7][Tx6ffd700][TRC] LENGINE    aitalk.c   1221 CBCopyFile| pName=u, pGrmName=uikawbda.d, ret=0
[2016/05/20 00:52:44 135][Px17e7][Tx6ffd700][TRC] LENGINE    aitalk.c   658  Esr_CommitNetWork(0) [out]
[2016/05/20 00:52:44 137][Px17e7][Tx6ffd700][TRC] LMOD       luac_logge 170  [isr_local:2053:commit success!  ]
[2016/05/20 00:52:44 137][Px17e7][Tx6ffd700][TRC] LENGINE    aitalk.c   501  Esr_Start(f80878c0, f806c558) [in]
[2016/05/20 00:52:44 138][Px17e7][Tx6ffd700][TRC] LENGINE    aitalk.c   1088 CBOpenFile: open file name:cmd.g
[2016/05/20 00:52:44 139][Px17e7][Tx6ffd700][TRC] LENGINE    aitalk.c   1088 CBOpenFile: open file name:bzvskdaa.d
[2016/05/20 00:52:44 140][Px17e7][Tx6ffd700][TRC] LENGINE    aitalk.c   1088 CBOpenFile: open file name:yzwxomga.d
[2016/05/20 00:52:44 141][Px17e7][Tx6ffd700][TRC] LENGINE    aitalk.c   1088 CBOpenFile: open file name:uikawbda.d
[2016/05/20 00:52:44 142][Px17e7][Tx6ffd700][TRC] LENGINE    aitalk.c   1088 CBOpenFile: open file name:cmd_16K
[2016/05/20 00:52:44 144][Px17e7][Tx6ffd700][TRC] LENGINE    aitalk.c   552  Esr_Start(0) [out]
[2016/05/20 00:52:44 145][Px17e7][Tx6ffd700][TRC] LMOD       luac_logge 170  [isr_local:1387:esr_session_begin | esr_obj:start ret =  0  ]
[2016/05/20 00:52:44 146][Px17e7][Tx6ffd700][TRC] LMOD       luac_logge 170  [isr_local:2099:esr_session_begin, ret =   0  ]
[2016/05/20 00:52:44 147][Px17e7][Tx6ffd700][INF] LMOD       luac_logge 172  [isr_local:2242:last gc at  1463730749  ]
[2016/05/20 00:52:44 147][Px17e7][Tx6ffd700][DBG] LENGINE    leng_rpc.c 527  luacRPCFuncProto_Invoke() [out] ret = 0
[2016/05/20 00:52:44 148][Px17e7][Tx6ffd700][DBG] LENGINE    leng_main. 513  ENGINE_MSG_RPC_ASYNC
[2016/05/20 00:52:44 148][Px17e7][Tx6ffd700][DBG] LENGINE    leng_main. 521  [isr_local], stat = 1
[2016/05/20 00:52:44 148][Px17e7][Tx6ffd700][DBG] LENGINE    leng_rpc.c 413  luacRPCFuncProto_Invoke(fc270c10,fc26dea0) [in]
[2016/05/20 00:52:44 149][Px17e7][Tx6ffd700][TRC] LMOD       luac_logge 170  [isr_local:2103:ASR_LOCAL_MSG_AUW  ]
[2016/05/20 00:52:44 150][Px17e7][Tx6ffd700][TRC] LMOD       luac_logge 170  [isr_local:601:audio buffered :   udata(f83f23d8) 1  ]
[2016/05/20 00:52:44 151][Px17e7][Tx6ffd700][INF] LMOD       luac_logge 172  [isr_local:2242:last gc at  1463730749  ]
[2016/05/20 00:52:44 152][Px17e7][Tx6ffd700][DBG] LENGINE    leng_rpc.c 527  luacRPCFuncProto_Invoke() [out] ret = 0
[2016/05/20 00:52:44 152][Px17e7][Tx6ffd700][DBG] LENGINE    leng_main. 513  ENGINE_MSG_RPC_ASYNC
[2016/05/20 00:52:44 152][Px17e7][Tx6ffd700][DBG] LENGINE    leng_main. 521  [isr_local], stat = 1
[2016/05/20 00:52:44 153][Px17e7][Tx6ffd700][DBG] LENGINE    leng_rpc.c 413  luacRPCFuncProto_Invoke(fc270f00,fc26dea0) [in]
[2016/05/20 00:52:44 154][Px17e7][Tx6ffd700][TRC] LMOD       luac_logge 170  [isr_local:2103:ASR_LOCAL_MSG_AUW  ]
[2016/05/20 00:52:44 155][Px17e7][Tx6ffd700][TRC] LMOD       luac_logge 170  [isr_local:601:audio buffered :   udata(f83f2698) 2  ]
[2016/05/20 00:52:44 156][Px17e7][Tx6ffd700][INF] LMOD       luac_logge 172  [isr_local:2242:last gc at  1463730749  ]
[2016/05/20 00:52:44 156][Px17e7][Tx6ffd700][DBG] LENGINE    leng_rpc.c 527  luacRPCFuncProto_Invoke() [out] ret = 0
[2016/05/20 00:52:44 157][Px17e7][Tx6ffd700][DBG] LENGINE    leng_main. 513  ENGINE_MSG_RPC_ASYNC
[2016/05/20 00:52:44 158][Px17e7][Tx6ffd700][DBG] LENGINE    leng_main. 521  [isr_local], stat = 1
[2016/05/20 00:52:44 158][Px17e7][Tx6ffd700][DBG] LENGINE    leng_rpc.c 413  luacRPCFuncProto_Invoke(fc272d90,fc26dea0) [in]
[2016/05/20 00:52:44 159][Px17e7][Tx6ffd700][TRC] LMOD       luac_logge 170  [isr_local:2103:ASR_LOCAL_MSG_AUW  ]
[2016/05/20 00:52:44 160][Px17e7][Tx6ffd700][TRC] LMOD       luac_logge 170  [isr_local:601:audio buffered :   udata(f83f2738) 2  ]
[2016/05/20 00:52:44 160][Px17e7][Tx6ffd700][INF] LMOD       luac_logge 172  [isr_local:2242:last gc at  1463730749  ]
[2016/05/20 00:52:44 161][Px17e7][Tx6ffd700][DBG] LENGINE    leng_rpc.c 527  luacRPCFuncProto_Invoke() [out] ret = 0
[2016/05/20 00:52:44 161][Px17e7][Tx6ffd700][DBG] LENGINE    leng_main. 513  ENGINE_MSG_RPC_ASYNC
[2016/05/20 00:52:44 162][Px17e7][Tx6ffd700][DBG] LENGINE    leng_main. 521  [isr_local], stat = 1
[2016/05/20 00:52:44 162][Px17e7][Tx6ffd700][DBG] LENGINE    leng_rpc.c 413  luacRPCFuncProto_Invoke(fc2730c0,fc26dea0) [in]
[2016/05/20 00:52:44 163][Px17e7][Tx6ffd700][TRC] LMOD       luac_logge 170  [isr_local:2103:ASR_LOCAL_MSG_AUW  ]
[2016/05/20 00:52:44 164][Px17e7][Tx6ffd700][TRC] LMOD       luac_logge 170  [isr_local:601:audio buffered :   udata(f83f2568) 2  ]
[2016/05/20 00:52:44 165][Px17e7][Tx6ffd700][INF] LMOD       luac_logge 172  [isr_local:2242:last gc at  1463730749  ]
[2016/05/20 00:52:44 166][Px17e7][Tx6ffd700][DBG] LENGINE    leng_rpc.c 527  luacRPCFuncProto_Invoke() [out] ret = 0
[2016/05/20 00:52:44 166][Px17e7][Tx6ffd700][DBG] LENGINE    leng_main. 513  ENGINE_MSG_RPC_ASYNC
[2016/05/20 00:52:44 166][Px17e7][Tx6ffd700][DBG] LENGINE    leng_main. 521  [isr_local], stat = 1
[2016/05/20 00:52:44 167][Px17e7][Tx6ffd700][DBG] LENGINE    leng_rpc.c 413  luacRPCFuncProto_Invoke(fc2733a0,fc26dea0) [in]
[2016/05/20 00:52:44 168][Px17e7][Tx6ffd700][TRC] LMOD       luac_logge 170  [isr_local:2103:ASR_LOCAL_MSG_AUW  ]
[2016/05/20 00:52:44 169][Px17e7][Tx6ffd700][TRC] LMOD       luac_logge 170  [isr_local:601:audio buffered :   udata(f83f28e8) 2  ]
[2016/05/20 00:52:44 171][Px17e7][Tx6ffd700][INF] LMOD       luac_logge 172  [isr_local:2242:last gc at  1463730749  ]
[2016/05/20 00:52:44 172][Px17e7][Tx6ffd700][DBG] LENGINE    leng_rpc.c 527  luacRPCFuncProto_Invoke() [out] ret = 0
[2016/05/20 00:52:44 172][Px17e7][Tx6ffd700][DBG] LENGINE    leng_main. 513  ENGINE_MSG_RPC_ASYNC
[2016/05/20 00:52:44 172][Px17e7][Tx6ffd700][DBG] LENGINE    leng_main. 521  [isr_local], stat = 1
[2016/05/20 00:52:44 173][Px17e7][Tx6ffd700][DBG] LENGINE    leng_rpc.c 413  luacRPCFuncProto_Invoke(fc273740,fc26dea0) [in]
[2016/05/20 00:52:44 174][Px17e7][Tx6ffd700][TRC] LMOD       luac_logge 170  [isr_local:2103:ASR_LOCAL_MSG_AUW  ]
[2016/05/20 00:52:44 175][Px17e7][Tx6ffd700][TRC] LMOD       luac_logge 170  [isr_local:601:audio buffered :   udata(f83f27d8) 2  ]
[2016/05/20 00:52:44 176][Px17e7][Tx6ffd700][INF] LMOD       luac_logge 172  [isr_local:2242:last gc at  1463730749  ]
[2016/05/20 00:52:44 176][Px17e7][Tx6ffd700][DBG] LENGINE    leng_rpc.c 527  luacRPCFuncProto_Invoke() [out] ret = 0
[2016/05/20 00:52:44 177][Px17e7][Tx6ffd700][DBG] LENGINE    leng_main. 513  ENGINE_MSG_RPC_ASYNC
[2016/05/20 00:52:44 177][Px17e7][Tx6ffd700][DBG] LENGINE    leng_main. 521  [isr_local], stat = 1
[2016/05/20 00:52:44 178][Px17e7][Tx6ffd700][DBG] LENGINE    leng_rpc.c 413  luacRPCFuncProto_Invoke(fc273dc0,fc26dea0) [in]
[2016/05/20 00:52:44 178][Px17e7][Tx6ffd700][TRC] LMOD       luac_logge 170  [isr_local:2103:ASR_LOCAL_MSG_AUW  ]
[2016/05/20 00:52:44 179][Px17e7][Tx6ffd700][TRC] LMOD       luac_logge 170  [isr_local:601:audio buffered :   udata(f83f3da8) 2  ]
[2016/05/20 00:52:44 180][Px17e7][Tx6ffd700][INF] LMOD       luac_logge 172  [isr_local:2242:last gc at  1463730749  ]
[2016/05/20 00:52:44 180][Px17e7][Tx6ffd700][DBG] LENGINE    leng_rpc.c 527  luacRPCFuncProto_Invoke() [out] ret = 0
[2016/05/20 00:52:44 181][Px17e7][Tx6ffd700][DBG] LENGINE    leng_main. 513  ENGINE_MSG_RPC_ASYNC
[2016/05/20 00:52:44 182][Px17e7][Tx6ffd700][DBG] LENGINE    leng_main. 521  [isr_local], stat = 1
[2016/05/20 00:52:44 182][Px17e7][Tx6ffd700][DBG] LENGINE    leng_rpc.c 413  luacRPCFuncProto_Invoke(fc2740c0,fc26dea0) [in]
[2016/05/20 00:52:44 183][Px17e7][Tx6ffd700][TRC] LMOD       luac_logge 170  [isr_local:2103:ASR_LOCAL_MSG_AUW  ]
[2016/05/20 00:52:44 183][Px17e7][Tx6ffd700][TRC] LMOD       luac_logge 170  [isr_local:601:audio buffered :   udata(f83f29e8) 2  ]
[2016/05/20 00:52:44 185][Px17e7][Tx6ffd700][INF] LMOD       luac_logge 172  [isr_local:2242:last gc at  1463730749  ]
[2016/05/20 00:52:44 186][Px17e7][Tx6ffd700][DBG] LENGINE    leng_rpc.c 527  luacRPCFuncProto_Invoke() [out] ret = 0
[2016/05/20 00:52:44 186][Px17e7][Tx6ffd700][DBG] LENGINE    leng_main. 513  ENGINE_MSG_RPC_ASYNC
[2016/05/20 00:52:44 187][Px17e7][Tx6ffd700][DBG] LENGINE    leng_main. 521  [isr_local], stat = 1
[2016/05/20 00:52:44 187][Px17e7][Tx6ffd700][DBG] LENGINE    leng_rpc.c 413  luacRPCFuncProto_Invoke(fc26f330,fc26dea0) [in]
[2016/05/20 00:52:44 189][Px17e7][Tx6ffd700][TRC] LMOD       luac_logge 170  [isr_local:2103:ASR_LOCAL_MSG_AUW  ]
[2016/05/20 00:52:44 190][Px17e7][Tx6ffd700][TRC] LMOD       luac_logge 170  [isr_local:601:audio buffered :   udata(f83f3fe8) 2  ]
[2016/05/20 00:52:44 191][Px17e7][Tx6ffd700][INF] LMOD       luac_logge 172  [isr_local:2242:last gc at  1463730749  ]
[2016/05/20 00:52:44 192][Px17e7][Tx6ffd700][DBG] LENGINE    leng_rpc.c 527  luacRPCFuncProto_Invoke() [out] ret = 0
[2016/05/20 00:52:44 193][Px17e7][Tx6ffd700][DBG] LENGINE    leng_main. 513  ENGINE_MSG_RPC_ASYNC
[2016/05/20 00:52:44 193][Px17e7][Tx6ffd700][DBG] LENGINE    leng_main. 521  [isr_local], stat = 1
[2016/05/20 00:52:44 194][Px17e7][Tx6ffd700][DBG] LENGINE    leng_rpc.c 413  luacRPCFuncProto_Invoke(fc26f6a0,fc26dea0) [in]
[2016/05/20 00:52:44 194][Px17e7][Tx6ffd700][TRC] LMOD       luac_logge 170  [isr_local:2103:ASR_LOCAL_MSG_AUW  ]
[2016/05/20 00:52:44 196][Px17e7][Tx6ffd700][TRC] LMOD       luac_logge 170  [isr_local:601:audio buffered :   udata(f83f49d8) 2  ]
[2016/05/20 00:52:44 197][Px17e7][Tx6ffd700][INF] LMOD       luac_logge 172  [isr_local:2242:last gc at  1463730749  ]
[2016/05/20 00:52:44 197][Px17e7][Tx6ffd700][DBG] LENGINE    leng_rpc.c 527  luacRPCFuncProto_Invoke() [out] ret = 0
[2016/05/20 00:52:44 198][Px17e7][Tx6ffd700][DBG] LENGINE    leng_main. 513  ENGINE_MSG_RPC_ASYNC
[2016/05/20 00:52:44 198][Px17e7][Tx6ffd700][DBG] LENGINE    leng_main. 521  [isr_local], stat = 1
[2016/05/20 00:52:44 199][Px17e7][Tx6ffd700][DBG] LENGINE    leng_rpc.c 413  luacRPCFuncProto_Invoke(fc271cb0,fc26dea0) [in]
[2016/05/20 00:52:44 199][Px17e7][Tx6ffd700][TRC] LMOD       luac_logge 170  [isr_local:2103:ASR_LOCAL_MSG_AUW  ]
[2016/05/20 00:52:44 201][Px17e7][Tx6ffd700][TRC] LMOD       luac_logge 170  [isr_local:601:audio buffered :   udata(f83f4ad8) 2  ]
[2016/05/20 00:52:44 202][Px17e7][Tx6ffd700][INF] LMOD       luac_logge 172  [isr_local:2242:last gc at  1463730749  ]
[2016/05/20 00:52:44 202][Px17e7][Tx6ffd700][DBG] LENGINE    leng_rpc.c 527  luacRPCFuncProto_Invoke() [out] ret = 0
[2016/05/20 00:52:44 203][Px17e7][Tx6ffd700][DBG] LENGINE    leng_main. 513  ENGINE_MSG_RPC_ASYNC
[2016/05/20 00:52:44 203][Px17e7][Tx6ffd700][DBG] LENGINE    leng_main. 521  [isr_local], stat = 1
[2016/05/20 00:52:44 203][Px17e7][Tx6ffd700][DBG] LENGINE    leng_rpc.c 413  luacRPCFuncProto_Invoke(fc272000,fc26dea0) [in]
[2016/05/20 00:52:44 204][Px17e7][Tx6ffd700][TRC] LMOD       luac_logge 170  [isr_local:2103:ASR_LOCAL_MSG_AUW  ]
[2016/05/20 00:52:44 205][Px17e7][Tx6ffd700][TRC] LMOD       luac_logge 170  [isr_local:601:audio buffered :   udata(f83f3ea8) 2  ]
[2016/05/20 00:52:44 206][Px17e7][Tx6ffd700][INF] LMOD       luac_logge 172  [isr_local:2242:last gc at  1463730749  ]
[2016/05/20 00:52:44 206][Px17e7][Tx6ffd700][DBG] LENGINE    leng_rpc.c 527  luacRPCFuncProto_Invoke() [out] ret = 0
[2016/05/20 00:52:44 207][Px17e7][Tx6ffd700][DBG] LENGINE    leng_main. 513  ENGINE_MSG_RPC_ASYNC
[2016/05/20 00:52:44 207][Px17e7][Tx6ffd700][DBG] LENGINE    leng_main. 521  [isr_local], stat = 1
[2016/05/20 00:52:44 208][Px17e7][Tx6ffd700][DBG] LENGINE    leng_rpc.c 413  luacRPCFuncProto_Invoke(fc272380,fc26dea0) [in]
[2016/05/20 00:52:44 209][Px17e7][Tx6ffd700][TRC] LMOD       luac_logge 170  [isr_local:2103:ASR_LOCAL_MSG_AUW  ]
[2016/05/20 00:52:44 210][Px17e7][Tx6ffd700][TRC] LMOD       luac_logge 170  [isr_local:601:audio buffered :   udata(f83f4d98) 2  ]
[2016/05/20 00:52:44 211][Px17e7][Tx6ffd700][INF] LMOD       luac_logge 172  [isr_local:2242:last gc at  1463730749  ]
[2016/05/20 00:52:44 211][Px17e7][Tx6ffd700][DBG] LENGINE    leng_rpc.c 527  luacRPCFuncProto_Invoke() [out] ret = 0
[2016/05/20 00:52:44 211][Px17e7][Tx6ffd700][DBG] LENGINE    leng_main. 513  ENGINE_MSG_RPC_ASYNC
[2016/05/20 00:52:44 212][Px17e7][Tx6ffd700][DBG] LENGINE    leng_main. 521  [isr_local], stat = 1
[2016/05/20 00:52:44 212][Px17e7][Tx6ffd700][DBG] LENGINE    leng_rpc.c 413  luacRPCFuncProto_Invoke(fc2719c0,fc26dea0) [in]
[2016/05/20 00:52:44 213][Px17e7][Tx6ffd700][TRC] LMOD       luac_logge 170  [isr_local:2103:ASR_LOCAL_MSG_AUW  ]
[2016/05/20 00:52:44 214][Px17e7][Tx6ffd700][TRC] LMOD       luac_logge 170  [isr_local:601:audio buffered :   udata(f83f4e98) 2  ]
[2016/05/20 00:52:44 214][Px17e7][Tx6ffd700][INF] LMOD       luac_logge 172  [isr_local:2242:last gc at  1463730749  ]
[2016/05/20 00:52:44 215][Px17e7][Tx6ffd700][DBG] LENGINE    leng_rpc.c 527  luacRPCFuncProto_Invoke() [out] ret = 0
[2016/05/20 00:52:44 215][Px17e7][Tx6ffd700][DBG] LENGINE    leng_main. 513  ENGINE_MSG_RPC_ASYNC
[2016/05/20 00:52:44 216][Px17e7][Tx6ffd700][DBG] LENGINE    leng_main. 521  [isr_local], stat = 1
[2016/05/20 00:52:44 216][Px17e7][Tx6ffd700][DBG] LENGINE    leng_rpc.c 413  luacRPCFuncProto_Invoke(fc26fae0,fc26dea0) [in]
[2016/05/20 00:52:44 218][Px17e7][Tx6ffd700][TRC] LMOD       luac_logge 170  [isr_local:2103:ASR_LOCAL_MSG_AUW  ]
[2016/05/20 00:52:44 219][Px17e7][Tx6ffd700][TRC] LMOD       luac_logge 170  [isr_local:601:audio buffered :   udata(f83f4f98) 4  ]
[2016/05/20 00:52:44 220][Px17e7][Tx6ffd700][INF] LMOD       luac_logge 172  [isr_local:2242:last gc at  1463730749  ]
[2016/05/20 00:52:44 220][Px17e7][Tx6ffd700][DBG] LENGINE    leng_rpc.c 527  luacRPCFuncProto_Invoke() [out] ret = 0
[2016/05/20 00:52:44 221][Px17e7][Tx6ffd700][DBG] LENGINE    leng_main. 513  ENGINE_MSG_RPC_ASYNC
[2016/05/20 00:52:44 221][Px17e7][Tx6ffd700][DBG] LENGINE    leng_main. 521  [isr_local], stat = 1
[2016/05/20 00:52:44 222][Px17e7][Txe08b700][TRC] QISR       qisr.c     390  QISRGetResult(20bd020,6b5626c,0,6b561ac) [in]
[2016/05/20 00:52:44 222][Px17e7][Txe08b700][TRC] QISR       qisr.c     396  QISRGetResult session addr:(20bd020)
[2016/05/20 00:52:44 223][Px17e7][Txe08b700][TRC] LENGINE    leng_shell 385  lEngine_SendMessage(20bd860,3,0,,,) [in]
[2016/05/20 00:52:44 223][Px17e7][Txe08b700][DBG] MSPTHREAD  MSPThreadP 733  POST l_engine_3:11:1:1
[2016/05/20 00:52:44 223][Px17e7][Tx67fc700][DBG] LENGINE    leng_main. 535  ENGINE_MSG_RPC_SYNC
[2016/05/20 00:52:44 224][Px17e7][Tx67fc700][DBG] LENGINE    leng_main. 543  [cisr1PdHHBHy5+WCkEgpaawnS0ny0gzWl+], stat = 1
[2016/05/20 00:52:44 224][Px17e7][Tx67fc700][DBG] LENGINE    leng_rpc.c 413  luacRPCFuncProto_Invoke(2114360,20bd860) [in]
[2016/05/20 00:52:44 225][Px17e7][Tx6ffd700][DBG] LENGINE    leng_rpc.c 413  luacRPCFuncProto_Invoke(e0001a40,fc26dea0) [in]
[2016/05/20 00:52:44 226][Px17e7][Tx67fc700][TRC] LMOD       luac_logge 170  [isr:1618:ASR_MSG_GRSLT,   local  ]
[2016/05/20 00:52:44 226][Px17e7][Tx6ffd700][INF] LMOD       luac_logge 172  [ns:290:ns dns resp  10214  ]
[2016/05/20 00:52:44 227][Px17e7][Tx67fc700][TRC] LMOD       luac_logge 170  [isr:1297:0  nil  2  ]
[2016/05/20 00:52:44 228][Px17e7][Tx67fc700][DBG] LENGINE    leng_rpc.c 527  luacRPCFuncProto_Invoke() [out] ret = 0
[2016/05/20 00:52:44 229][Px17e7][Txe08b700][TRC] LENGINE    leng_shell 428  lEngine_SendMessage() [out] 0
[2016/05/20 00:52:44 231][Px17e7][Txe08b700][TRC] QISR       qisr.c     455  QISRGetResult() [out] 0 2 0
[2016/05/20 00:52:44 231][Px17e7][Tx6ffd700][INF] LMOD       luac_logge 172  [ns:564:ns dns failed, err =   10214  ]
[2016/05/20 00:52:44 234][Px17e7][Tx6ffd700][INF] LMOD       luac_logge 172  [ns:174:ns gethttpresp  117.121.48.5  80  ]
[2016/05/20 00:52:44 234][Px17e7][Tx6ffd700][TRC] MSPSOCKET  MSPSocket. 269  MSPSocket_New(1, 1) [in]
[2016/05/20 00:52:44 235][Px17e7][Tx6ffd700][DBG] MSPSOCKET  MSPSocket. 326  socket(2,1,) ret=a, detail=2
[2016/05/20 00:52:44 236][Px17e7][Tx6ffd700][TRC] MSPSOCKET  MSPSocket. 411  MSPSocket_New() [out] f83f54c0 0
[2016/05/20 00:52:44 236][Px17e7][Tx6ffd700][TRC] MSPSOCKET  MSPSocket. 501  MSPSocket_Connect(f83f54c0) [in]
[2016/05/20 00:52:44 236][Px17e7][Tx6ffd700][DBG] MSPSOCKET  MSPSocket. 515  connect(a,117.121.48.5,) ret=-1, hd=f83f54c0
[2016/05/20 00:52:44 237][Px17e7][Tx6ffd700][ERR] MSPSOCKET  MSPSocket. 530  connect() failed! f83f54c0,a,-1,101
[2016/05/20 00:52:44 237][Px17e7][Tx6ffd700][DBG] MSPTHREAD  MSPThreadP 733  POST l_engine_2:10:2:0
[2016/05/20 00:52:44 238][Px17e7][Tx6ffd700][TRC] MSPSOCKET  MSPSocket. 565  MSPSocket_Connect() [out] 10202
[2016/05/20 00:52:44 238][Px17e7][Txeffff700][DBG] MSPTHREAD  MSPThreadP 733  POST l_engine_2:10:3:0
[2016/05/20 00:52:44 239][Px17e7][Txeffff700][DBG] MSPTHREAD  MSPThreadP 733  POST l_engine_2:10:4:0
[2016/05/20 00:52:44 245][Px17e7][Tx6ffd700][DBG] LENGINE    leng_rpc.c 527  luacRPCFuncProto_Invoke() [out] ret = 0
[2016/05/20 00:52:44 245][Px17e7][Tx6ffd700][DBG] LENGINE    leng_main. 513  ENGINE_MSG_RPC_ASYNC
[2016/05/20 00:52:44 246][Px17e7][Tx6ffd700][DBG] LENGINE    leng_main. 521  [isr_local], stat = 1
[2016/05/20 00:52:44 246][Px17e7][Tx6ffd700][DBG] LENGINE    leng_rpc.c 413  luacRPCFuncProto_Invoke(e0002d10,fc26dea0) [in]
[2016/05/20 00:52:44 250][Px17e7][Tx6ffd700][ERR] LMOD       luac_logge 166  [transport:295:[dns] [0] failed! 10214  ]
[2016/05/20 00:52:44 250][Px17e7][Tx6ffd700][INF] LLOADER    lloader.c  327  load dkjson
[2016/05/20 00:52:44 251][Px17e7][Tx6ffd700][INF] LLOADER    lloader.c  339  a intalled entry
[2016/05/20 00:52:44 251][Px17e7][Tx6ffd700][INF] LLOADER    lloader.c  365  from rom
[2016/05/20 00:52:44 252][Px17e7][Tx6ffd700][PRF] LLOADER    lloader.c  397  load dkjson cost 1 (ms)
[2016/05/20 00:52:44 253][Px17e7][Tx6ffd700][DBG] LMOD       luac_logge 178  [network:83:ipfromenv ,  ipcache  open.xf-yun.com  def  nil  ]
[2016/05/20 00:52:44 258][Px17e7][Tx6ffd700][INF] LLOADER    lloader.c  327  load dkjson
[2016/05/20 00:52:44 258][Px17e7][Tx6ffd700][INF] LLOADER    lloader.c  339  a intalled entry
[2016/05/20 00:52:44 260][Px17e7][Tx6ffd700][INF] LLOADER    lloader.c  365  from rom
[2016/05/20 00:52:44 261][Px17e7][Tx6ffd700][PRF] LLOADER    lloader.c  397  load dkjson cost 3 (ms)
[2016/05/20 00:52:44 262][Px17e7][Tx6ffd700][DBG] LMOD       luac_logge 178  [network:83:ipfromenv ,  ipcfg  open.xf-yun.com  def  nil  ]
[2016/05/20 00:52:44 263][Px17e7][Tx6ffd700][TRC] LMOD       luac_logge 170  [transport:1166:[soc] connect   116.213.69.195  80  ]
[2016/05/20 00:52:44 264][Px17e7][Tx6ffd700][TRC] MSPSOCKET  MSPSocket. 1593 MSPSocketTCPConnPool_Query(116.213.69.195, 80) [in]
[2016/05/20 00:52:44 269][Px17e7][Tx6ffd700][TRC] MSPSOCKET  MSPSocket. 1618 MSPSocketTCPConnPool_Query() [out] ret=0
[2016/05/20 00:52:44 270][Px17e7][Tx6ffd700][INF] LMOD       luac_logge 172  [transport:1183:mspsoc.open,prot_type=  tcp  ]
[2016/05/20 00:52:44 270][Px17e7][Tx6ffd700][TRC] MSPSOCKET  MSPSocket. 269  MSPSocket_New(1, 1) [in]
[2016/05/20 00:52:44 271][Px17e7][Tx6ffd700][DBG] MSPSOCKET  MSPSocket. 326  socket(2,1,) ret=b, detail=101
[2016/05/20 00:52:44 271][Px17e7][Tx6ffd700][TRC] MSPSOCKET  MSPSocket. 411  MSPSocket_New() [out] f83eb9b0 0
[2016/05/20 00:52:44 273][Px17e7][Tx6ffd700][TRC] MSPSOCKET  MSPSocket. 501  MSPSocket_Connect(f83eb9b0) [in]
[2016/05/20 00:52:44 274][Px17e7][Tx6ffd700][DBG] MSPSOCKET  MSPSocket. 515  connect(b,116.213.69.195,) ret=-1, hd=f83eb9b0
[2016/05/20 00:52:44 274][Px17e7][Tx6ffd700][ERR] MSPSOCKET  MSPSocket. 530  connect() failed! f83eb9b0,b,-1,101
[2016/05/20 00:52:44 274][Px17e7][Tx6ffd700][DBG] MSPTHREAD  MSPThreadP 733  POST l_engine_2:10:4:0
[2016/05/20 00:52:44 280][Px17e7][Tx6ffd700][TRC] MSPSOCKET  MSPSocket. 565  MSPSocket_Connect() [out] 10202
[2016/05/20 00:52:44 281][Px17e7][Tx6ffd700][DBG] LENGINE    leng_rpc.c 527  luacRPCFuncProto_Invoke() [out] ret = 0
[2016/05/20 00:52:44 281][Px17e7][Tx6ffd700][DBG] LENGINE    leng_main. 513  ENGINE_MSG_RPC_ASYNC
[2016/05/20 00:52:44 282][Px17e7][Tx6ffd700][DBG] LENGINE    leng_main. 521  [isr_local], stat = 1
[2016/05/20 00:52:44 282][Px17e7][Tx6ffd700][DBG] LENGINE    leng_rpc.c 413  luacRPCFuncProto_Invoke(f83f55a0,fc26dea0) [in]
[2016/05/20 00:52:44 283][Px17e7][Tx6ffd700][INF] LMOD       luac_logge 172  [ns:244:ns soc error  10202  ]
[2016/05/20 00:52:44 287][Px17e7][Tx6ffd700][TRC] MSPSOCKET  MSPSocket. 1014 MSPSocket_Close(f83f54c0) [in]
[2016/05/20 00:52:44 287][Px17e7][Tx6ffd700][DBG] MSPSOCKET  MSPSocket. 1034 close(a), f83f54c0
[2016/05/20 00:52:44 288][Px17e7][Tx6ffd700][TRC] MSPSOCKET  MSPSocket. 1068 MSPSocket_Close() [out] 0
[2016/05/20 00:52:44 289][Px17e7][Tx6ffd700][INF] LMOD       luac_logge 172  [ns:407:name server http resp  nil  10202  nil  ]
[2016/05/20 00:52:44 293][Px17e7][Tx6ffd700][INF] LMOD       luac_logge 172  [ns:551:ns response failed, err =  10202  ]
[2016/05/20 00:52:44 294][Px17e7][Tx6ffd700][INF] LMOD       luac_logge 172  [ns:111:ns_host=  open.xf-yun.com  ]
[2016/05/20 00:52:44 295][Px17e7][Tx6ffd700][INF] LMOD       luac_logge 172  [ns:113:use default ip  ]
[2016/05/20 00:52:44 301][Px17e7][Tx6ffd700][INF] LMOD       luac_logge 172  [transport:974:ns_ip =   116.213.69.195  ]
[2016/05/20 00:52:44 302][Px17e7][Tx6ffd700][INF] LMOD       luac_logge 172  [transport:975:ip_type =  def_athopen.xf-yun.com  ]
[2016/05/20 00:52:44 303][Px17e7][Tx6ffd700][INF] LMOD       luac_logge 172  [ns:756:no data in ns_q  ]
[2016/05/20 00:52:44 310][Px17e7][Tx6ffd700][INF] LMOD       luac_logge 172  [ns:757:conti_ns,ns_inprog =   1  ]
[2016/05/20 00:52:44 310][Px17e7][Tx6ffd700][DBG] LENGINE    leng_rpc.c 527  luacRPCFuncProto_Invoke() [out] ret = 0
[2016/05/20 00:52:44 311][Px17e7][Tx6ffd700][DBG] LENGINE    leng_main. 513  ENGINE_MSG_RPC_ASYNC
[2016/05/20 00:52:44 317][Px17e7][Tx6ffd700][DBG] LENGINE    leng_main. 521  [isr_local], stat = 1
[2016/05/20 00:52:44 317][Px17e7][Tx6ffd700][DBG] LENGINE    leng_rpc.c 413  luacRPCFuncProto_Invoke(e80008e0,fc26dea0) [in]
[2016/05/20 00:52:44 318][Px17e7][Tx6ffd700][TRC] LMOD       luac_logge 170  [isr_local:655:local engine ready  ]
[2016/05/20 00:52:44 318][Px17e7][Tx6ffd700][TRC] MSPCMN     msp_cmn.c  827  statusCbStub(,,param_num = 5)
[2016/05/20 00:52:44 319][Px17e7][Tx6ffd700][PRF] LENGINE    leng_main. 189  callc(msp_status_cb) cost 0 ms
[2016/05/20 00:52:44 322][Px17e7][Tx6ffd700][TRC] LMOD       luac_logge 170  [isr_local:585:esr_flush_buf_audio buffer audio num:  15  ]
[2016/05/20 00:52:44 323][Px17e7][Tx6ffd700][TRC] LMOD       luac_logge 170  [isr_local:1536:auwl =   6400  ]
[2016/05/20 00:52:44 324][Px17e7][Tx6ffd700][TRC] LENGINE    aitalk.c   437  Esr_WriteAudio(f80878c0, fc2947e0, 6400) [in]
[2016/05/20 00:52:44 329][Px17e7][Tx6ffd700][TRC] LENGINE    aitalk.c   467  Esr_WriteAudio(0) [out]
[2016/05/20 00:52:44 330][Px17e7][Tx6ffd700][TRC] LMOD       luac_logge 170  [isr_local:590:esr_audio_write, ret =  0  ]
[2016/05/20 00:52:44 330][Px17e7][Tx6ffd700][TRC] LMOD       luac_logge 170  [isr_local:1536:auwl =   6400  ]
[2016/05/20 00:52:44 331][Px17e7][Tx6ffd700][TRC] LENGINE    aitalk.c   437  Esr_WriteAudio(f80878c0, fc2960f0, 6400) [in]
[2016/05/20 00:52:44 332][Px17e7][Tx6ffd700][TRC] LENGINE    aitalk.c   467  Esr_WriteAudio(0) [out]
[2016/05/20 00:52:44 332][Px17e7][Txe08b700][TRC] QISR       qisr.c     390  QISRGetResult(20bd020,6b5626c,0,6b561ac) [in]
[2016/05/20 00:52:44 337][Px17e7][Txe08b700][TRC] QISR       qisr.c     396  QISRGetResult session addr:(20bd020)
[2016/05/20 00:52:44 338][Px17e7][Txe08b700][TRC] LENGINE    leng_shell 385  lEngine_SendMessage(20bd860,3,0,,,) [in]
[2016/05/20 00:52:44 338][Px17e7][Txe08b700][DBG] MSPTHREAD  MSPThreadP 733  POST l_engine_3:11:1:1
[2016/05/20 00:52:44 346][Px17e7][Tx6ffd700][TRC] LMOD       luac_logge 170  [isr_local:590:esr_audio_write, ret =  0  ]
[2016/05/20 00:52:44 346][Px17e7][Tx67fc700][DBG] LENGINE    leng_main. 535  ENGINE_MSG_RPC_SYNC
[2016/05/20 00:52:44 347][Px17e7][Tx67fc700][DBG] LENGINE    leng_main. 543  [cisr1PdHHBHy5+WCkEgpaawnS0ny0gzWl+], stat = 1
[2016/05/20 00:52:44 347][Px17e7][Tx67fc700][DBG] LENGINE    leng_rpc.c 413  luacRPCFuncProto_Invoke(20c5140,20bd860) [in]
[2016/05/20 00:52:44 348][Px17e7][Tx6ffd700][TRC] LMOD       luac_logge 170  [isr_local:1536:auwl =   6400  ]
[2016/05/20 00:52:44 354][Px17e7][Tx6ffd700][TRC] LENGINE    aitalk.c   437  Esr_WriteAudio(f80878c0, fc292ed0, 6400) [in]
[2016/05/20 00:52:44 354][Px17e7][Tx6ffd700][TRC] LENGINE    aitalk.c   467  Esr_WriteAudio(0) [out]
[2016/05/20 00:52:44 355][Px17e7][Tx67fc700][TRC] LMOD       luac_logge 170  [isr:1618:ASR_MSG_GRSLT,   local  ]
[2016/05/20 00:52:44 356][Px17e7][Tx67fc700][TRC] LMOD       luac_logge 170  [isr:1297:0  nil  2  ]
[2016/05/20 00:52:44 363][Px17e7][Tx67fc700][DBG] LENGINE    leng_rpc.c 527  luacRPCFuncProto_Invoke() [out] ret = 0
[2016/05/20 00:52:44 363][Px17e7][Txe08b700][TRC] LENGINE    leng_shell 428  lEngine_SendMessage() [out] 0
[2016/05/20 00:52:44 364][Px17e7][Txe08b700][TRC] QISR       qisr.c     455  QISRGetResult() [out] 0 2 0
[2016/05/20 00:52:44 364][Px17e7][Tx6ffd700][TRC] LMOD       luac_logge 170  [isr_local:590:esr_audio_write, ret =  0  ]
[2016/05/20 00:52:44 365][Px17e7][Tx6ffd700][TRC] LMOD       luac_logge 170  [isr_local:1536:auwl =   6400  ]
[2016/05/20 00:52:44 365][Px17e7][Tx6ffd700][TRC] LENGINE    aitalk.c   437  Esr_WriteAudio(f80878c0, fc297a00, 6400) [in]
[2016/05/20 00:52:44 369][Px17e7][Tx6ffd700][TRC] LENGINE    aitalk.c   467  Esr_WriteAudio(0) [out]
[2016/05/20 00:52:44 370][Px17e7][Tx6ffd700][TRC] LMOD       luac_logge 170  [isr_local:590:esr_audio_write, ret =  0  ]
[2016/05/20 00:52:44 371][Px17e7][Tx6ffd700][TRC] LMOD       luac_logge 170  [isr_local:1536:auwl =   6400  ]
[2016/05/20 00:52:44 375][Px17e7][Tx6ffd700][TRC] LENGINE    aitalk.c   437  Esr_WriteAudio(f80878c0, fc28fcb0, 6400) [in]
[2016/05/20 00:52:44 375][Px17e7][Tx6ffd700][TRC] LENGINE    aitalk.c   467  Esr_WriteAudio(0) [out]
[2016/05/20 00:52:44 376][Px17e7][Tx6ffd700][TRC] LMOD       luac_logge 170  [isr_local:590:esr_audio_write, ret =  0  ]
[2016/05/20 00:52:44 377][Px17e7][Tx6ffd700][TRC] LMOD       luac_logge 170  [isr_local:1536:auwl =   6400  ]
[2016/05/20 00:52:44 382][Px17e7][Tx6ffd700][TRC] LENGINE    aitalk.c   437  Esr_WriteAudio(f80878c0, fc299310, 6400) [in]
[2016/05/20 00:52:44 383][Px17e7][Tx6ffd700][TRC] LENGINE    aitalk.c   467  Esr_WriteAudio(0) [out]
[2016/05/20 00:52:44 384][Px17e7][Tx6ffd700][TRC] LMOD       luac_logge 170  [isr_local:590:esr_audio_write, ret =  0  ]
[2016/05/20 00:52:44 384][Px17e7][Tx6ffd700][TRC] LMOD       luac_logge 170  [isr_local:1536:auwl =   6400  ]
[2016/05/20 00:52:44 389][Px17e7][Tx6ffd700][TRC] LENGINE    aitalk.c   437  Esr_WriteAudio(f80878c0, fc29ac20, 6400) [in]
[2016/05/20 00:52:44 390][Px17e7][Tx6ffd700][TRC] LENGINE    aitalk.c   467  Esr_WriteAudio(0) [out]
[2016/05/20 00:52:44 391][Px17e7][Tx6ffd700][TRC] LMOD       luac_logge 170  [isr_local:590:esr_audio_write, ret =  0  ]
[2016/05/20 00:52:44 391][Px17e7][Tx6ffd700][TRC] LMOD       luac_logge 170  [isr_local:1536:auwl =   6400  ]
[2016/05/20 00:52:44 392][Px17e7][Tx6ffd700][TRC] LENGINE    aitalk.c   437  Esr_WriteAudio(f80878c0, fc29c530, 6400) [in]
[2016/05/20 00:52:44 392][Px17e7][Tx6ffd700][TRC] LENGINE    aitalk.c   467  Esr_WriteAudio(0) [out]
[2016/05/20 00:52:44 393][Px17e7][Txeffff700][DBG] MSPTHREAD  MSPThreadP 733  POST l_engine_2:10:3:0
[2016/05/20 00:52:44 393][Px17e7][Tx6ffd700][TRC] LMOD       luac_logge 170  [isr_local:590:esr_audio_write, ret =  0  ]
[2016/05/20 00:52:44 398][Px17e7][Tx6ffd700][TRC] LMOD       luac_logge 170  [isr_local:1536:auwl =   6400  ]
[2016/05/20 00:52:44 398][Px17e7][Tx6ffd700][TRC] LENGINE    aitalk.c   437  Esr_WriteAudio(f80878c0, fc2a10b0, 6400) [in]
[2016/05/20 00:52:44 399][Px17e7][Tx6ffd700][TRC] LENGINE    aitalk.c   467  Esr_WriteAudio(0) [out]
[2016/05/20 00:52:44 400][Px17e7][Tx6ffd700][TRC] LMOD       luac_logge 170  [isr_local:590:esr_audio_write, ret =  0  ]
[2016/05/20 00:52:44 406][Px17e7][Tx6ffd700][TRC] LMOD       luac_logge 170  [isr_local:1536:auwl =   6400  ]
[2016/05/20 00:52:44 406][Px17e7][Tx6ffd700][TRC] LENGINE    aitalk.c   437  Esr_WriteAudio(f80878c0, fc2a29c0, 6400) [in]
[2016/05/20 00:52:44 406][Px17e7][Tx6ffd700][TRC] LENGINE    aitalk.c   467  Esr_WriteAudio(0) [out]
[2016/05/20 00:52:44 407][Px17e7][Tx6ffd700][TRC] LMOD       luac_logge 170  [isr_local:590:esr_audio_write, ret =  0  ]
[2016/05/20 00:52:44 414][Px17e7][Tx6ffd700][TRC] LMOD       luac_logge 170  [isr_local:1536:auwl =   6400  ]
[2016/05/20 00:52:44 414][Px17e7][Tx6ffd700][TRC] LENGINE    aitalk.c   437  Esr_WriteAudio(f80878c0, fc29f7a0, 6400) [in]
[2016/05/20 00:52:44 414][Px17e7][Tx6ffd700][TRC] LENGINE    aitalk.c   467  Esr_WriteAudio(0) [out]
[2016/05/20 00:52:44 421][Px17e7][Tx6ffd700][TRC] LMOD       luac_logge 170  [isr_local:590:esr_audio_write, ret =  0  ]
[2016/05/20 00:52:44 423][Px17e7][Tx6ffd700][TRC] LMOD       luac_logge 170  [isr_local:1536:auwl =   6400  ]
[2016/05/20 00:52:44 423][Px17e7][Tx6ffd700][TRC] LENGINE    aitalk.c   437  Esr_WriteAudio(f80878c0, fc2a42d0, 6400) [in]
[2016/05/20 00:52:44 423][Px17e7][Tx6ffd700][TRC] LENGINE    aitalk.c   467  Esr_WriteAudio(0) [out]
[2016/05/20 00:52:44 430][Px17e7][Tx6ffd700][TRC] LMOD       luac_logge 170  [isr_local:590:esr_audio_write, ret =  0  ]
[2016/05/20 00:52:44 431][Px17e7][Tx6ffd700][TRC] LMOD       luac_logge 170  [isr_local:1536:auwl =   6400  ]
[2016/05/20 00:52:44 432][Px17e7][Tx6ffd700][TRC] LENGINE    aitalk.c   437  Esr_WriteAudio(f80878c0, fc2915c0, 6400) [in]
[2016/05/20 00:52:44 438][Px17e7][Tx6ffd700][TRC] LENGINE    aitalk.c   467  Esr_WriteAudio(0) [out]
[2016/05/20 00:52:44 439][Px17e7][Tx6ffd700][TRC] LMOD       luac_logge 170  [isr_local:590:esr_audio_write, ret =  0  ]
[2016/05/20 00:52:44 440][Px17e7][Tx6ffd700][TRC] LMOD       luac_logge 170  [isr_local:1536:auwl =   6400  ]
[2016/05/20 00:52:44 446][Px17e7][Tx6ffd700][TRC] LENGINE    aitalk.c   437  Esr_WriteAudio(f80878c0, fc2a5be0, 6400) [in]
[2016/05/20 00:52:44 447][Px17e7][Tx6ffd700][TRC] LENGINE    aitalk.c   467  Esr_WriteAudio(0) [out]
[2016/05/20 00:52:44 448][Px17e7][Tx6ffd700][TRC] LMOD       luac_logge 170  [isr_local:590:esr_audio_write, ret =  0  ]
[2016/05/20 00:52:44 455][Px17e7][Tx6ffd700][TRC] LMOD       luac_logge 170  [isr_local:1536:auwl =   5760  ]
[2016/05/20 00:52:44 455][Px17e7][Tx6ffd700][TRC] LENGINE    aitalk.c   437  Esr_WriteAudio(f80878c0, fc2a74f0, 5760) [in]
[2016/05/20 00:52:44 456][Px17e7][Tx6ffd700][TRC] LENGINE    aitalk.c   467  Esr_WriteAudio(0) [out]
[2016/05/20 00:52:44 456][Px17e7][Tx6ffd700][TRC] LENGINE    aitalk.c   476  Esr_EndAudio(f80878c0) [in]
[2016/05/20 00:52:44 456][Px17e7][Tx6ffd700][DBG] MSPTHREAD  MSPThreadP 733  POST l_engine_2:10:4:0
[2016/05/20 00:52:44 463][Px17e7][Tx6ffd700][TRC] LENGINE    aitalk.c   491  Esr_EndAudio(0) [out]
[2016/05/20 00:52:44 464][Px17e7][Tx6ffd700][TRC] LMOD       luac_logge 170  [isr_local:590:esr_audio_write, ret =  0  ]
[2016/05/20 00:52:44 464][Px17e7][Tx6ffd700][DBG] LENGINE    leng_rpc.c 527  luacRPCFuncProto_Invoke() [out] ret = 0
[2016/05/20 00:52:44 464][Px17e7][Tx6ffd700][DBG] LENGINE    leng_main. 513  ENGINE_MSG_RPC_ASYNC
[2016/05/20 00:52:44 465][Px17e7][Tx6ffd700][DBG] LENGINE    leng_main. 521  [isr_local], stat = 1
[2016/05/20 00:52:44 471][Px17e7][Tx6ffd700][DBG] LENGINE    leng_rpc.c 413  luacRPCFuncProto_Invoke(e8000c00,fc26dea0) [in]
[2016/05/20 00:52:44 471][Px17e7][Txe08b700][TRC] QISR       qisr.c     390  QISRGetResult(20bd020,6b5626c,0,6b561ac) [in]
[2016/05/20 00:52:44 472][Px17e7][Txe08b700][TRC] QISR       qisr.c     396  QISRGetResult session addr:(20bd020)
[2016/05/20 00:52:44 472][Px17e7][Txe08b700][TRC] LENGINE    leng_shell 385  lEngine_SendMessage(20bd860,3,0,,,) [in]
[2016/05/20 00:52:44 475][Px17e7][Txe08b700][DBG] MSPTHREAD  MSPThreadP 733  POST l_engine_3:11:1:1
[2016/05/20 00:52:44 476][Px17e7][Tx67fc700][DBG] LENGINE    leng_main. 535  ENGINE_MSG_RPC_SYNC
[2016/05/20 00:52:44 479][Px17e7][Tx67fc700][DBG] LENGINE    leng_main. 543  [cisr1PdHHBHy5+WCkEgpaawnS0ny0gzWl+], stat = 1
[2016/05/20 00:52:44 479][Px17e7][Tx67fc700][DBG] LENGINE    leng_rpc.c 413  luacRPCFuncProto_Invoke(2114360,20bd860) [in]
[2016/05/20 00:52:44 480][Px17e7][Tx6ffd700][TRC] LMOD       luac_logge 170  [isr_local:630:local engine started  ]
[2016/05/20 00:52:44 481][Px17e7][Tx6ffd700][TRC] MSPCMN     msp_cmn.c  827  statusCbStub(,,param_num = 5)
[2016/05/20 00:52:44 481][Px17e7][Tx6ffd700][PRF] LENGINE    leng_main. 189  callc(msp_status_cb) cost 0 ms
[2016/05/20 00:52:44 487][Px17e7][Tx6ffd700][DBG] LENGINE    leng_rpc.c 527  luacRPCFuncProto_Invoke() [out] ret = 0
[2016/05/20 00:52:44 487][Px17e7][Tx6ffd700][DBG] LENGINE    leng_main. 513  ENGINE_MSG_RPC_ASYNC
[2016/05/20 00:52:44 488][Px17e7][Tx6ffd700][DBG] LENGINE    leng_main. 521  [isr_local], stat = 1
[2016/05/20 00:52:44 489][Px17e7][Tx6ffd700][DBG] LENGINE    leng_rpc.c 413  luacRPCFuncProto_Invoke(f83ebe80,fc26dea0) [in]
[2016/05/20 00:52:44 490][Px17e7][Tx67fc700][TRC] LMOD       luac_logge 170  [isr:1618:ASR_MSG_GRSLT,   local  ]
[2016/05/20 00:52:44 494][Px17e7][Tx6ffd700][ERR] LMOD       luac_logge 166  [transport:545:MSC:[soc] [0] error 10202 101!  ]
[2016/05/20 00:52:44 495][Px17e7][Tx6ffd700][TRC] MSPSOCKET  MSPSocket. 1014 MSPSocket_Close(f83eb9b0) [in]
[2016/05/20 00:52:44 496][Px17e7][Tx6ffd700][DBG] MSPSOCKET  MSPSocket. 1034 close(b), f83eb9b0
[2016/05/20 00:52:44 496][Px17e7][Tx6ffd700][TRC] MSPSOCKET  MSPSocket. 1068 MSPSocket_Close() [out] 0
[2016/05/20 00:52:44 503][Px17e7][Tx67fc700][TRC] LMOD       luac_logge 170  [isr:1297:0  nil  2  ]
[2016/05/20 00:52:44 503][Px17e7][Tx67fc700][DBG] LENGINE    leng_rpc.c 527  luacRPCFuncProto_Invoke() [out] ret = 0
[2016/05/20 00:52:44 504][Px17e7][Txe08b700][TRC] LENGINE    leng_shell 428  lEngine_SendMessage() [out] 0
[2016/05/20 00:52:44 505][Px17e7][Txe08b700][TRC] QISR       qisr.c     455  QISRGetResult() [out] 0 2 0
[2016/05/20 00:52:44 511][Px17e7][Tx6ffd700][INF] LMOD       luac_logge 172  [transport:57:clear_ip ip_type =  def_athopen.xf-yun.com  ]
[2016/05/20 00:52:44 511][Px17e7][Tx6ffd700][WAR] LMOD       luac_logge 168  [transport:321:soc_conn_failed  ]
[2016/05/20 00:52:44 512][Px17e7][Tx6ffd700][DBG] LMOD       luac_logge 178  [network:88:iptoenv ,  ipcache  open.xf-yun.com  def  nil  ]
[2016/05/20 00:52:44 513][Px17e7][Tx6ffd700][INF] LLOADER    lloader.c  327  load dkjson
[2016/05/20 00:52:44 519][Px17e7][Tx6ffd700][INF] LLOADER    lloader.c  339  a intalled entry
[2016/05/20 00:52:44 519][Px17e7][Tx6ffd700][INF] LLOADER    lloader.c  365  from rom
[2016/05/20 00:52:44 520][Px17e7][Tx6ffd700][PRF] LLOADER    lloader.c  397  load dkjson cost 7 (ms)
[2016/05/20 00:52:44 521][Px17e7][Tx6ffd700][INF] LMOD       luac_logge 172  [transport:390:switch 80  ]
[2016/05/20 00:52:44 522][Px17e7][Tx6ffd700][TRC] LENGINE    leng_shell 109  lEngine_Start(f8095288,f8095288,0,) [in]
[2016/05/20 00:52:44 525][Px17e7][Tx6ffd700][INF] LLOADER    lloader.c  327  load waiter
[2016/05/20 00:52:44 526][Px17e7][Tx6ffd700][INF] LLOADER    lloader.c  339  a intalled entry
[2016/05/20 00:52:44 526][Px17e7][Tx6ffd700][INF] LLOADER    lloader.c  365  from rom
[2016/05/20 00:52:44 527][Px17e7][Tx6ffd700][PRF] LLOADER    lloader.c  397  load waiter cost 1 (ms)
[2016/05/20 00:52:44 527][Px17e7][Tx6ffd700][DBG] LENGINE    leng_shell 193  env=f83fc320,waiter,waiter
[2016/05/20 00:52:44 528][Px17e7][Tx6ffd700][DBG] MSPTHREAD  MSPThreadP 733  POST l_engine_1:6:1:1
[2016/05/20 00:52:44 533][Px17e7][Tx6ffd700][TRC] LENGINE    leng_shell 264  lEngine_Start() [out] 0
[2016/05/20 00:52:44 534][Px17e7][Tx6ffd700][TRC] LENGINE    leng_shell 351  lEngine_PostMessage(f83fc320,1,2,) [in]
[2016/05/20 00:52:44 534][Px17e7][Tx6ffd700][DBG] MSPTHREAD  MSPThreadP 733  POST l_engine_1:10:1:0
[2016/05/20 00:52:44 535][Px17e7][Tx6ffd700][TRC] LENGINE    leng_shell 374  lEngine_PostMessage() [out] 0
[2016/05/20 00:52:44 535][Px17e7][Tx77fe700][DBG] LENGINE    leng_main. 561  ENGINE_MSG_LOAD
[2016/05/20 00:52:44 542][Px17e7][Tx77fe700][DBG] LENGINE    leng_main. 209  lEngine_LoadEnv(de83320,f83fc320) [in]
[2016/05/20 00:52:44 542][Px17e7][Tx6ffd700][TRC] LMOD       luac_logge 170  [transport:1198:[soc] disconnect   ]
[2016/05/20 00:52:44 543][Px17e7][Tx6ffd700][DBG] LENGINE    leng_rpc.c 527  luacRPCFuncProto_Invoke() [out] ret = 0
[2016/05/20 00:52:44 543][Px17e7][Tx6ffd700][DBG] LENGINE    leng_main. 513  ENGINE_MSG_RPC_ASYNC
[2016/05/20 00:52:44 543][Px17e7][Tx6ffd700][DBG] LENGINE    leng_main. 521  [isr_local], stat = 1
[2016/05/20 00:52:44 544][Px17e7][Tx6ffd700][DBG] LENGINE    leng_rpc.c 413  luacRPCFuncProto_Invoke(e81b9400,fc26dea0) [in]
[2016/05/20 00:52:44 544][Px17e7][Tx6ffd700][DBG] MSPTHREAD  MSPThreadP 733  POST l_engine_3:10:1:1
[2016/05/20 00:52:44 546][Px17e7][Tx6ffd700][PRF] LENGINE    leng_main. 189  callc(local_service_cbmsg) cost 2 ms
[2016/05/20 00:52:44 546][Px17e7][Tx6ffd700][DBG] LENGINE    leng_rpc.c 527  luacRPCFuncProto_Invoke() [out] ret = 0
[2016/05/20 00:52:44 549][Px17e7][Tx6ffd700][DBG] LENGINE    leng_main. 513  ENGINE_MSG_RPC_ASYNC
[2016/05/20 00:52:44 550][Px17e7][Tx6ffd700][DBG] LENGINE    leng_main. 521  [isr_local], stat = 1
[2016/05/20 00:52:44 550][Px17e7][Tx6ffd700][DBG] LENGINE    leng_rpc.c 413  luacRPCFuncProto_Invoke(f83f8c60,fc26dea0) [in]
[2016/05/20 00:52:44 550][Px17e7][Tx6ffd700][DBG] MSPTHREAD  MSPThreadP 733  POST l_engine_3:10:1:0
[2016/05/20 00:52:44 551][Px17e7][Tx6ffd700][PRF] LENGINE    leng_main. 189  callc(local_service_cbmsg) cost 0 ms
[2016/05/20 00:52:44 551][Px17e7][Tx6ffd700][DBG] LENGINE    leng_rpc.c 527  luacRPCFuncProto_Invoke() [out] ret = 0
[2016/05/20 00:52:44 551][Px17e7][Tx67fc700][DBG] LENGINE    leng_main. 513  ENGINE_MSG_RPC_ASYNC
[2016/05/20 00:52:44 552][Px17e7][Tx67fc700][DBG] LENGINE    leng_main. 521  [cisr1PdHHBHy5+WCkEgpaawnS0ny0gzWl+], stat = 1
[2016/05/20 00:52:44 559][Px17e7][Tx67fc700][DBG] LENGINE    leng_rpc.c 413  luacRPCFuncProto_Invoke(f83ebe80,20bd860) [in]
[2016/05/20 00:52:44 559][Px17e7][Tx77fe700][INF] LLOADER    lloader.c  327  load debug
[2016/05/20 00:52:44 559][Px17e7][Tx77fe700][INF] LLOADER    lloader.c  339  a intalled entry
[2016/05/20 00:52:44 560][Px17e7][Tx77fe700][INF] LLOADER    lloader.c  365  from rom
[2016/05/20 00:52:44 560][Px17e7][Tx77fe700][PRF] LLOADER    lloader.c  397  load debug cost 16 (ms)
[2016/05/20 00:52:44 566][Px17e7][Tx77fe700][INF] LLOADER    lloader.c  327  load network
[2016/05/20 00:52:44 566][Px17e7][Tx77fe700][INF] LLOADER    lloader.c  339  a intalled entry
[2016/05/20 00:52:44 567][Px17e7][Tx77fe700][INF] LLOADER    lloader.c  365  from rom
[2016/05/20 00:52:44 567][Px17e7][Tx77fe700][PRF] LLOADER    lloader.c  397  load network cost 1 (ms)
[2016/05/20 00:52:44 568][Px17e7][Tx77fe700][INF] LLOADER    lloader.c  327  load ecode
[2016/05/20 00:52:44 569][Px17e7][Tx77fe700][INF] LLOADER    lloader.c  339  a intalled entry
[2016/05/20 00:52:44 570][Px17e7][Tx77fe700][INF] LLOADER    lloader.c  365  from rom
[2016/05/20 00:52:44 574][Px17e7][Tx77fe700][PRF] LLOADER    lloader.c  397  load ecode cost 6 (ms)
[2016/05/20 00:52:44 575][Px17e7][Tx77fe700][INF] LLOADER    lloader.c  327  load config
[2016/05/20 00:52:44 575][Px17e7][Tx77fe700][INF] LLOADER    lloader.c  339  a intalled entry
[2016/05/20 00:52:44 576][Px17e7][Tx77fe700][INF] LLOADER    lloader.c  365  from rom
[2016/05/20 00:52:44 576][Px17e7][Tx77fe700][PRF] LLOADER    lloader.c  397  load config cost 2 (ms)
[2016/05/20 00:52:44 577][Px17e7][Tx77fe700][INF] LMOD       luac_logge 172  [config:42:use general cloud  ]
[2016/05/20 00:52:44 582][Px17e7][Tx77fe700][INF] LLOADER    lloader.c  327  load perf
[2016/05/20 00:52:44 582][Px17e7][Tx67fc700][TRC] LMOD       luac_logge 170  [isr:759:local_cbmsg_handler  ,msg=  404  param1=  nil  ]
[2016/05/20 00:52:44 583][Px17e7][Tx67fc700][DBG] LENGINE    leng_rpc.c 527  luacRPCFuncProto_Invoke() [out] ret = 0
[2016/05/20 00:52:44 584][Px17e7][Tx67fc700][DBG] LENGINE    leng_main. 513  ENGINE_MSG_RPC_ASYNC
[2016/05/20 00:52:44 584][Px17e7][Tx67fc700][DBG] LENGINE    leng_main. 521  [cisr1PdHHBHy5+WCkEgpaawnS0ny0gzWl+], stat = 1
[2016/05/20 00:52:44 586][Px17e7][Tx67fc700][DBG] LENGINE    leng_rpc.c 413  luacRPCFuncProto_Invoke(f83f2f20,20bd860) [in]
[2016/05/20 00:52:44 586][Px17e7][Tx77fe700][ERR] LLOADER    lloader.c  390  not found!
[2016/05/20 00:52:44 590][Px17e7][Tx77fe700][INF] LLOADER    lloader.c  327  load ns
[2016/05/20 00:52:44 591][Px17e7][Tx77fe700][INF] LLOADER    lloader.c  339  a intalled entry
[2016/05/20 00:52:44 591][Px17e7][Tx77fe700][INF] LLOADER    lloader.c  365  from rom
[2016/05/20 00:52:44 592][Px17e7][Tx77fe700][PRF] LLOADER    lloader.c  397  load ns cost 2 (ms)
[2016/05/20 00:52:44 593][Px17e7][Tx67fc700][TRC] LMOD       luac_logge 170  [isr:759:local_cbmsg_handler  ,msg=  406  param1=  nil  ]
[2016/05/20 00:52:44 598][Px17e7][Tx67fc700][DBG] LENGINE    leng_rpc.c 527  luacRPCFuncProto_Invoke() [out] ret = 0
[2016/05/20 00:52:44 598][Px17e7][Tx77fe700][DBG] LENGINE    leng_main. 263  precall return 0
[2016/05/20 00:52:44 599][Px17e7][Tx77fe700][DBG] LENGINE    leng_main. 288  [waiter], ACTIVE
[2016/05/20 00:52:44 599][Px17e7][Tx77fe700][DBG] LENGINE    leng_rpc.c 413  luacRPCFuncProto_Invoke(6dd0,f83fc320) [in]
[2016/05/20 00:52:44 607][Px17e7][Tx77fe700][INF] LMOD       luac_logge 172  [waiter:120:waiter loaded!  ]
[2016/05/20 00:52:44 607][Px17e7][Tx77fe700][DBG] LENGINE    leng_rpc.c 527  luacRPCFuncProto_Invoke() [out] ret = 0
[2016/05/20 00:52:44 608][Px17e7][Tx77fe700][DBG] LENGINE    leng_main. 312  [waiter], loaded
[2016/05/20 00:52:44 608][Px17e7][Tx77fe700][DBG] LENGINE    leng_rpc.c 413  luacRPCFuncProto_Invoke(6dd0,f83fc320) [in]
[2016/05/20 00:52:44 609][Px17e7][Tx77fe700][DBG] LENGINE    leng_rpc.c 527  luacRPCFuncProto_Invoke() [out] ret = 0
[2016/05/20 00:52:44 611][Px17e7][Tx77fe700][DBG] LENGINE    leng_main. 345  lEngine_LoadEnv() [out] successfully
[2016/05/20 00:52:44 611][Px17e7][Tx77fe700][DBG] LENGINE    leng_main. 567  waiter, eng = l_engine_1, env = f83fc320, L = f83fc420
[2016/05/20 00:52:44 612][Px17e7][Tx77fe700][INF] LENGINE    leng_main. 568  l_engine_1 occupancy: 1 (33%)
[2016/05/20 00:52:44 615][Px17e7][Tx77fe700][DBG] LENGINE    leng_main. 513  ENGINE_MSG_RPC_ASYNC
[2016/05/20 00:52:44 615][Px17e7][Tx77fe700][DBG] LENGINE    leng_main. 521  [waiter], stat = 1
[2016/05/20 00:52:44 616][Px17e7][Tx77fe700][DBG] LENGINE    leng_rpc.c 413  luacRPCFuncProto_Invoke(f83fbe70,f83fc320) [in]
[2016/05/20 00:52:44 616][Px17e7][Txe08b700][TRC] QISR       qisr.c     390  QISRGetResult(20bd020,6b5626c,0,6b561ac) [in]
[2016/05/20 00:52:44 617][Px17e7][Txe08b700][TRC] QISR       qisr.c     396  QISRGetResult session addr:(20bd020)
[2016/05/20 00:52:44 622][Px17e7][Txe08b700][TRC] LENGINE    leng_shell 385  lEngine_SendMessage(20bd860,3,0,,,) [in]
[2016/05/20 00:52:44 623][Px17e7][Txe08b700][DBG] MSPTHREAD  MSPThreadP 733  POST l_engine_3:11:1:1
[2016/05/20 00:52:44 624][Px17e7][Tx67fc700][DBG] LENGINE    leng_main. 535  ENGINE_MSG_RPC_SYNC
[2016/05/20 00:52:44 624][Px17e7][Tx67fc700][DBG] LENGINE    leng_main. 543  [cisr1PdHHBHy5+WCkEgpaawnS0ny0gzWl+], stat = 1
[2016/05/20 00:52:44 625][Px17e7][Tx67fc700][DBG] LENGINE    leng_rpc.c 413  luacRPCFuncProto_Invoke(20c5140,20bd860) [in]
[2016/05/20 00:52:44 631][Px17e7][Tx77fe700][INF] LMOD       luac_logge 172  [network:380:redns  def  open.xf-yun.com  ]
[2016/05/20 00:52:44 631][Px17e7][Tx77fe700][TRC] MSPADNS    MSPAsyncDn 268  MSPAsyncDns_Start() [in]
[2016/05/20 00:52:44 632][Px17e7][Tx7fff700][DBG] MSPADNS    MSPAsyncDn 184  gethostbyname(open.xf-yun.com) start [id=90232]
[2016/05/20 00:52:44 639][Px17e7][Tx7fff700][ERR] MSPADNS    MSPAsyncDn 211  gethostbyname(open.xf-yun.com) failed: Temporary failure in name resolution [id=90232]
[2016/05/20 00:52:44 639][Px17e7][Tx7fff700][DBG] MSPTHREAD  MSPThreadP 733  POST l_engine_1:10:1:0
[2016/05/20 00:52:44 641][Px17e7][Tx67fc700][TRC] LMOD       luac_logge 170  [isr:1618:ASR_MSG_GRSLT,   local  ]
[2016/05/20 00:52:44 646][Px17e7][Tx77fe700][INF] LMOD       luac_logge 172  [waiter:196:last gc at  1463730764  ]
[2016/05/20 00:52:44 647][Px17e7][Tx77fe700][DBG] LENGINE    leng_rpc.c 527  luacRPCFuncProto_Invoke() [out] ret = 0
[2016/05/20 00:52:44 648][Px17e7][Tx77fe700][DBG] LENGINE    leng_main. 513  ENGINE_MSG_RPC_ASYNC
[2016/05/20 00:52:44 649][Px17e7][Tx77fe700][DBG] LENGINE    leng_main. 521  [waiter], stat = 1
[2016/05/20 00:52:44 653][Px17e7][Tx77fe700][DBG] LENGINE    leng_rpc.c 413  luacRPCFuncProto_Invoke(e0001a20,f83fc320) [in]
[2016/05/20 00:52:44 654][Px17e7][Tx67fc700][TRC] LMOD       luac_logge 170  [isr:1297:0  nil  2  ]
[2016/05/20 00:52:44 654][Px17e7][Tx67fc700][DBG] LENGINE    leng_rpc.c 527  luacRPCFuncProto_Invoke() [out] ret = 0
[2016/05/20 00:52:44 655][Px17e7][Txe08b700][TRC] LENGINE    leng_shell 428  lEngine_SendMessage() [out] 0
[2016/05/20 00:52:44 662][Px17e7][Txe08b700][TRC] QISR       qisr.c     455  QISRGetResult() [out] 0 2 0
[2016/05/20 00:52:44 663][Px17e7][Tx77fe700][INF] LMOD       luac_logge 172  [network:173:dns resp  10214  ]
[2016/05/20 00:52:44 664][Px17e7][Tx77fe700][INF] LMOD       luac_logge 172  [network:397:redns dns resp  nil  10214  nil  nil  ]
[2016/05/20 00:52:44 664][Px17e7][Tx77fe700][DBG] LENGINE    leng_rpc.c 527  luacRPCFuncProto_Invoke() [out] ret = 0
[2016/05/20 00:52:44 678][Px17e7][Txeffff700][TRC] LENGINE    aitalk.c   1397 final result will throw out next!
[2016/05/20 00:52:44 679][Px17e7][Txeffff700][DBG] MSPTHREAD  MSPThreadP 733  POST l_engine_2:10:1:1
[2016/05/20 00:52:44 680][Px17e7][Tx6ffd700][DBG] LENGINE    leng_main. 513  ENGINE_MSG_RPC_ASYNC
[2016/05/20 00:52:44 680][Px17e7][Tx6ffd700][DBG] LENGINE    leng_main. 521  [isr_local], stat = 1
[2016/05/20 00:52:44 681][Px17e7][Tx6ffd700][DBG] LENGINE    leng_rpc.c 413  luacRPCFuncProto_Invoke(e80008e0,fc26dea0) [in]
[2016/05/20 00:52:44 682][Px17e7][Txeffff700][TRC] LENGINE    aitalk.c   1361 got result!
[2016/05/20 00:52:44 684][Px17e7][Txeffff700][DBG] MSPTHREAD  MSPThreadP 733  POST l_engine_2:10:1:0
[2016/05/20 00:52:44 685][Px17e7][Tx6ffd700][TRC] LMOD       luac_logge 170  [isr_local:669:final result will throw out next!  ]
[2016/05/20 00:52:44 685][Px17e7][Tx6ffd700][DBG] LENGINE    leng_rpc.c 527  luacRPCFuncProto_Invoke() [out] ret = 0
[2016/05/20 00:52:44 686][Px17e7][Txeffff700][DBG] MSPTHREAD  MSPThreadP 733  POST l_engine_2:10:2:0
[2016/05/20 00:52:44 687][Px17e7][Tx6ffd700][DBG] LENGINE    leng_main. 513  ENGINE_MSG_RPC_ASYNC
[2016/05/20 00:52:44 687][Px17e7][Tx6ffd700][DBG] LENGINE    leng_main. 521  [isr_local], stat = 1
[2016/05/20 00:52:44 688][Px17e7][Tx6ffd700][DBG] LENGINE    leng_rpc.c 413  luacRPCFuncProto_Invoke(e8000c40,fc26dea0) [in]
[2016/05/20 00:52:44 689][Px17e7][Tx6ffd700][TRC] LMOD       luac_logge 170  [isr_local:679:nRecognizeState:  1  ]
[2016/05/20 00:52:44 690][Px17e7][Tx6ffd700][TRC] LMOD       luac_logge 170  [isr_local:680:nConfidenceScore:  100  ]
[2016/05/20 00:52:44 692][Px17e7][Tx6ffd700][TRC] LMOD       luac_logge 170  [isr_local:728:result_type :   xml  ]
[2016/05/20 00:52:44 693][Px17e7][Tx6ffd700][TRC] LMOD       luac_logge 170  [isr_local:729:result_encoding :   UTF-8  ]
[2016/05/20 00:52:44 695][Px17e7][Tx6ffd700][TRC] LMOD       luac_logge 170  [isr_local:730:is iat :   false  ]
[2016/05/20 00:52:44 695][Px17e7][Tx6ffd700][INF] LLOADER    lloader.c  327  load LuaXml
[2016/05/20 00:52:44 696][Px17e7][Tx6ffd700][INF] LLOADER    lloader.c  339  a intalled entry
[2016/05/20 00:52:44 696][Px17e7][Tx6ffd700][INF] LLOADER    lloader.c  365  from rom
[2016/05/20 00:52:44 697][Px17e7][Tx6ffd700][PRF] LLOADER    lloader.c  397  load LuaXml cost 2 (ms)
[2016/05/20 00:52:44 698][Px17e7][Tx6ffd700][TRC] LMOD       luac_logge 170  [isr_local:469:item_count:1  ]
[2016/05/20 00:52:44 700][Px17e7][Tx6ffd700][INF] LMOD       luac_logge 172  [isr_local:293:nil  ]
[2016/05/20 00:52:44 701][Px17e7][Tx6ffd700][DBG] MSPTHREAD  MSPThreadP 733  POST l_engine_3:10:1:1
[2016/05/20 00:52:44 702][Px17e7][Tx67fc700][DBG] LENGINE    leng_main. 513  ENGINE_MSG_RPC_ASYNC
[2016/05/20 00:52:44 702][Px17e7][Tx67fc700][DBG] LENGINE    leng_main. 521  [cisr1PdHHBHy5+WCkEgpaawnS0ny0gzWl+], stat = 1
[2016/05/20 00:52:44 703][Px17e7][Tx67fc700][DBG] LENGINE    leng_rpc.c 413  luacRPCFuncProto_Invoke(f800f720,20bd860) [in]
[2016/05/20 00:52:44 704][Px17e7][Tx6ffd700][PRF] LENGINE    leng_main. 189  callc(local_service_cbmsg) cost 1 ms
[2016/05/20 00:52:44 705][Px17e7][Tx67fc700][TRC] LMOD       luac_logge 170  [isr:759:local_cbmsg_handler  ,msg=  407  param1=  udata(fc2725a8) ]
[2016/05/20 00:52:44 706][Px17e7][Tx6ffd700][DBG] LENGINE    leng_rpc.c 527  luacRPCFuncProto_Invoke() [out] ret = 0
[2016/05/20 00:52:44 707][Px17e7][Tx67fc700][TRC] LMOD       luac_logge 170  [isr:661:process_result call:  local  udata(fc2725a8) 100  2  ]
[2016/05/20 00:52:44 707][Px17e7][Tx67fc700][DBG] LENGINE    leng_rpc.c 527  luacRPCFuncProto_Invoke() [out] ret = 0
[2016/05/20 00:52:44 708][Px17e7][Tx6ffd700][DBG] LENGINE    leng_main. 513  ENGINE_MSG_RPC_ASYNC
[2016/05/20 00:52:44 709][Px17e7][Tx6ffd700][DBG] LENGINE    leng_main. 521  [isr_local], stat = 1
[2016/05/20 00:52:44 709][Px17e7][Tx6ffd700][DBG] LENGINE    leng_rpc.c 413  luacRPCFuncProto_Invoke(e8119360,fc26dea0) [in]
[2016/05/20 00:52:44 710][Px17e7][Tx6ffd700][TRC] LMOD       luac_logge 170  [isr_local:675:recognized end!  ]
[2016/05/20 00:52:44 711][Px17e7][Tx6ffd700][DBG] MSPTHREAD  MSPThreadP 733  POST l_engine_3:10:1:1
[2016/05/20 00:52:44 711][Px17e7][Tx67fc700][DBG] LENGINE    leng_main. 513  ENGINE_MSG_RPC_ASYNC
[2016/05/20 00:52:44 712][Px17e7][Tx67fc700][DBG] LENGINE    leng_main. 521  [cisr1PdHHBHy5+WCkEgpaawnS0ny0gzWl+], stat = 1
[2016/05/20 00:52:44 712][Px17e7][Tx67fc700][DBG] LENGINE    leng_rpc.c 413  luacRPCFuncProto_Invoke(f800f720,20bd860) [in]
[2016/05/20 00:52:44 713][Px17e7][Tx6ffd700][PRF] LENGINE    leng_main. 189  callc(local_service_cbmsg) cost 0 ms
[2016/05/20 00:52:44 714][Px17e7][Tx67fc700][TRC] LMOD       luac_logge 170  [isr:759:local_cbmsg_handler  ,msg=  408  param1=  nil  ]
[2016/05/20 00:52:44 714][Px17e7][Tx6ffd700][DBG] LENGINE    leng_rpc.c 527  luacRPCFuncProto_Invoke() [out] ret = 0
[2016/05/20 00:52:44 715][Px17e7][Tx67fc700][TRC] LMOD       luac_logge 170  [isr:774:local session recognized end!  ]
[2016/05/20 00:52:44 716][Px17e7][Tx67fc700][DBG] LENGINE    leng_rpc.c 527  luacRPCFuncProto_Invoke() [out] ret = 0
[2016/05/20 00:52:44 744][Px17e7][Tx6ffd700][DBG] LENGINE    leng_rpc.c 413  luacRPCFuncProto_Invoke(f800f720,fc26dea0) [in]
[2016/05/20 00:52:44 745][Px17e7][Tx6ffd700][INF] LMOD       luac_logge 172  [transport:959:session.domain=  open.xf-yun.com  ]
[2016/05/20 00:52:44 746][Px17e7][Tx6ffd700][INF] LMOD       luac_logge 172  [transport:960:url.host=  open.xf-yun.com  ]
[2016/05/20 00:52:44 746][Px17e7][Tx6ffd700][INF] LLOADER    lloader.c  327  load dkjson
[2016/05/20 00:52:44 748][Px17e7][Tx6ffd700][INF] LLOADER    lloader.c  339  a intalled entry
[2016/05/20 00:52:44 748][Px17e7][Tx6ffd700][INF] LLOADER    lloader.c  365  from rom
[2016/05/20 00:52:44 749][Px17e7][Tx6ffd700][PRF] LLOADER    lloader.c  397  load dkjson cost 2 (ms)
[2016/05/20 00:52:44 751][Px17e7][Tx6ffd700][DBG] LMOD       luac_logge 178  [network:83:ipfromenv ,  ipcache  open.xf-yun.com  def  nil  ]
[2016/05/20 00:52:44 752][Px17e7][Tx6ffd700][TRC] LMOD       luac_logge 170  [transport:994:NAMESERVER START  ]
[2016/05/20 00:52:44 753][Px17e7][Tx6ffd700][INF] LMOD       luac_logge 172  [transport:997:name =   ath  ]
[2016/05/20 00:52:44 754][Px17e7][Tx6ffd700][INF] LMOD       luac_logge 172  [ns:727:ntt=  standard  ]
[2016/05/20 00:52:44 755][Px17e7][Tx6ffd700][INF] LMOD       luac_logge 172  [transport:1000:trans,ns_inprog =  0  ]
[2016/05/20 00:52:44 757][Px17e7][Tx6ffd700][TRC] LMOD       luac_logge 170  [ns:682:name server start  ]
[2016/05/20 00:52:44 758][Px17e7][Tx6ffd700][INF] LMOD       luac_logge 172  [ns:683:ns_sub =   ath  ]
[2016/05/20 00:52:44 761][Px17e7][Tx6ffd700][INF] LMOD       luac_logge 172  [ns:685:ns_host=  open.xf-yun.com  ]
[2016/05/20 00:52:44 762][Px17e7][Tx6ffd700][INF] LMOD       luac_logge 172  [ns:403:ns_host=  open.xf-yun.com  ]
[2016/05/20 00:52:44 763][Px17e7][Txe08b700][TRC] QISR       qisr.c     390  QISRGetResult(20bd020,6b5626c,0,6b561ac) [in]
[2016/05/20 00:52:44 764][Px17e7][Txe08b700][TRC] QISR       qisr.c     396  QISRGetResult session addr:(20bd020)
[2016/05/20 00:52:44 764][Px17e7][Txe08b700][TRC] LENGINE    leng_shell 385  lEngine_SendMessage(20bd860,3,0,,,) [in]
[2016/05/20 00:52:44 765][Px17e7][Txe08b700][DBG] MSPTHREAD  MSPThreadP 733  POST l_engine_3:11:1:1
[2016/05/20 00:52:44 765][Px17e7][Tx67fc700][DBG] LENGINE    leng_main. 535  ENGINE_MSG_RPC_SYNC
[2016/05/20 00:52:44 766][Px17e7][Tx67fc700][DBG] LENGINE    leng_main. 543  [cisr1PdHHBHy5+WCkEgpaawnS0ny0gzWl+], stat = 1
[2016/05/20 00:52:44 766][Px17e7][Tx67fc700][DBG] LENGINE    leng_rpc.c 413  luacRPCFuncProto_Invoke(2114360,20bd860) [in]
[2016/05/20 00:52:44 767][Px17e7][Tx6ffd700][DBG] LMOD       luac_logge 178  [ns:662:GET /sip/resolver?srand=0520005211.32 HTTP/1.1
Host: hdns.openspeech.cn
Connection: Keep-Alive
X-Par: ver=1.2&appid=583467f7&operator=UNKNOW&nettype=STANDARD&cver=5.0.27.1135&svc=ath&host=open.xf-yun.com&sign=ab5642eee045664edaa7e929fd22b4cc
User-Agent: iFLYCloud

  ]
[2016/05/20 00:52:44 768][Px17e7][Tx67fc700][TRC] LMOD       luac_logge 170  [isr:1618:ASR_MSG_GRSLT,   local  ]
[2016/05/20 00:52:44 769][Px17e7][Tx6ffd700][INF] LMOD       luac_logge 172  [ns:663:net_type =  standard  ]
[2016/05/20 00:52:44 771][Px17e7][Tx67fc700][TRC] LMOD       luac_logge 170  [isr:1297:0  udata(fc2725a8) 5  ]
[2016/05/20 00:52:44 771][Px17e7][Tx67fc700][DBG] LENGINE    leng_rpc.c 527  luacRPCFuncProto_Invoke() [out] ret = 0
[2016/05/20 00:52:44 772][Px17e7][Txe08b700][TRC] LENGINE    leng_shell 428  lEngine_SendMessage() [out] 0
[2016/05/20 00:52:44 773][Px17e7][Txe08b700][TRC] QISR       qisr.c     455  QISRGetResult() [out] 21126b0 5 0
[2016/05/20 00:52:44 774][Px17e7][Tx6ffd700][INF] LMOD       luac_logge 172  [ns:664:cmwapascmnet =  ]
[2016/05/20 00:52:44 780][Px17e7][Tx6ffd700][INF] LMOD       luac_logge 172  [ns:665:uniwapasuninet =  ]
[2016/05/20 00:52:44 789][Px17e7][Tx6ffd700][INF] LMOD       luac_logge 172  [ns:666:ctwapasctnet =  ]
[2016/05/20 00:52:44 794][Px17e7][Tx6ffd700][INF] LMOD       luac_logge 172  [ns:676:host=  hdns.openspeech.cn  ]
[2016/05/20 00:52:44 795][Px17e7][Tx6ffd700][TRC] MSPADNS    MSPAsyncDn 268  MSPAsyncDns_Start() [in]
[2016/05/20 00:52:44 795][Px17e7][Tx6ffd700][TRC] MSPADNS    MSPAsyncDn 268  MSPAsyncDns_Start() [in]
[2016/05/20 00:52:44 796][Px17e7][Tx7fff700][DBG] MSPADNS    MSPAsyncDn 184  gethostbyname(hdns.openspeech.cn) start [id=-130104920]
[2016/05/20 00:52:44 796][Px17e7][Tx7fff700][ERR] MSPADNS    MSPAsyncDn 211  gethostbyname(hdns.openspeech.cn) failed: Temporary failure in name resolution [id=-130104920]
[2016/05/20 00:52:44 797][Px17e7][Tx7fff700][DBG] MSPTHREAD  MSPThreadP 733  POST l_engine_2:10:1:1
[2016/05/20 00:52:44 798][Px17e7][Tx6ffd700][DBG] LENGINE    leng_rpc.c 527  luacRPCFuncProto_Invoke() [out] ret = 0
[2016/05/20 00:52:44 798][Px17e7][Tx6ffd700][DBG] LENGINE    leng_main. 513  ENGINE_MSG_RPC_ASYNC
[2016/05/20 00:52:44 799][Px17e7][Tx6ffd700][DBG] LENGINE    leng_main. 521  [isr_local], stat = 1
[2016/05/20 00:52:44 800][Px17e7][Tx6ffd700][DBG] LENGINE    leng_rpc.c 413  luacRPCFuncProto_Invoke(e0001a20,fc26dea0) [in]
[2016/05/20 00:52:44 800][Px17e7][Tx7fff700][DBG] MSPADNS    MSPAsyncDn 184  gethostbyname(open.xf-yun.com) start [id=-130076856]
[2016/05/20 00:52:44 801][Px17e7][Tx7fff700][ERR] MSPADNS    MSPAsyncDn 211  gethostbyname(open.xf-yun.com) failed: Temporary failure in name resolution [id=-130076856]
[2016/05/20 00:52:44 805][Px17e7][Tx7fff700][DBG] MSPTHREAD  MSPThreadP 733  POST l_engine_2:10:1:0
[2016/05/20 00:52:44 805][Px17e7][Tx6ffd700][INF] LMOD       luac_logge 172  [ns:290:ns dns resp  10214  ]
[2016/05/20 00:52:44 809][Px17e7][Tx6ffd700][INF] LMOD       luac_logge 172  [ns:564:ns dns failed, err =   10214  ]
[2016/05/20 00:52:44 810][Px17e7][Tx6ffd700][INF] LMOD       luac_logge 172  [ns:174:ns gethttpresp  117.121.48.5  80  ]
[2016/05/20 00:52:44 812][Px17e7][Tx6ffd700][TRC] MSPSOCKET  MSPSocket. 269  MSPSocket_New(1, 1) [in]
[2016/05/20 00:52:44 813][Px17e7][Tx6ffd700][DBG] MSPSOCKET  MSPSocket. 326  socket(2,1,) ret=b, detail=101
[2016/05/20 00:52:44 813][Px17e7][Tx6ffd700][TRC] MSPSOCKET  MSPSocket. 411  MSPSocket_New() [out] f83ebfa0 0
[2016/05/20 00:52:44 814][Px17e7][Tx6ffd700][TRC] MSPSOCKET  MSPSocket. 501  MSPSocket_Connect(f83ebfa0) [in]
[2016/05/20 00:52:44 814][Px17e7][Tx6ffd700][DBG] MSPSOCKET  MSPSocket. 515  connect(b,117.121.48.5,) ret=-1, hd=f83ebfa0
[2016/05/20 00:52:44 814][Px17e7][Tx6ffd700][ERR] MSPSOCKET  MSPSocket. 530  connect() failed! f83ebfa0,b,-1,101
[2016/05/20 00:52:44 815][Px17e7][Tx6ffd700][DBG] MSPTHREAD  MSPThreadP 733  POST l_engine_2:10:2:0
[2016/05/20 00:52:44 816][Px17e7][Tx6ffd700][TRC] MSPSOCKET  MSPSocket. 565  MSPSocket_Connect() [out] 10202
[2016/05/20 00:52:44 817][Px17e7][Tx6ffd700][DBG] LENGINE    leng_rpc.c 527  luacRPCFuncProto_Invoke() [out] ret = 0
[2016/05/20 00:52:44 817][Px17e7][Tx6ffd700][DBG] LENGINE    leng_main. 513  ENGINE_MSG_RPC_ASYNC
[2016/05/20 00:52:44 818][Px17e7][Tx6ffd700][DBG] LENGINE    leng_main. 521  [isr_local], stat = 1
[2016/05/20 00:52:44 818][Px17e7][Tx6ffd700][DBG] LENGINE    leng_rpc.c 413  luacRPCFuncProto_Invoke(e0002d10,fc26dea0) [in]
[2016/05/20 00:52:44 820][Px17e7][Tx6ffd700][ERR] LMOD       luac_logge 166  [transport:295:[dns] [0] failed! 10214  ]
[2016/05/20 00:52:44 821][Px17e7][Tx6ffd700][INF] LLOADER    lloader.c  327  load dkjson
[2016/05/20 00:52:44 821][Px17e7][Tx6ffd700][INF] LLOADER    lloader.c  339  a intalled entry
[2016/05/20 00:52:44 822][Px17e7][Tx6ffd700][INF] LLOADER    lloader.c  365  from rom
[2016/05/20 00:52:44 822][Px17e7][Tx6ffd700][PRF] LLOADER    lloader.c  397  load dkjson cost 2 (ms)
[2016/05/20 00:52:44 825][Px17e7][Tx6ffd700][DBG] LMOD       luac_logge 178  [network:83:ipfromenv ,  ipcache  open.xf-yun.com  def  nil  ]
[2016/05/20 00:52:44 826][Px17e7][Tx6ffd700][INF] LLOADER    lloader.c  327  load dkjson
[2016/05/20 00:52:44 826][Px17e7][Tx6ffd700][INF] LLOADER    lloader.c  339  a intalled entry
[2016/05/20 00:52:44 827][Px17e7][Tx6ffd700][INF] LLOADER    lloader.c  365  from rom
[2016/05/20 00:52:44 827][Px17e7][Tx6ffd700][PRF] LLOADER    lloader.c  397  load dkjson cost 1 (ms)
[2016/05/20 00:52:44 829][Px17e7][Tx6ffd700][DBG] LMOD       luac_logge 178  [network:83:ipfromenv ,  ipcfg  open.xf-yun.com  def  nil  ]
[2016/05/20 00:52:44 830][Px17e7][Tx6ffd700][TRC] LMOD       luac_logge 170  [transport:1166:[soc] connect   116.213.69.195  80  ]
[2016/05/20 00:52:44 831][Px17e7][Tx6ffd700][TRC] MSPSOCKET  MSPSocket. 1593 MSPSocketTCPConnPool_Query(116.213.69.195, 80) [in]
[2016/05/20 00:52:44 831][Px17e7][Tx6ffd700][TRC] MSPSOCKET  MSPSocket. 1618 MSPSocketTCPConnPool_Query() [out] ret=0
[2016/05/20 00:52:44 833][Px17e7][Tx6ffd700][INF] LMOD       luac_logge 172  [transport:1183:mspsoc.open,prot_type=  tcp  ]
[2016/05/20 00:52:44 833][Px17e7][Tx6ffd700][TRC] MSPSOCKET  MSPSocket. 269  MSPSocket_New(1, 1) [in]
[2016/05/20 00:52:44 834][Px17e7][Tx6ffd700][DBG] MSPSOCKET  MSPSocket. 326  socket(2,1,) ret=c, detail=101
[2016/05/20 00:52:44 834][Px17e7][Tx6ffd700][TRC] MSPSOCKET  MSPSocket. 411  MSPSocket_New() [out] f83eb040 0
[2016/05/20 00:52:44 836][Px17e7][Tx6ffd700][TRC] MSPSOCKET  MSPSocket. 501  MSPSocket_Connect(f83eb040) [in]
[2016/05/20 00:52:44 838][Px17e7][Tx6ffd700][DBG] MSPSOCKET  MSPSocket. 515  connect(c,116.213.69.195,) ret=-1, hd=f83eb040
[2016/05/20 00:52:44 839][Px17e7][Tx6ffd700][ERR] MSPSOCKET  MSPSocket. 530  connect() failed! f83eb040,c,-1,101
[2016/05/20 00:52:44 840][Px17e7][Tx6ffd700][DBG] MSPTHREAD  MSPThreadP 733  POST l_engine_2:10:2:0
[2016/05/20 00:52:44 841][Px17e7][Tx6ffd700][TRC] MSPSOCKET  MSPSocket. 565  MSPSocket_Connect() [out] 10202
[2016/05/20 00:52:44 843][Px17e7][Tx6ffd700][DBG] LENGINE    leng_rpc.c 527  luacRPCFuncProto_Invoke() [out] ret = 0
[2016/05/20 00:52:44 844][Px17e7][Tx6ffd700][DBG] LENGINE    leng_main. 513  ENGINE_MSG_RPC_ASYNC
[2016/05/20 00:52:44 844][Px17e7][Tx6ffd700][DBG] LENGINE    leng_main. 521  [isr_local], stat = 1
[2016/05/20 00:52:44 844][Px17e7][Tx6ffd700][DBG] LENGINE    leng_rpc.c 413  luacRPCFuncProto_Invoke(f800f720,fc26dea0) [in]
[2016/05/20 00:52:44 845][Px17e7][Tx6ffd700][INF] LMOD       luac_logge 172  [ns:244:ns soc error  10202  ]
[2016/05/20 00:52:44 847][Px17e7][Tx6ffd700][TRC] MSPSOCKET  MSPSocket. 1014 MSPSocket_Close(f83ebfa0) [in]
[2016/05/20 00:52:44 848][Px17e7][Tx6ffd700][DBG] MSPSOCKET  MSPSocket. 1034 close(b), f83ebfa0
[2016/05/20 00:52:44 849][Px17e7][Tx6ffd700][TRC] MSPSOCKET  MSPSocket. 1068 MSPSocket_Close() [out] 0
[2016/05/20 00:52:44 858][Px17e7][Tx6ffd700][INF] LMOD       luac_logge 172  [ns:407:name server http resp  nil  10202  nil  ]
[2016/05/20 00:52:44 860][Px17e7][Tx6ffd700][INF] LMOD       luac_logge 172  [ns:551:ns response failed, err =  10202  ]
[2016/05/20 00:52:44 862][Px17e7][Tx6ffd700][INF] LMOD       luac_logge 172  [ns:111:ns_host=  open.xf-yun.com  ]
[2016/05/20 00:52:44 863][Px17e7][Tx6ffd700][INF] LMOD       luac_logge 172  [ns:113:use default ip  ]
[2016/05/20 00:52:44 865][Px17e7][Tx6ffd700][INF] LMOD       luac_logge 172  [transport:974:ns_ip =   116.213.69.195  ]
[2016/05/20 00:52:44 866][Px17e7][Tx6ffd700][INF] LMOD       luac_logge 172  [transport:975:ip_type =  def_athopen.xf-yun.com  ]
[2016/05/20 00:52:44 869][Px17e7][Tx6ffd700][INF] LMOD       luac_logge 172  [ns:756:no data in ns_q  ]
[2016/05/20 00:52:44 870][Px17e7][Tx6ffd700][INF] LMOD       luac_logge 172  [ns:757:conti_ns,ns_inprog =   1  ]
[2016/05/20 00:52:44 871][Px17e7][Tx6ffd700][DBG] LENGINE    leng_rpc.c 527  luacRPCFuncProto_Invoke() [out] ret = 0
[2016/05/20 00:52:44 872][Px17e7][Tx6ffd700][DBG] LENGINE    leng_main. 513  ENGINE_MSG_RPC_ASYNC
[2016/05/20 00:52:44 873][Px17e7][Tx6ffd700][DBG] LENGINE    leng_main. 521  [isr_local], stat = 1
[2016/05/20 00:52:44 874][Px17e7][Tx6ffd700][DBG] LENGINE    leng_rpc.c 413  luacRPCFuncProto_Invoke(f83ec180,fc26dea0) [in]
[2016/05/20 00:52:44 875][Px17e7][Tx6ffd700][ERR] LMOD       luac_logge 166  [transport:545:MSC:[soc] [0] error 10202 101!  ]
[2016/05/20 00:52:44 876][Px17e7][Tx6ffd700][TRC] MSPSOCKET  MSPSocket. 1014 MSPSocket_Close(f83eb040) [in]
[2016/05/20 00:52:44 877][Px17e7][Tx6ffd700][DBG] MSPSOCKET  MSPSocket. 1034 close(c), f83eb040
[2016/05/20 00:52:44 878][Px17e7][Tx6ffd700][TRC] MSPSOCKET  MSPSocket. 1068 MSPSocket_Close() [out] 0
[2016/05/20 00:52:44 879][Px17e7][Tx6ffd700][INF] LMOD       luac_logge 172  [transport:57:clear_ip ip_type =  def_athopen.xf-yun.com  ]
[2016/05/20 00:52:44 881][Px17e7][Tx6ffd700][WAR] LMOD       luac_logge 168  [transport:321:soc_conn_failed  ]
[2016/05/20 00:52:44 882][Px17e7][Tx6ffd700][DBG] LMOD       luac_logge 178  [network:88:iptoenv ,  ipcache  open.xf-yun.com  def  nil  ]
[2016/05/20 00:52:44 883][Px17e7][Tx6ffd700][INF] LLOADER    lloader.c  327  load dkjson
[2016/05/20 00:52:44 884][Px17e7][Tx6ffd700][INF] LLOADER    lloader.c  339  a intalled entry
[2016/05/20 00:52:44 885][Px17e7][Txe08b700][TRC] QISR       qisr.c     269  QISRSessionEnd(20bd020,4054ff) [in]
[2016/05/20 00:52:44 885][Px17e7][Txe08b700][TRC] QISR       qisr.c     275  warning:(20bd020) will be free!
[2016/05/20 00:52:44 886][Px17e7][Txe08b700][TRC] LENGINE    leng_shell 385  lEngine_SendMessage(20bd860,4,1,,,) [in]
[2016/05/20 00:52:44 887][Px17e7][Txe08b700][DBG] MSPTHREAD  MSPThreadP 733  POST l_engine_3:11:1:1
[2016/05/20 00:52:44 888][Px17e7][Tx67fc700][DBG] LENGINE    leng_main. 535  ENGINE_MSG_RPC_SYNC
[2016/05/20 00:52:44 888][Px17e7][Tx67fc700][DBG] LENGINE    leng_main. 543  [cisr1PdHHBHy5+WCkEgpaawnS0ny0gzWl+], stat = 1
[2016/05/20 00:52:44 889][Px17e7][Tx67fc700][DBG] LENGINE    leng_rpc.c 413  luacRPCFuncProto_Invoke(20b9c10,20bd860) [in]
[2016/05/20 00:52:44 890][Px17e7][Tx6ffd700][INF] LLOADER    lloader.c  365  from rom
[2016/05/20 00:52:44 892][Px17e7][Tx67fc700][TRC] LMOD       luac_logge 170  [isr:1621:ASR_MSG_SSE,   local  ]
[2016/05/20 00:52:44 893][Px17e7][Tx6ffd700][PRF] LLOADER    lloader.c  397  load dkjson cost 10 (ms)
[2016/05/20 00:52:44 894][Px17e7][Tx67fc700][TRC] LMOD       luac_logge 170  [isr:1346:session_end() [in]  ]
[2016/05/20 00:52:44 897][Px17e7][Tx6ffd700][INF] LMOD       luac_logge 172  [transport:390:switch 80  ]
[2016/05/20 00:52:44 898][Px17e7][Tx67fc700][TRC] LMOD       luac_logge 170  [isr:1367:local_session_end() [in]  ]
[2016/05/20 00:52:44 899][Px17e7][Tx67fc700][INF] LLOADER    lloader.c  327  load dkjson
[2016/05/20 00:52:44 899][Px17e7][Tx67fc700][INF] LLOADER    lloader.c  339  a intalled entry
[2016/05/20 00:52:44 900][Px17e7][Tx67fc700][INF] LLOADER    lloader.c  365  from rom
[2016/05/20 00:52:44 901][Px17e7][Tx67fc700][PRF] LLOADER    lloader.c  397  load dkjson cost 2 (ms)
[2016/05/20 00:52:44 902][Px17e7][Tx67fc700][INF] LLOADER    lloader.c  327  load debug
[2016/05/20 00:52:44 903][Px17e7][Tx67fc700][INF] LLOADER    lloader.c  339  a intalled entry
[2016/05/20 00:52:44 904][Px17e7][Tx67fc700][INF] LLOADER    lloader.c  365  from rom
[2016/05/20 00:52:44 905][Px17e7][Tx67fc700][PRF] LLOADER    lloader.c  397  load debug cost 3 (ms)
[2016/05/20 00:52:44 906][Px17e7][Tx6ffd700][TRC] LENGINE    leng_shell 109  lEngine_Start(f8095288,f8095288,0,) [in]
[2016/05/20 00:52:44 907][Px17e7][Tx67fc700][TRC] LMOD       luac_logge 170  [isr:1404:ASR_LOCAL_MSG_SSE net_type  nil  ]
[2016/05/20 00:52:44 908][Px17e7][Tx6ffd700][TRC] LENGINE    leng_shell 351  lEngine_PostMessage(f83fc320,1,2,) [in]
[2016/05/20 00:52:44 908][Px17e7][Tx6ffd700][DBG] MSPTHREAD  MSPThreadP 733  POST l_engine_1:10:1:1
[2016/05/20 00:52:44 909][Px17e7][Tx77fe700][DBG] LENGINE    leng_main. 513  ENGINE_MSG_RPC_ASYNC
[2016/05/20 00:52:44 909][Px17e7][Tx77fe700][DBG] LENGINE    leng_main. 521  [waiter], stat = 1
[2016/05/20 00:52:44 910][Px17e7][Tx77fe700][DBG] LENGINE    leng_rpc.c 413  luacRPCFuncProto_Invoke(f83fcf40,f83fc320) [in]
[2016/05/20 00:52:44 911][Px17e7][Tx6ffd700][TRC] LENGINE    leng_shell 374  lEngine_PostMessage() [out] 0
[2016/05/20 00:52:44 912][Px17e7][Tx77fe700][INF] LMOD       luac_logge 172  [network:380:redns  def  open.xf-yun.com  ]
[2016/05/20 00:52:44 913][Px17e7][Tx77fe700][TRC] MSPADNS    MSPAsyncDn 268  MSPAsyncDns_Start() [in]
[2016/05/20 00:52:44 915][Px17e7][Tx7fff700][DBG] MSPADNS    MSPAsyncDn 184  gethostbyname(open.xf-yun.com) start [id=92120]
[2016/05/20 00:52:44 916][Px17e7][Tx7fff700][ERR] MSPADNS    MSPAsyncDn 211  gethostbyname(open.xf-yun.com) failed: Temporary failure in name resolution [id=92120]
[2016/05/20 00:52:44 917][Px17e7][Tx7fff700][DBG] MSPTHREAD  MSPThreadP 733  POST l_engine_1:10:1:0
[2016/05/20 00:52:44 918][Px17e7][Tx77fe700][INF] LMOD       luac_logge 172  [waiter:196:last gc at  1463730764  ]
[2016/05/20 00:52:44 919][Px17e7][Tx77fe700][DBG] LENGINE    leng_rpc.c 527  luacRPCFuncProto_Invoke() [out] ret = 0
[2016/05/20 00:52:44 920][Px17e7][Tx77fe700][DBG] LENGINE    leng_main. 513  ENGINE_MSG_RPC_ASYNC
[2016/05/20 00:52:44 921][Px17e7][Tx77fe700][DBG] LENGINE    leng_main. 521  [waiter], stat = 1
[2016/05/20 00:52:44 921][Px17e7][Tx77fe700][DBG] LENGINE    leng_rpc.c 413  luacRPCFuncProto_Invoke(e0002ef0,f83fc320) [in]
[2016/05/20 00:52:44 922][Px17e7][Tx6ffd700][TRC] LMOD       luac_logge 170  [transport:1198:[soc] disconnect   ]
[2016/05/20 00:52:44 924][Px17e7][Tx67fc700][TRC] LENGINE    leng_shell 351  lEngine_PostMessage(fc26dea0,304,3,) [in]
[2016/05/20 00:52:44 924][Px17e7][Tx67fc700][DBG] MSPTHREAD  MSPThreadP 733  POST l_engine_2:10:1:0
[2016/05/20 00:52:44 925][Px17e7][Tx67fc700][TRC] LENGINE    leng_shell 374  lEngine_PostMessage() [out] 0
[2016/05/20 00:52:44 925][Px17e7][Tx67fc700][DBG] LENGINE    leng_rpc.c 527  luacRPCFuncProto_Invoke() [out] ret = 0
[2016/05/20 00:52:44 926][Px17e7][Txe08b700][TRC] LENGINE    leng_shell 428  lEngine_SendMessage() [out] 0
[2016/05/20 00:52:44 927][Px17e7][Txe08b700][TRC] LENGINE    leng_shell 281  lEngine_Stop(20bd860) [in]
[2016/05/20 00:52:44 927][Px17e7][Txe08b700][DBG] MSPTHREAD  MSPThreadP 733  POST l_engine_3:7:1:1
[2016/05/20 00:52:44 928][Px17e7][Tx77fe700][INF] LMOD       luac_logge 172  [network:173:dns resp  10214  ]
[2016/05/20 00:52:44 929][Px17e7][Tx6ffd700][DBG] LENGINE    leng_rpc.c 527  luacRPCFuncProto_Invoke() [out] ret = 0
[2016/05/20 00:52:44 930][Px17e7][Tx67fc700][DBG] LENGINE    leng_main. 582  ENGINE_MSG_UNLOAD
[2016/05/20 00:52:44 930][Px17e7][Tx67fc700][DBG] LENGINE    leng_rpc.c 413  luacRPCFuncProto_Invoke(fc2960b0,20bd860) [in]
[2016/05/20 00:52:44 931][Px17e7][Tx6ffd700][DBG] LENGINE    leng_main. 513  ENGINE_MSG_RPC_ASYNC
[2016/05/20 00:52:44 932][Px17e7][Tx77fe700][INF] LMOD       luac_logge 172  [network:397:redns dns resp  nil  10214  nil  nil  ]
[2016/05/20 00:52:44 932][Px17e7][Tx77fe700][DBG] LENGINE    leng_rpc.c 527  luacRPCFuncProto_Invoke() [out] ret = 0
[2016/05/20 00:52:44 933][Px17e7][Tx6ffd700][DBG] LENGINE    leng_main. 521  [isr_local], stat = 1
[2016/05/20 00:52:44 933][Px17e7][Tx67fc700][TRC] LMOD       luac_logge 170  [isr:1649:isr unload!  ]
[2016/05/20 00:52:44 934][Px17e7][Tx67fc700][TRC] LENGINE    leng_shell 512  lEngine_Exit(20bd860) [in]
[2016/05/20 00:52:44 934][Px17e7][Tx67fc700][DBG] LENGINE    leng_shell 516  [cisr1PdHHBHy5+WCkEgpaawnS0ny0gzWl+] dying...
[2016/05/20 00:52:44 935][Px17e7][Tx67fc700][DBG] MSPTHREAD  MSPThreadP 733  POST l_engine_3:9:1:0
[2016/05/20 00:52:44 935][Px17e7][Tx67fc700][TRC] LENGINE    leng_shell 549  lEngine_Exit() [out] 0
[2016/05/20 00:52:44 936][Px17e7][Tx67fc700][DBG] LENGINE    leng_rpc.c 527  luacRPCFuncProto_Invoke() [out] ret = 0
[2016/05/20 00:52:44 936][Px17e7][Tx67fc700][DBG] LENGINE    leng_main. 619  [cisr1PdHHBHy5+WCkEgpaawnS0ny0gzWl+] active, go bg!
[2016/05/20 00:52:44 937][Px17e7][Txe08b700][TRC] LENGINE    leng_shell 340  lEngine_Stop() [out] 0
[2016/05/20 00:52:44 937][Px17e7][Txe08b700][TRC] QISR       qisr.c     292  QISRSessionEnd() [out]
[2016/05/20 00:52:44 939][Px17e7][Tx6ffd700][DBG] LENGINE    leng_rpc.c 413  luacRPCFuncProto_Invoke(fc295340,fc26dea0) [in]
[2016/05/20 00:52:44 939][Px17e7][Tx67fc700][DBG] LENGINE    leng_main. 647  ENGINE_MSG_STOP
[2016/05/20 00:52:44 940][Px17e7][Tx67fc700][DBG] LENGINE    leng_main. 667  [cisr1PdHHBHy5+WCkEgpaawnS0ny0gzWl+] bg, unload directly!
[2016/05/20 00:52:44 941][Px17e7][Tx67fc700][INF] LENGINE    leng_main. 672  l_engine_3 occupancy: 0 (0%)
[2016/05/20 00:52:44 942][Px17e7][Tx67fc700][TRC] AUDIOCODEC audio_code 651  audioEncoder_Release() [in]
[2016/05/20 00:52:44 942][Px17e7][Tx67fc700][DBG] MSPTHREAD  MSPThreadP 733  POST audioEncoder:5:1:1
[2016/05/20 00:52:44 943][Px17e7][Tx57fa700][TRC] AUDIOCODEC audio_code 367  EXIT
[2016/05/20 00:52:44 944][Px17e7][Tx57fa700][DBG] MSPTHREAD  MSPThreadP 871  grmWorker_build END <audioEncoder>
[2016/05/20 00:52:44 944][Px17e7][Tx6ffd700][TRC] LMOD       luac_logge 170  [isr_local:2117:ASR_LOCAL_MSG_SSE  ]
[2016/05/20 00:52:44 945][Px17e7][Tx67fc700][DBG] MSPTHREAD  MSPThreadP 733  POST audioEncoder:2:1:0
[2016/05/20 00:52:44 946][Px17e7][Tx57fa700][DBG] MSPTHREAD  MSPThreadP 894  grmWorker_build IDLE
[2016/05/20 00:52:44 947][Px17e7][Tx6ffd700][TRC] LENGINE    aitalk.c   561  Esr_Stop(f80878c0) [in]
[2016/05/20 00:52:44 947][Px17e7][Tx6ffd700][TRC] LENGINE    aitalk.c   582  Esr_Stop(0) [out]
[2016/05/20 00:52:44 948][Px17e7][Tx6ffd700][TRC] LMOD       luac_logge 170  [isr_local:1496:esr_session_end | esr_obj:stop ret =  0  ]
[2016/05/20 00:52:44 951][Px17e7][Tx6ffd700][TRC] MSPCMN     msp_cmn.c  827  statusCbStub(,,param_num = 5)
[2016/05/20 00:52:44 951][Px17e7][Tx6ffd700][PRF] LENGINE    leng_main. 189  callc(msp_status_cb) cost 1 ms
[2016/05/20 00:52:44 955][Px17e7][Tx6ffd700][TRC] LMOD       luac_logge 170  [isr_local:2119:esr_session_end, ret =  0  ]
[2016/05/20 00:52:44 956][Px17e7][Tx6ffd700][INF] LLOADER    lloader.c  327  load dkjson
[2016/05/20 00:52:44 957][Px17e7][Tx6ffd700][INF] LLOADER    lloader.c  339  a intalled entry
[2016/05/20 00:52:44 959][Px17e7][Tx6ffd700][INF] LLOADER    lloader.c  365  from rom
[2016/05/20 00:52:44 960][Px17e7][Tx6ffd700][PRF] LLOADER    lloader.c  397  load dkjson cost 4 (ms)
[2016/05/20 00:52:44 962][Px17e7][Tx6ffd700][TRC] LENGINE    leng_shell 109  lEngine_Start(f804b088,f804b088,0,) [in]
[2016/05/20 00:52:44 962][Px17e7][Tx6ffd700][INF] LLOADER    lloader.c  327  load sessinfo_local
[2016/05/20 00:52:44 963][Px17e7][Tx6ffd700][INF] LLOADER    lloader.c  339  a intalled entry
[2016/05/20 00:52:44 964][Px17e7][Tx6ffd700][INF] LLOADER    lloader.c  365  from rom
[2016/05/20 00:52:44 964][Px17e7][Tx6ffd700][PRF] LLOADER    lloader.c  397  load sessinfo_local cost 1 (ms)
[2016/05/20 00:52:44 967][Px17e7][Tx6ffd700][DBG] LENGINE    leng_shell 193  env=f83f25e0,sessinfo_local,sessinfo_local
[2016/05/20 00:52:44 968][Px17e7][Tx6ffd700][DBG] MSPTHREAD  MSPThreadP 733  POST l_engine_3:6:1:1
[2016/05/20 00:52:44 971][Px17e7][Tx67fc700][DBG] LENGINE    leng_main. 561  ENGINE_MSG_LOAD
[2016/05/20 00:52:44 973][Px17e7][Tx67fc700][DBG] LENGINE    leng_main. 209  lEngine_LoadEnv(de833a0,f83f25e0) [in]
[2016/05/20 00:52:44 975][Px17e7][Tx6ffd700][TRC] LENGINE    leng_shell 264  lEngine_Start() [out] 0
[2016/05/20 00:52:44 978][Px17e7][Tx6ffd700][TRC] LENGINE    leng_shell 351  lEngine_PostMessage(f83f25e0,1,2,) [in]
[2016/05/20 00:52:44 979][Px17e7][Tx67fc700][INF] LLOADER    lloader.c  327  load ecode
[2016/05/20 00:52:44 979][Px17e7][Tx67fc700][INF] LLOADER    lloader.c  339  a intalled entry
[2016/05/20 00:52:44 980][Px17e7][Tx67fc700][INF] LLOADER    lloader.c  365  from rom
[2016/05/20 00:52:44 981][Px17e7][Tx67fc700][PRF] LLOADER    lloader.c  397  load ecode cost 3 (ms)
[2016/05/20 00:52:44 982][Px17e7][Tx67fc700][INF] LLOADER    lloader.c  327  load config
[2016/05/20 00:52:44 983][Px17e7][Tx67fc700][INF] LLOADER    lloader.c  339  a intalled entry
[2016/05/20 00:52:44 983][Px17e7][Tx67fc700][INF] LLOADER    lloader.c  365  from rom
[2016/05/20 00:52:44 984][Px17e7][Tx67fc700][PRF] LLOADER    lloader.c  397  load config cost 3 (ms)
[2016/05/20 00:52:44 986][Px17e7][Tx67fc700][INF] LMOD       luac_logge 172  [config:42:use general cloud  ]
[2016/05/20 00:52:44 987][Px17e7][Tx67fc700][INF] LLOADER    lloader.c  327  load debug
[2016/05/20 00:52:44 988][Px17e7][Tx67fc700][INF] LLOADER    lloader.c  339  a intalled entry
[2016/05/20 00:52:44 989][Px17e7][Txeffff700][DBG] MSPTHREAD  MSPThreadP 733  POST l_engine_2:10:1:0
[2016/05/20 00:52:44 989][Px17e7][Tx6ffd700][DBG] MSPTHREAD  MSPThreadP 733  POST l_engine_3:10:1:0
[2016/05/20 00:52:44 990][Px17e7][Tx6ffd700][TRC] LENGINE    leng_shell 374  lEngine_PostMessage() [out] 0
[2016/05/20 00:52:44 991][Px17e7][Tx67fc700][INF] LLOADER    lloader.c  365  from rom
[2016/05/20 00:52:44 992][Px17e7][Tx67fc700][PRF] LLOADER    lloader.c  397  load debug cost 6 (ms)
[2016/05/20 00:52:44 993][Px17e7][Tx67fc700][INF] LLOADER    lloader.c  327  load network
[2016/05/20 00:52:44 994][Px17e7][Tx67fc700][INF] LLOADER    lloader.c  339  a intalled entry
[2016/05/20 00:52:44 995][Px17e7][Tx67fc700][INF] LLOADER    lloader.c  365  from rom
[2016/05/20 00:52:44 996][Px17e7][Tx67fc700][PRF] LLOADER    lloader.c  397  load network cost 3 (ms)
[2016/05/20 00:52:44 998][Px17e7][Tx67fc700][DBG] LENGINE    leng_main. 263  precall return 0
[2016/05/20 00:52:44 999][Px17e7][Tx67fc700][DBG] LENGINE    leng_main. 288  [sessinfo_local], ACTIVE
[2016/05/20 00:52:44 999][Px17e7][Tx6ffd700][INF] LMOD       luac_logge 172  [isr_local:2242:last gc at  1463730749  ]
[2016/05/20 00:52:45 001][Px17e7][Tx6ffd700][DBG] LENGINE    leng_rpc.c 527  luacRPCFuncProto_Invoke() [out] ret = 0
[2016/05/20 00:52:45 001][Px17e7][Tx6ffd700][DBG] LENGINE    leng_main. 513  ENGINE_MSG_RPC_ASYNC
[2016/05/20 00:52:45 002][Px17e7][Tx6ffd700][DBG] LENGINE    leng_main. 521  [isr_local], stat = 1
[2016/05/20 00:52:45 003][Px17e7][Tx6ffd700][DBG] LENGINE    leng_rpc.c 413  luacRPCFuncProto_Invoke(e80008e0,fc26dea0) [in]
[2016/05/20 00:52:45 003][Px17e7][Tx67fc700][DBG] LENGINE    leng_rpc.c 413  luacRPCFuncProto_Invoke(fc01d8a0,f83f25e0) [in]
[2016/05/20 00:52:45 005][Px17e7][Tx67fc700][INF] LMOD       luac_logge 172  [sessinfo_local:505:lcl sessinfo loaded!  ]
[2016/05/20 00:52:45 006][Px17e7][Tx67fc700][DBG] LENGINE    leng_rpc.c 527  luacRPCFuncProto_Invoke() [out] ret = 0
[2016/05/20 00:52:45 007][Px17e7][Tx67fc700][DBG] LENGINE    leng_main. 312  [sessinfo_local], loaded
[2016/05/20 00:52:45 007][Px17e7][Tx67fc700][DBG] LENGINE    leng_rpc.c 413  luacRPCFuncProto_Invoke(fc01d8a0,f83f25e0) [in]
[2016/05/20 00:52:45 008][Px17e7][Tx67fc700][DBG] LENGINE    leng_rpc.c 527  luacRPCFuncProto_Invoke() [out] ret = 0
[2016/05/20 00:52:45 008][Px17e7][Tx67fc700][DBG] LENGINE    leng_main. 345  lEngine_LoadEnv() [out] successfully
[2016/05/20 00:52:45 009][Px17e7][Tx6ffd700][TRC] LMOD       luac_logge 170  [isr_local:638:local engine already stopped! stop cmd ignored  ]
[2016/05/20 00:52:45 010][Px17e7][Tx6ffd700][DBG] LENGINE    leng_rpc.c 527  luacRPCFuncProto_Invoke() [out] ret = 0
[2016/05/20 00:52:45 011][Px17e7][Tx67fc700][DBG] LENGINE    leng_main. 567  sessinfo_local, eng = l_engine_3, env = f83f25e0, L = f8400370
[2016/05/20 00:52:45 012][Px17e7][Tx67fc700][INF] LENGINE    leng_main. 568  l_engine_3 occupancy: 1 (33%)
[2016/05/20 00:52:45 013][Px17e7][Tx67fc700][DBG] LENGINE    leng_main. 513  ENGINE_MSG_RPC_ASYNC
[2016/05/20 00:52:45 013][Px17e7][Tx67fc700][DBG] LENGINE    leng_main. 521  [sessinfo_local], stat = 1
[2016/05/20 00:52:45 014][Px17e7][Tx67fc700][DBG] LENGINE    leng_rpc.c 413  luacRPCFuncProto_Invoke(f800f720,f83f25e0) [in]
[2016/05/20 00:52:45 014][Px17e7][Tx67fc700][TRC] LMOD       luac_logge 170  [sessinfo_local:526:LOCALSESSION_MSG_CMD  ]
[2016/05/20 00:52:45 015][Px17e7][Tx67fc700][TRC] LMOD       luac_logge 170  [sessinfo_local:537:net_type =  nil  flower_mode =  realtime  ]
[2016/05/20 00:52:45 016][Px17e7][Tx67fc700][TRC] LMOD       luac_logge 170  [sessinfo_local:378:send_sessifo start  ]
[2016/05/20 00:52:45 018][Px17e7][Tx67fc700][TRC] LMOD       luac_logge 170  [sessinfo_local:386:plog_fsize  0  ]
[2016/05/20 00:52:45 019][Px17e7][Tx67fc700][TRC] LMOD       luac_logge 170  [sessinfo_local:129:get_send_data  ]
[2016/05/20 00:52:45 020][Px17e7][Tx67fc700][INF] LLOADER    lloader.c  327  load dkjson
[2016/05/20 00:52:45 021][Px17e7][Tx67fc700][INF] LLOADER    lloader.c  339  a intalled entry
[2016/05/20 00:52:45 022][Px17e7][Tx67fc700][INF] LLOADER    lloader.c  365  from rom
[2016/05/20 00:52:45 023][Px17e7][Tx67fc700][PRF] LLOADER    lloader.c  397  load dkjson cost 2 (ms)
[2016/05/20 00:52:45 024][Px17e7][Tx67fc700][INF] LMOD       luac_logge 172  [sessinfo_local:459:original_data_len  1004  ]
[2016/05/20 00:52:45 026][Px17e7][Tx67fc700][DBG] MSPTHREAD  MSPThreadP 733  POST grmWorker_build:1:1:1
[2016/05/20 00:52:45 027][Px17e7][Tx57fa700][DBG] MSPTHREAD  MSPThreadP 867  grmWorker_build RUN <zlibCoder>
[2016/05/20 00:52:45 028][Px17e7][Tx67fc700][TRC] LMOD       luac_logge 170  [sessinfo_local:482:new encoder success  ]
[2016/05/20 00:52:45 029][Px17e7][Tx67fc700][DBG] MSPTHREAD  MSPThreadP 733  POST zlibCoder:6:1:1
[2016/05/20 00:52:45 029][Px17e7][Tx57fa700][TRC] LENGINE    luac_zlib. 510  zlib compressedDataSize = 1005
[2016/05/20 00:52:45 030][Px17e7][Tx57fa700][PRF] LENGINE    luac_zlib. 521  zlib encode cost 0(ms)
[2016/05/20 00:52:45 031][Px17e7][Tx57fa700][DBG] MSPTHREAD  MSPThreadP 733  POST l_engine_3:10:1:0
[2016/05/20 00:52:45 031][Px17e7][Tx67fc700][DBG] LENGINE    leng_rpc.c 527  luacRPCFuncProto_Invoke() [out] ret = 0
[2016/05/20 00:52:45 032][Px17e7][Tx67fc700][DBG] LENGINE    leng_main. 513  ENGINE_MSG_RPC_ASYNC
[2016/05/20 00:52:45 033][Px17e7][Tx67fc700][DBG] LENGINE    leng_main. 521  [sessinfo_local], stat = 1
[2016/05/20 00:52:45 033][Px17e7][Tx67fc700][DBG] LENGINE    leng_rpc.c 413  luacRPCFuncProto_Invoke(f4004400,f83f25e0) [in]
[2016/05/20 00:52:45 034][Px17e7][Tx67fc700][TRC] LENGINE    luac_zlib. 229  zlib_coder_release() [in]
[2016/05/20 00:52:45 034][Px17e7][Tx67fc700][DBG] MSPTHREAD  MSPThreadP 733  POST zlibCoder:5:1:1
[2016/05/20 00:52:45 036][Px17e7][Tx57fa700][TRC] LENGINE    luac_zlib. 593  zlib exit
[2016/05/20 00:52:45 036][Px17e7][Tx57fa700][DBG] MSPTHREAD  MSPThreadP 871  grmWorker_build END <zlibCoder>
[2016/05/20 00:52:45 037][Px17e7][Tx67fc700][DBG] MSPTHREAD  MSPThreadP 733  POST zlibCoder:2:1:0
[2016/05/20 00:52:45 037][Px17e7][Tx57fa700][DBG] MSPTHREAD  MSPThreadP 894  grmWorker_build IDLE
[2016/05/20 00:52:45 038][Px17e7][Tx67fc700][TRC] LENGINE    luac_zlib. 244  zlib_coder_release() [out]
[2016/05/20 00:52:45 039][Px17e7][Tx67fc700][TRC] LMOD       luac_logge 170  [sessinfo_local:465:compress success, compressed data_len:  607  ]
[2016/05/20 00:52:45 040][Px17e7][Tx67fc700][TRC] LMOD       luac_logge 170  [sessinfo_local:468:data encrypt success  ]
[2016/05/20 00:52:45 041][Px17e7][Tx67fc700][TRC] LMOD       luac_logge 170  [sessinfo_local:198:send_httpreq_data  ]
[2016/05/20 00:52:45 041][Px17e7][Tx67fc700][INF] LMOD       luac_logge 172  [sessinfo_local:243:standard  ]
[2016/05/20 00:52:45 043][Px17e7][Tx67fc700][DBG] LMOD       luac_logge 178  [sessinfo_local:296:POST /scs?cmd=statsdklog&logver=1.1.3&size=1004&gzip=0 HTTP/1.1
Host: scs.openspeech.cn
Connection: Keep-Alive
Content-Type: application/x-gzip;charset=utf-8
Content-Length: 607
User-Agent: iFLYCloud
Cache-Control: no-cache
Accept: */*

}™€VHk™5ëT•2¶žƒ%%W¯³\qT¬¨·m/áÄƒ•F´œaŸËX¿ì4wžóx3F—XR{zÚò{ø…k=`yAìïP¬ó íx.¢~á'?	(8OÓd¹¬2íå§hÊó#]ñOºÝrbå}Á^MQÇýr‘¹³5'+ŸOD"‘«ÆÏßÍt™\‰Fu¾÷Xé›ÉOhõáiæ§”n‘gÎfæ§oK|Ý3$î×Ú±Wža:sQ%P–Õ³SfÊËê>äW°¸ÉRÁÆ.‚Î¯b¨i÷Ð¡îÖaà-H ¦§’9Zè¼_<â@#ÀUYNÂÌ‹ÝËù@´›”Ûl{ªŽ:Šºûû{Éù@²Ë¯’pÎ%*ÃœúG²{+žS÷GñœzÑc_Þ„D®þoW@Ð´ÉšÀ¦ø:ùÔjj|°õAÂ™“àÒ-½CJ0†tŒòZ¥œ ÉšB¶P×)»¿Hµ  ]
[2016/05/20 00:52:45 043][Px17e7][Tx67fc700][INF] LMOD       luac_logge 172  [network:312:gethttpresp  http://scs.openspeech.cn:80/scs?cmd=statsdklog&logver=1.1.3&size=1004&gzip=0  ]
[2016/05/20 00:52:45 044][Px17e7][Tx67fc700][TRC] MSPADNS    MSPAsyncDn 268  MSPAsyncDns_Start() [in]
[2016/05/20 00:52:45 045][Px17e7][Tx7fff700][DBG] MSPADNS    MSPAsyncDn 184  gethostbyname(scs.openspeech.cn) start [id=-67073752]
[2016/05/20 00:52:45 046][Px17e7][Tx7fff700][ERR] MSPADNS    MSPAsyncDn 211  gethostbyname(scs.openspeech.cn) failed: Temporary failure in name resolution [id=-67073752]
[2016/05/20 00:52:45 046][Px17e7][Tx7fff700][DBG] MSPTHREAD  MSPThreadP 733  POST l_engine_3:10:1:0
[2016/05/20 00:52:45 047][Px17e7][Tx67fc700][DBG] LENGINE    leng_rpc.c 527  luacRPCFuncProto_Invoke() [out] ret = 0
[2016/05/20 00:52:45 048][Px17e7][Tx67fc700][DBG] LENGINE    leng_main. 513  ENGINE_MSG_RPC_ASYNC
[2016/05/20 00:52:45 048][Px17e7][Tx67fc700][DBG] LENGINE    leng_main. 521  [sessinfo_local], stat = 1
[2016/05/20 00:52:45 049][Px17e7][Tx67fc700][DBG] LENGINE    leng_rpc.c 413  luacRPCFuncProto_Invoke(e0002b10,f83f25e0) [in]
[2016/05/20 00:52:45 050][Px17e7][Tx67fc700][INF] LMOD       luac_logge 172  [network:173:dns resp  10214  ]
[2016/05/20 00:52:45 050][Px17e7][Tx67fc700][INF] LMOD       luac_logge 172  [network:322:dns failed, err =   10214  ]
[2016/05/20 00:52:45 051][Px17e7][Tx67fc700][TRC] LMOD       luac_logge 170  [sessinfo_local:341:perflog http resp  nil  10214  nil  ]
[2016/05/20 00:52:45 052][Px17e7][Tx67fc700][TRC] LMOD       luac_logge 170  [sessinfo_local:370:upload session info failed, errcode =  10214  ]
[2016/05/20 00:52:45 052][Px17e7][Tx67fc700][TRC] LMOD       luac_logge 170  [sessinfo_local:181:remain_trytime  1  ]
[2016/05/20 00:52:45 053][Px17e7][Tx67fc700][TRC] LMOD       luac_logge 170  [sessinfo_local:198:send_httpreq_data  ]
[2016/05/20 00:52:45 053][Px17e7][Tx67fc700][INF] LMOD       luac_logge 172  [sessinfo_local:243:standard  ]
[2016/05/20 00:52:45 054][Px17e7][Tx67fc700][DBG] LMOD       luac_logge 178  [sessinfo_local:296:POST /scs?cmd=statsdklog&logver=1.1.3&size=1004&gzip=0 HTTP/1.1
Host: scs.openspeech.cn
Connection: Keep-Alive
Content-Type: application/x-gzip;charset=utf-8
Content-Length: 607
User-Agent: iFLYCloud
Cache-Control: no-cache
Accept: */*

}™€VHk™5ëT•2¶žƒ%%W¯³\qT¬¨·m/áÄƒ•F´œaŸËX¿ì4wžóx3F—XR{zÚò{ø…k=`yAìïP¬ó íx.¢~á'?	(8OÓd¹¬2íå§hÊó#]ñOºÝrbå}Á^MQÇýr‘¹³5'+ŸOD"‘«ÆÏßÍt™\‰Fu¾÷Xé›ÉOhõáiæ§”n‘gÎfæ§oK|Ý3$î×Ú±Wža:sQ%P–Õ³SfÊËê>äW°¸ÉRÁÆ.‚Î¯b¨i÷Ð¡îÖaà-H ¦§’9Zè¼_<â@#ÀUYNÂÌ‹ÝËù@´›”Ûl{ªŽ:Šºûû{Éù@²Ë¯’pÎ%*ÃœúG²{+žS÷GñœzÑc_Þ„D®þoW@Ð´ÉšÀ¦ø:ùÔjj|°õAÂ™“àÒ-½CJ0†tŒòZ¥œ ÉšB¶P×)»¿Hµ  ]
[2016/05/20 00:52:45 055][Px17e7][Tx67fc700][INF] LMOD       luac_logge 172  [network:312:gethttpresp  http://scs.openspeech.cn:80/scs?cmd=statsdklog&logver=1.1.3&size=1004&gzip=0  ]
[2016/05/20 00:52:45 056][Px17e7][Tx67fc700][TRC] MSPADNS    MSPAsyncDn 268  MSPAsyncDns_Start() [in]
[2016/05/20 00:52:45 056][Px17e7][Tx7fff700][DBG] MSPADNS    MSPAsyncDn 184  gethostbyname(scs.openspeech.cn) start [id=-67068344]
[2016/05/20 00:52:45 057][Px17e7][Tx7fff700][ERR] MSPADNS    MSPAsyncDn 211  gethostbyname(scs.openspeech.cn) failed: Temporary failure in name resolution [id=-67068344]
[2016/05/20 00:52:45 058][Px17e7][Tx7fff700][DBG] MSPTHREAD  MSPThreadP 733  POST l_engine_3:10:1:0
[2016/05/20 00:52:45 059][Px17e7][Tx67fc700][DBG] LENGINE    leng_rpc.c 527  luacRPCFuncProto_Invoke() [out] ret = 0
[2016/05/20 00:52:45 059][Px17e7][Tx67fc700][DBG] LENGINE    leng_main. 513  ENGINE_MSG_RPC_ASYNC
[2016/05/20 00:52:45 059][Px17e7][Tx67fc700][DBG] LENGINE    leng_main. 521  [sessinfo_local], stat = 1
[2016/05/20 00:52:45 060][Px17e7][Tx67fc700][DBG] LENGINE    leng_rpc.c 413  luacRPCFuncProto_Invoke(e0002d10,f83f25e0) [in]
[2016/05/20 00:52:45 060][Px17e7][Tx67fc700][INF] LMOD       luac_logge 172  [network:173:dns resp  10214  ]
[2016/05/20 00:52:45 061][Px17e7][Tx67fc700][INF] LMOD       luac_logge 172  [network:322:dns failed, err =   10214  ]
[2016/05/20 00:52:45 062][Px17e7][Tx67fc700][TRC] LMOD       luac_logge 170  [sessinfo_local:341:perflog http resp  nil  10214  nil  ]
[2016/05/20 00:52:45 062][Px17e7][Tx67fc700][TRC] LMOD       luac_logge 170  [sessinfo_local:370:upload session info failed, errcode =  10214  ]
[2016/05/20 00:52:45 063][Px17e7][Tx67fc700][TRC] LMOD       luac_logge 170  [sessinfo_local:181:remain_trytime  0  ]
[2016/05/20 00:52:45 064][Px17e7][Tx67fc700][TRC] LMOD       luac_logge 170  [sessinfo_local:171:save no upload data  ]
[2016/05/20 00:52:45 065][Px17e7][Tx67fc700][TRC] LENGINE    leng_shell 109  lEngine_Start(fc2710f8,fc2710f8,0,) [in]
[2016/05/20 00:52:45 065][Px17e7][Tx67fc700][TRC] LENGINE    leng_shell 351  lEngine_PostMessage(f83fc320,500,0,) [in]
[2016/05/20 00:52:45 066][Px17e7][Tx67fc700][DBG] MSPTHREAD  MSPThreadP 733  POST l_engine_1:10:1:1
[2016/05/20 00:52:45 067][Px17e7][Tx77fe700][DBG] LENGINE    leng_main. 513  ENGINE_MSG_RPC_ASYNC
[2016/05/20 00:52:45 067][Px17e7][Tx77fe700][DBG] LENGINE    leng_main. 521  [waiter], stat = 1
[2016/05/20 00:52:45 068][Px17e7][Tx77fe700][DBG] LENGINE    leng_rpc.c 413  luacRPCFuncProto_Invoke(fc29f430,f83fc320) [in]
[2016/05/20 00:52:45 068][Px17e7][Tx67fc700][TRC] LENGINE    leng_shell 374  lEngine_PostMessage() [out] 0
[2016/05/20 00:52:45 069][Px17e7][Tx77fe700][TRC] LMOD       luac_logge 170  [waiter:183:start upload timer  ]
[2016/05/20 00:52:45 070][Px17e7][Tx67fc700][TRC] LENGINE    leng_shell 512  lEngine_Exit(f83f25e0) [in]
[2016/05/20 00:52:45 071][Px17e7][Tx77fe700][TRC] LMOD       luac_logge 170  [waiter:184:false  ]
[2016/05/20 00:52:45 072][Px17e7][Tx67fc700][DBG] LENGINE    leng_shell 516  [sessinfo_local] dying...
[2016/05/20 00:52:45 072][Px17e7][Tx77fe700][INF] LMOD       luac_logge 172  [waiter:196:last gc at  1463730764  ]
[2016/05/20 00:52:45 073][Px17e7][Tx77fe700][DBG] LENGINE    leng_rpc.c 527  luacRPCFuncProto_Invoke() [out] ret = 0
[2016/05/20 00:52:45 073][Px17e7][Tx67fc700][DBG] MSPTHREAD  MSPThreadP 733  POST l_engine_3:9:1:0
[2016/05/20 00:52:45 074][Px17e7][Tx67fc700][TRC] LENGINE    leng_shell 549  lEngine_Exit() [out] 0
[2016/05/20 00:52:45 074][Px17e7][Tx67fc700][DBG] LENGINE    leng_rpc.c 527  luacRPCFuncProto_Invoke() [out] ret = 0
[2016/05/20 00:52:45 075][Px17e7][Tx67fc700][DBG] LENGINE    leng_main. 647  ENGINE_MSG_STOP
[2016/05/20 00:52:45 076][Px17e7][Tx67fc700][DBG] LENGINE    leng_main. 667  [sessinfo_local] bg, unload directly!
[2016/05/20 00:52:45 076][Px17e7][Tx67fc700][INF] LENGINE    leng_main. 672  l_engine_3 occupancy: 0 (0%)
[2016/05/20 00:52:45 077][Px17e7][Tx67fc700][TRC] LENGINE    luac_zlib. 244  zlib_coder_release() [out]
[2016/05/20 00:52:45 124][Px17e7][Tx6ffd700][DBG] LENGINE    leng_rpc.c 413  luacRPCFuncProto_Invoke(f800f720,fc26dea0) [in]
[2016/05/20 00:52:45 125][Px17e7][Tx6ffd700][INF] LMOD       luac_logge 172  [transport:959:session.domain=  open.xf-yun.com  ]
[2016/05/20 00:52:45 127][Px17e7][Tx6ffd700][INF] LMOD       luac_logge 172  [transport:960:url.host=  open.xf-yun.com  ]
[2016/05/20 00:52:45 128][Px17e7][Tx6ffd700][INF] LLOADER    lloader.c  327  load dkjson
[2016/05/20 00:52:45 128][Px17e7][Tx6ffd700][INF] LLOADER    lloader.c  339  a intalled entry
[2016/05/20 00:52:45 129][Px17e7][Tx6ffd700][INF] LLOADER    lloader.c  365  from rom
[2016/05/20 00:52:45 130][Px17e7][Tx6ffd700][PRF] LLOADER    lloader.c  397  load dkjson cost 2 (ms)
[2016/05/20 00:52:45 132][Px17e7][Tx6ffd700][DBG] LMOD       luac_logge 178  [network:83:ipfromenv ,  ipcache  open.xf-yun.com  def  nil  ]
[2016/05/20 00:52:45 133][Px17e7][Tx6ffd700][TRC] LMOD       luac_logge 170  [transport:994:NAMESERVER START  ]
[2016/05/20 00:52:45 134][Px17e7][Tx6ffd700][INF] LMOD       luac_logge 172  [transport:997:name =   ath  ]
[2016/05/20 00:52:45 136][Px17e7][Tx6ffd700][INF] LMOD       luac_logge 172  [ns:727:ntt=  standard  ]
[2016/05/20 00:52:45 137][Px17e7][Tx6ffd700][INF] LMOD       luac_logge 172  [transport:1000:trans,ns_inprog =  0  ]
[2016/05/20 00:52:45 138][Px17e7][Tx6ffd700][TRC] LMOD       luac_logge 170  [ns:682:name server start  ]
[2016/05/20 00:52:45 139][Px17e7][Tx6ffd700][INF] LMOD       luac_logge 172  [ns:683:ns_sub =   ath  ]
[2016/05/20 00:52:45 141][Px17e7][Tx6ffd700][INF] LMOD       luac_logge 172  [ns:685:ns_host=  open.xf-yun.com  ]
[2016/05/20 00:52:45 142][Px17e7][Tx6ffd700][INF] LMOD       luac_logge 172  [ns:403:ns_host=  open.xf-yun.com  ]
[2016/05/20 00:52:45 144][Px17e7][Tx6ffd700][DBG] LMOD       luac_logge 178  [ns:662:GET /sip/resolver?srand=0520005211.32 HTTP/1.1
Host: hdns.openspeech.cn
Connection: Keep-Alive
X-Par: ver=1.2&appid=583467f7&operator=UNKNOW&nettype=STANDARD&cver=5.0.27.1135&svc=ath&host=open.xf-yun.com&sign=ab5642eee045664edaa7e929fd22b4cc
User-Agent: iFLYCloud

  ]
[2016/05/20 00:52:45 145][Px17e7][Tx6ffd700][INF] LMOD       luac_logge 172  [ns:663:net_type =  standard  ]
[2016/05/20 00:52:45 147][Px17e7][Tx6ffd700][INF] LMOD       luac_logge 172  [ns:664:cmwapascmnet =  ]
[2016/05/20 00:52:45 148][Px17e7][Tx6ffd700][INF] LMOD       luac_logge 172  [ns:665:uniwapasuninet =  ]
[2016/05/20 00:52:45 149][Px17e7][Tx6ffd700][INF] LMOD       luac_logge 172  [ns:666:ctwapasctnet =  ]
[2016/05/20 00:52:45 151][Px17e7][Tx6ffd700][INF] LMOD       luac_logge 172  [ns:676:host=  hdns.openspeech.cn  ]
[2016/05/20 00:52:45 151][Px17e7][Tx6ffd700][TRC] MSPADNS    MSPAsyncDn 268  MSPAsyncDns_Start() [in]
[2016/05/20 00:52:45 153][Px17e7][Tx7fff700][DBG] MSPADNS    MSPAsyncDn 184  gethostbyname(hdns.openspeech.cn) start [id=-134189400]
[2016/05/20 00:52:45 154][Px17e7][Tx7fff700][ERR] MSPADNS    MSPAsyncDn 211  gethostbyname(hdns.openspeech.cn) failed: Temporary failure in name resolution [id=-134189400]
[2016/05/20 00:52:45 154][Px17e7][Tx7fff700][DBG] MSPTHREAD  MSPThreadP 733  POST l_engine_2:10:1:1
[2016/05/20 00:52:45 155][Px17e7][Tx6ffd700][TRC] MSPADNS    MSPAsyncDn 268  MSPAsyncDns_Start() [in]
[2016/05/20 00:52:45 156][Px17e7][Tx7fff700][DBG] MSPADNS    MSPAsyncDn 184  gethostbyname(open.xf-yun.com) start [id=-130015624]
[2016/05/20 00:52:45 157][Px17e7][Tx7fff700][ERR] MSPADNS    MSPAsyncDn 211  gethostbyname(open.xf-yun.com) failed: Temporary failure in name resolution [id=-130015624]
[2016/05/20 00:52:45 158][Px17e7][Tx7fff700][DBG] MSPTHREAD  MSPThreadP 733  POST l_engine_2:10:2:0
[2016/05/20 00:52:45 158][Px17e7][Tx6ffd700][DBG] LENGINE    leng_rpc.c 527  luacRPCFuncProto_Invoke() [out] ret = 0
[2016/05/20 00:52:45 160][Px17e7][Tx6ffd700][DBG] LENGINE    leng_main. 513  ENGINE_MSG_RPC_ASYNC
[2016/05/20 00:52:45 161][Px17e7][Tx6ffd700][DBG] LENGINE    leng_main. 521  [isr_local], stat = 1
[2016/05/20 00:52:45 161][Px17e7][Tx6ffd700][DBG] LENGINE    leng_rpc.c 413  luacRPCFuncProto_Invoke(e0002f10,fc26dea0) [in]
[2016/05/20 00:52:45 162][Px17e7][Tx6ffd700][INF] LMOD       luac_logge 172  [ns:290:ns dns resp  10214  ]
[2016/05/20 00:52:45 163][Px17e7][Tx6ffd700][INF] LMOD       luac_logge 172  [ns:564:ns dns failed, err =   10214  ]
[2016/05/20 00:52:45 165][Px17e7][Tx6ffd700][INF] LMOD       luac_logge 172  [ns:174:ns gethttpresp  117.121.48.5  80  ]
[2016/05/20 00:52:45 166][Px17e7][Tx6ffd700][TRC] MSPSOCKET  MSPSocket. 269  MSPSocket_New(1, 1) [in]
[2016/05/20 00:52:45 166][Px17e7][Tx6ffd700][DBG] MSPSOCKET  MSPSocket. 326  socket(2,1,) ret=7, detail=101
[2016/05/20 00:52:45 167][Px17e7][Tx6ffd700][TRC] MSPSOCKET  MSPSocket. 411  MSPSocket_New() [out] f8405650 0
[2016/05/20 00:52:45 168][Px17e7][Tx6ffd700][TRC] MSPSOCKET  MSPSocket. 501  MSPSocket_Connect(f8405650) [in]
[2016/05/20 00:52:45 169][Px17e7][Tx6ffd700][DBG] MSPSOCKET  MSPSocket. 515  connect(7,117.121.48.5,) ret=-1, hd=f8405650
[2016/05/20 00:52:45 169][Px17e7][Tx6ffd700][ERR] MSPSOCKET  MSPSocket. 530  connect() failed! f8405650,7,-1,101
[2016/05/20 00:52:45 170][Px17e7][Tx6ffd700][DBG] MSPTHREAD  MSPThreadP 733  POST l_engine_2:10:2:0
[2016/05/20 00:52:45 170][Px17e7][Tx6ffd700][TRC] MSPSOCKET  MSPSocket. 565  MSPSocket_Connect() [out] 10202
[2016/05/20 00:52:45 171][Px17e7][Tx6ffd700][DBG] LENGINE    leng_rpc.c 527  luacRPCFuncProto_Invoke() [out] ret = 0
[2016/05/20 00:52:45 171][Px17e7][Tx6ffd700][DBG] LENGINE    leng_main. 513  ENGINE_MSG_RPC_ASYNC
[2016/05/20 00:52:45 172][Px17e7][Tx6ffd700][DBG] LENGINE    leng_main. 521  [isr_local], stat = 1
[2016/05/20 00:52:45 172][Px17e7][Tx6ffd700][DBG] LENGINE    leng_rpc.c 413  luacRPCFuncProto_Invoke(e0002dd0,fc26dea0) [in]
[2016/05/20 00:52:45 174][Px17e7][Tx6ffd700][ERR] LMOD       luac_logge 166  [transport:295:[dns] [0] failed! 10214  ]
[2016/05/20 00:52:45 174][Px17e7][Tx6ffd700][INF] LLOADER    lloader.c  327  load dkjson
[2016/05/20 00:52:45 175][Px17e7][Tx6ffd700][INF] LLOADER    lloader.c  339  a intalled entry
[2016/05/20 00:52:45 175][Px17e7][Tx6ffd700][INF] LLOADER    lloader.c  365  from rom
[2016/05/20 00:52:45 176][Px17e7][Tx6ffd700][PRF] LLOADER    lloader.c  397  load dkjson cost 1 (ms)
[2016/05/20 00:52:45 177][Px17e7][Tx6ffd700][DBG] LMOD       luac_logge 178  [network:83:ipfromenv ,  ipcache  open.xf-yun.com  def  nil  ]
[2016/05/20 00:52:45 178][Px17e7][Tx6ffd700][INF] LLOADER    lloader.c  327  load dkjson
[2016/05/20 00:52:45 179][Px17e7][Tx6ffd700][INF] LLOADER    lloader.c  339  a intalled entry
[2016/05/20 00:52:45 179][Px17e7][Tx6ffd700][INF] LLOADER    lloader.c  365  from rom
[2016/05/20 00:52:45 180][Px17e7][Tx6ffd700][PRF] LLOADER    lloader.c  397  load dkjson cost 2 (ms)
[2016/05/20 00:52:45 182][Px17e7][Tx6ffd700][DBG] LMOD       luac_logge 178  [network:83:ipfromenv ,  ipcfg  open.xf-yun.com  def  nil  ]
[2016/05/20 00:52:45 184][Px17e7][Tx6ffd700][TRC] LMOD       luac_logge 170  [transport:1166:[soc] connect   116.213.69.195  80  ]
[2016/05/20 00:52:45 184][Px17e7][Tx6ffd700][TRC] MSPSOCKET  MSPSocket. 1593 MSPSocketTCPConnPool_Query(116.213.69.195, 80) [in]
[2016/05/20 00:52:45 185][Px17e7][Tx6ffd700][TRC] MSPSOCKET  MSPSocket. 1618 MSPSocketTCPConnPool_Query() [out] ret=0
[2016/05/20 00:52:45 186][Px17e7][Tx6ffd700][INF] LMOD       luac_logge 172  [transport:1183:mspsoc.open,prot_type=  tcp  ]
[2016/05/20 00:52:45 187][Px17e7][Tx6ffd700][TRC] MSPSOCKET  MSPSocket. 269  MSPSocket_New(1, 1) [in]
[2016/05/20 00:52:45 187][Px17e7][Tx6ffd700][DBG] MSPSOCKET  MSPSocket. 326  socket(2,1,) ret=8, detail=101
[2016/05/20 00:52:45 188][Px17e7][Tx6ffd700][TRC] MSPSOCKET  MSPSocket. 411  MSPSocket_New() [out] f83f73d0 0
[2016/05/20 00:52:45 189][Px17e7][Tx6ffd700][TRC] MSPSOCKET  MSPSocket. 501  MSPSocket_Connect(f83f73d0) [in]
[2016/05/20 00:52:45 190][Px17e7][Tx6ffd700][DBG] MSPSOCKET  MSPSocket. 515  connect(8,116.213.69.195,) ret=-1, hd=f83f73d0
[2016/05/20 00:52:45 191][Px17e7][Tx6ffd700][ERR] MSPSOCKET  MSPSocket. 530  connect() failed! f83f73d0,8,-1,101
[2016/05/20 00:52:45 192][Px17e7][Tx6ffd700][DBG] MSPTHREAD  MSPThreadP 733  POST l_engine_2:10:2:0
[2016/05/20 00:52:45 192][Px17e7][Tx6ffd700][TRC] MSPSOCKET  MSPSocket. 565  MSPSocket_Connect() [out] 10202
[2016/05/20 00:52:45 193][Px17e7][Tx6ffd700][DBG] LENGINE    leng_rpc.c 527  luacRPCFuncProto_Invoke() [out] ret = 0
[2016/05/20 00:52:45 194][Px17e7][Tx6ffd700][DBG] LENGINE    leng_main. 513  ENGINE_MSG_RPC_ASYNC
[2016/05/20 00:52:45 194][Px17e7][Tx6ffd700][DBG] LENGINE    leng_main. 521  [isr_local], stat = 1
[2016/05/20 00:52:45 195][Px17e7][Tx6ffd700][DBG] LENGINE    leng_rpc.c 413  luacRPCFuncProto_Invoke(f800f720,fc26dea0) [in]
[2016/05/20 00:52:45 196][Px17e7][Tx6ffd700][INF] LMOD       luac_logge 172  [ns:244:ns soc error  10202  ]
[2016/05/20 00:52:45 197][Px17e7][Tx6ffd700][TRC] MSPSOCKET  MSPSocket. 1014 MSPSocket_Close(f8405650) [in]
[2016/05/20 00:52:45 198][Px17e7][Tx6ffd700][DBG] MSPSOCKET  MSPSocket. 1034 close(7), f8405650
[2016/05/20 00:52:45 199][Px17e7][Tx6ffd700][TRC] MSPSOCKET  MSPSocket. 1068 MSPSocket_Close() [out] 0
[2016/05/20 00:52:45 201][Px17e7][Tx6ffd700][INF] LMOD       luac_logge 172  [ns:407:name server http resp  nil  10202  nil  ]
[2016/05/20 00:52:45 202][Px17e7][Tx6ffd700][INF] LMOD       luac_logge 172  [ns:551:ns response failed, err =  10202  ]
[2016/05/20 00:52:45 204][Px17e7][Tx6ffd700][INF] LMOD       luac_logge 172  [ns:111:ns_host=  open.xf-yun.com  ]
[2016/05/20 00:52:45 205][Px17e7][Tx6ffd700][INF] LMOD       luac_logge 172  [ns:113:use default ip  ]
[2016/05/20 00:52:45 206][Px17e7][Tx6ffd700][INF] LMOD       luac_logge 172  [transport:974:ns_ip =   116.213.69.195  ]
[2016/05/20 00:52:45 208][Px17e7][Tx6ffd700][INF] LMOD       luac_logge 172  [transport:975:ip_type =  def_athopen.xf-yun.com  ]
[2016/05/20 00:52:45 211][Px17e7][Tx6ffd700][INF] LMOD       luac_logge 172  [ns:756:no data in ns_q  ]
[2016/05/20 00:52:45 212][Px17e7][Tx6ffd700][INF] LMOD       luac_logge 172  [ns:757:conti_ns,ns_inprog =   1  ]
[2016/05/20 00:52:45 213][Px17e7][Tx6ffd700][DBG] LENGINE    leng_rpc.c 527  luacRPCFuncProto_Invoke() [out] ret = 0
[2016/05/20 00:52:45 214][Px17e7][Tx6ffd700][DBG] LENGINE    leng_main. 513  ENGINE_MSG_RPC_ASYNC
[2016/05/20 00:52:45 214][Px17e7][Tx6ffd700][DBG] LENGINE    leng_main. 521  [isr_local], stat = 1
[2016/05/20 00:52:45 215][Px17e7][Tx6ffd700][DBG] LENGINE    leng_rpc.c 413  luacRPCFuncProto_Invoke(f83f6800,fc26dea0) [in]
[2016/05/20 00:52:45 216][Px17e7][Tx6ffd700][ERR] LMOD       luac_logge 166  [transport:545:MSC:[soc] [0] error 10202 101!  ]
[2016/05/20 00:52:45 217][Px17e7][Tx6ffd700][TRC] MSPSOCKET  MSPSocket. 1014 MSPSocket_Close(f83f73d0) [in]
[2016/05/20 00:52:45 217][Px17e7][Tx6ffd700][DBG] MSPSOCKET  MSPSocket. 1034 close(8), f83f73d0
[2016/05/20 00:52:45 218][Px17e7][Tx6ffd700][TRC] MSPSOCKET  MSPSocket. 1068 MSPSocket_Close() [out] 0
[2016/05/20 00:52:45 220][Px17e7][Tx6ffd700][INF] LMOD       luac_logge 172  [transport:57:clear_ip ip_type =  def_athopen.xf-yun.com  ]
[2016/05/20 00:52:45 221][Px17e7][Tx6ffd700][WAR] LMOD       luac_logge 168  [transport:321:soc_conn_failed  ]
[2016/05/20 00:52:45 222][Px17e7][Tx6ffd700][DBG] LMOD       luac_logge 178  [network:88:iptoenv ,  ipcache  open.xf-yun.com  def  nil  ]
[2016/05/20 00:52:45 223][Px17e7][Tx6ffd700][INF] LLOADER    lloader.c  327  load dkjson
[2016/05/20 00:52:45 223][Px17e7][Tx6ffd700][INF] LLOADER    lloader.c  339  a intalled entry
[2016/05/20 00:52:45 223][Px17e7][Tx6ffd700][INF] LLOADER    lloader.c  365  from rom
[2016/05/20 00:52:45 224][Px17e7][Tx6ffd700][PRF] LLOADER    lloader.c  397  load dkjson cost 1 (ms)
[2016/05/20 00:52:45 226][Px17e7][Tx6ffd700][INF] LMOD       luac_logge 172  [transport:390:switch 80  ]
[2016/05/20 00:52:45 226][Px17e7][Tx6ffd700][TRC] LENGINE    leng_shell 109  lEngine_Start(f8095288,f8095288,0,) [in]
[2016/05/20 00:52:45 228][Px17e7][Tx6ffd700][TRC] LENGINE    leng_shell 351  lEngine_PostMessage(f83fc320,1,2,) [in]
[2016/05/20 00:52:45 229][Px17e7][Tx6ffd700][DBG] MSPTHREAD  MSPThreadP 733  POST l_engine_1:10:1:1
[2016/05/20 00:52:45 229][Px17e7][Tx77fe700][DBG] LENGINE    leng_main. 513  ENGINE_MSG_RPC_ASYNC
[2016/05/20 00:52:45 230][Px17e7][Tx77fe700][DBG] LENGINE    leng_main. 521  [waiter], stat = 1
[2016/05/20 00:52:45 231][Px17e7][Tx77fe700][DBG] LENGINE    leng_rpc.c 413  luacRPCFuncProto_Invoke(f83f93d0,f83fc320) [in]
[2016/05/20 00:52:45 231][Px17e7][Tx6ffd700][TRC] LENGINE    leng_shell 374  lEngine_PostMessage() [out] 0
[2016/05/20 00:52:45 233][Px17e7][Tx77fe700][INF] LMOD       luac_logge 172  [network:380:redns  def  open.xf-yun.com  ]
[2016/05/20 00:52:45 234][Px17e7][Tx77fe700][TRC] MSPADNS    MSPAsyncDn 268  MSPAsyncDns_Start() [in]
[2016/05/20 00:52:45 234][Px17e7][Tx7fff700][DBG] MSPADNS    MSPAsyncDn 184  gethostbyname(open.xf-yun.com) start [id=94456]
[2016/05/20 00:52:45 236][Px17e7][Tx7fff700][ERR] MSPADNS    MSPAsyncDn 211  gethostbyname(open.xf-yun.com) failed: Temporary failure in name resolution [id=94456]
[2016/05/20 00:52:45 236][Px17e7][Tx7fff700][DBG] MSPTHREAD  MSPThreadP 733  POST l_engine_1:10:1:0
[2016/05/20 00:52:45 237][Px17e7][Tx6ffd700][TRC] LMOD       luac_logge 170  [transport:1198:[soc] disconnect   ]
[2016/05/20 00:52:45 237][Px17e7][Tx77fe700][INF] LMOD       luac_logge 172  [waiter:196:last gc at  1463730764  ]
[2016/05/20 00:52:45 237][Px17e7][Tx77fe700][DBG] LENGINE    leng_rpc.c 527  luacRPCFuncProto_Invoke() [out] ret = 0
[2016/05/20 00:52:45 238][Px17e7][Tx77fe700][DBG] LENGINE    leng_main. 513  ENGINE_MSG_RPC_ASYNC
[2016/05/20 00:52:45 238][Px17e7][Tx77fe700][DBG] LENGINE    leng_main. 521  [waiter], stat = 1
[2016/05/20 00:52:45 239][Px17e7][Tx77fe700][DBG] LENGINE    leng_rpc.c 413  luacRPCFuncProto_Invoke(e0001a20,f83fc320) [in]
[2016/05/20 00:52:45 239][Px17e7][Tx6ffd700][DBG] LENGINE    leng_rpc.c 527  luacRPCFuncProto_Invoke() [out] ret = 0
[2016/05/20 00:52:45 240][Px17e7][Tx77fe700][INF] LMOD       luac_logge 172  [network:173:dns resp  10214  ]
[2016/05/20 00:52:45 241][Px17e7][Tx77fe700][INF] LMOD       luac_logge 172  [network:397:redns dns resp  nil  10214  nil  nil  ]
[2016/05/20 00:52:45 241][Px17e7][Tx77fe700][DBG] LENGINE    leng_rpc.c 527  luacRPCFuncProto_Invoke() [out] ret = 0
[2016/05/20 00:52:45 438][Px17e7][Tx6ffd700][DBG] LENGINE    leng_rpc.c 413  luacRPCFuncProto_Invoke(f8081560,fc26dea0) [in]
[2016/05/20 00:52:45 439][Px17e7][Tx6ffd700][INF] LMOD       luac_logge 172  [transport:959:session.domain=  open.xf-yun.com  ]
[2016/05/20 00:52:45 440][Px17e7][Tx6ffd700][INF] LMOD       luac_logge 172  [transport:960:url.host=  open.xf-yun.com  ]
[2016/05/20 00:52:45 440][Px17e7][Tx6ffd700][INF] LLOADER    lloader.c  327  load dkjson
[2016/05/20 00:52:45 441][Px17e7][Tx6ffd700][INF] LLOADER    lloader.c  339  a intalled entry
[2016/05/20 00:52:45 441][Px17e7][Tx6ffd700][INF] LLOADER    lloader.c  365  from rom
[2016/05/20 00:52:45 442][Px17e7][Tx6ffd700][PRF] LLOADER    lloader.c  397  load dkjson cost 1 (ms)
[2016/05/20 00:52:45 443][Px17e7][Tx6ffd700][DBG] LMOD       luac_logge 178  [network:83:ipfromenv ,  ipcache  open.xf-yun.com  def  nil  ]
[2016/05/20 00:52:45 443][Px17e7][Tx6ffd700][TRC] LMOD       luac_logge 170  [transport:994:NAMESERVER START  ]
[2016/05/20 00:52:45 444][Px17e7][Tx6ffd700][INF] LMOD       luac_logge 172  [transport:997:name =   ath  ]
[2016/05/20 00:52:45 444][Px17e7][Tx6ffd700][INF] LMOD       luac_logge 172  [ns:727:ntt=  standard  ]
[2016/05/20 00:52:45 445][Px17e7][Tx6ffd700][INF] LMOD       luac_logge 172  [transport:1000:trans,ns_inprog =  0  ]
[2016/05/20 00:52:45 446][Px17e7][Tx6ffd700][TRC] LMOD       luac_logge 170  [ns:682:name server start  ]
[2016/05/20 00:52:45 446][Px17e7][Tx6ffd700][INF] LMOD       luac_logge 172  [ns:683:ns_sub =   ath  ]
[2016/05/20 00:52:45 447][Px17e7][Tx6ffd700][INF] LMOD       luac_logge 172  [ns:685:ns_host=  open.xf-yun.com  ]
[2016/05/20 00:52:45 448][Px17e7][Tx6ffd700][INF] LMOD       luac_logge 172  [ns:403:ns_host=  open.xf-yun.com  ]
[2016/05/20 00:52:45 448][Px17e7][Tx6ffd700][DBG] LMOD       luac_logge 178  [ns:662:GET /sip/resolver?srand=0520005211.32 HTTP/1.1
Host: hdns.openspeech.cn
Connection: Keep-Alive
X-Par: ver=1.2&appid=583467f7&operator=UNKNOW&nettype=STANDARD&cver=5.0.27.1135&svc=ath&host=open.xf-yun.com&sign=ab5642eee045664edaa7e929fd22b4cc
User-Agent: iFLYCloud

  ]
[2016/05/20 00:52:45 449][Px17e7][Tx6ffd700][INF] LMOD       luac_logge 172  [ns:663:net_type =  standard  ]
[2016/05/20 00:52:45 449][Px17e7][Tx6ffd700][INF] LMOD       luac_logge 172  [ns:664:cmwapascmnet =  ]
[2016/05/20 00:52:45 450][Px17e7][Tx6ffd700][INF] LMOD       luac_logge 172  [ns:665:uniwapasuninet =  ]
[2016/05/20 00:52:45 450][Px17e7][Tx6ffd700][INF] LMOD       luac_logge 172  [ns:666:ctwapasctnet =  ]
[2016/05/20 00:52:45 451][Px17e7][Tx6ffd700][INF] LMOD       luac_logge 172  [ns:676:host=  hdns.openspeech.cn  ]
[2016/05/20 00:52:45 451][Px17e7][Tx6ffd700][TRC] MSPADNS    MSPAsyncDn 268  MSPAsyncDns_Start() [in]
[2016/05/20 00:52:45 452][Px17e7][Tx7fff700][DBG] MSPADNS    MSPAsyncDn 184  gethostbyname(hdns.openspeech.cn) start [id=-129991912]
[2016/05/20 00:52:45 452][Px17e7][Tx7fff700][ERR] MSPADNS    MSPAsyncDn 211  gethostbyname(hdns.openspeech.cn) failed: Temporary failure in name resolution [id=-129991912]
[2016/05/20 00:52:45 452][Px17e7][Tx7fff700][DBG] MSPTHREAD  MSPThreadP 733  POST l_engine_2:10:1:1
[2016/05/20 00:52:45 453][Px17e7][Tx6ffd700][TRC] MSPADNS    MSPAsyncDn 268  MSPAsyncDns_Start() [in]
[2016/05/20 00:52:45 453][Px17e7][Tx7fff700][DBG] MSPADNS    MSPAsyncDn 184  gethostbyname(open.xf-yun.com) start [id=-134154424]
[2016/05/20 00:52:45 453][Px17e7][Tx7fff700][ERR] MSPADNS    MSPAsyncDn 211  gethostbyname(open.xf-yun.com) failed: Temporary failure in name resolution [id=-134154424]
[2016/05/20 00:52:45 454][Px17e7][Tx7fff700][DBG] MSPTHREAD  MSPThreadP 733  POST l_engine_2:10:2:0
[2016/05/20 00:52:45 454][Px17e7][Tx6ffd700][DBG] LENGINE    leng_rpc.c 527  luacRPCFuncProto_Invoke() [out] ret = 0
[2016/05/20 00:52:45 455][Px17e7][Tx6ffd700][DBG] LENGINE    leng_main. 513  ENGINE_MSG_RPC_ASYNC
[2016/05/20 00:52:45 455][Px17e7][Tx6ffd700][DBG] LENGINE    leng_main. 521  [isr_local], stat = 1
[2016/05/20 00:52:45 455][Px17e7][Tx6ffd700][DBG] LENGINE    leng_rpc.c 413  luacRPCFuncProto_Invoke(e0002b60,fc26dea0) [in]
[2016/05/20 00:52:45 456][Px17e7][Tx6ffd700][INF] LMOD       luac_logge 172  [ns:290:ns dns resp  10214  ]
[2016/05/20 00:52:45 456][Px17e7][Tx6ffd700][INF] LMOD       luac_logge 172  [ns:564:ns dns failed, err =   10214  ]
[2016/05/20 00:52:45 457][Px17e7][Tx6ffd700][INF] LMOD       luac_logge 172  [ns:174:ns gethttpresp  117.121.48.5  80  ]
[2016/05/20 00:52:45 457][Px17e7][Tx6ffd700][TRC] MSPSOCKET  MSPSocket. 269  MSPSocket_New(1, 1) [in]
[2016/05/20 00:52:45 457][Px17e7][Tx6ffd700][DBG] MSPSOCKET  MSPSocket. 326  socket(2,1,) ret=7, detail=101
[2016/05/20 00:52:45 458][Px17e7][Tx6ffd700][TRC] MSPSOCKET  MSPSocket. 411  MSPSocket_New() [out] f8406420 0
[2016/05/20 00:52:45 458][Px17e7][Tx6ffd700][TRC] MSPSOCKET  MSPSocket. 501  MSPSocket_Connect(f8406420) [in]
[2016/05/20 00:52:45 459][Px17e7][Tx6ffd700][DBG] MSPSOCKET  MSPSocket. 515  connect(7,117.121.48.5,) ret=-1, hd=f8406420
[2016/05/20 00:52:45 459][Px17e7][Tx6ffd700][ERR] MSPSOCKET  MSPSocket. 530  connect() failed! f8406420,7,-1,101
[2016/05/20 00:52:45 459][Px17e7][Tx6ffd700][DBG] MSPTHREAD  MSPThreadP 733  POST l_engine_2:10:2:0
[2016/05/20 00:52:45 459][Px17e7][Tx6ffd700][TRC] MSPSOCKET  MSPSocket. 565  MSPSocket_Connect() [out] 10202
[2016/05/20 00:52:45 460][Px17e7][Tx6ffd700][DBG] LENGINE    leng_rpc.c 527  luacRPCFuncProto_Invoke() [out] ret = 0
[2016/05/20 00:52:45 460][Px17e7][Tx6ffd700][DBG] LENGINE    leng_main. 513  ENGINE_MSG_RPC_ASYNC
[2016/05/20 00:52:45 460][Px17e7][Tx6ffd700][DBG] LENGINE    leng_main. 521  [isr_local], stat = 1
[2016/05/20 00:52:45 461][Px17e7][Tx6ffd700][DBG] LENGINE    leng_rpc.c 413  luacRPCFuncProto_Invoke(e0002d10,fc26dea0) [in]
[2016/05/20 00:52:45 462][Px17e7][Tx6ffd700][ERR] LMOD       luac_logge 166  [transport:295:[dns] [0] failed! 10214  ]
[2016/05/20 00:52:45 463][Px17e7][Tx6ffd700][INF] LLOADER    lloader.c  327  load dkjson
[2016/05/20 00:52:45 463][Px17e7][Tx6ffd700][INF] LLOADER    lloader.c  339  a intalled entry
[2016/05/20 00:52:45 464][Px17e7][Tx6ffd700][INF] LLOADER    lloader.c  365  from rom
[2016/05/20 00:52:45 464][Px17e7][Tx6ffd700][PRF] LLOADER    lloader.c  397  load dkjson cost 1 (ms)
[2016/05/20 00:52:45 466][Px17e7][Tx6ffd700][DBG] LMOD       luac_logge 178  [network:83:ipfromenv ,  ipcache  open.xf-yun.com  def  nil  ]
[2016/05/20 00:52:45 466][Px17e7][Tx6ffd700][INF] LLOADER    lloader.c  327  load dkjson
[2016/05/20 00:52:45 467][Px17e7][Tx6ffd700][INF] LLOADER    lloader.c  339  a intalled entry
[2016/05/20 00:52:45 467][Px17e7][Tx6ffd700][INF] LLOADER    lloader.c  365  from rom
[2016/05/20 00:52:45 467][Px17e7][Tx6ffd700][PRF] LLOADER    lloader.c  397  load dkjson cost 2 (ms)
[2016/05/20 00:52:45 469][Px17e7][Tx6ffd700][DBG] LMOD       luac_logge 178  [network:83:ipfromenv ,  ipcfg  open.xf-yun.com  def  nil  ]
[2016/05/20 00:52:45 470][Px17e7][Tx6ffd700][TRC] LMOD       luac_logge 170  [transport:1166:[soc] connect   116.213.69.195  80  ]
[2016/05/20 00:52:45 471][Px17e7][Tx6ffd700][TRC] MSPSOCKET  MSPSocket. 1593 MSPSocketTCPConnPool_Query(116.213.69.195, 80) [in]
[2016/05/20 00:52:45 471][Px17e7][Tx6ffd700][TRC] MSPSOCKET  MSPSocket. 1618 MSPSocketTCPConnPool_Query() [out] ret=0
[2016/05/20 00:52:45 472][Px17e7][Tx6ffd700][INF] LMOD       luac_logge 172  [transport:1183:mspsoc.open,prot_type=  tcp  ]
[2016/05/20 00:52:45 473][Px17e7][Tx6ffd700][TRC] MSPSOCKET  MSPSocket. 269  MSPSocket_New(1, 1) [in]
[2016/05/20 00:52:45 473][Px17e7][Tx6ffd700][DBG] MSPSOCKET  MSPSocket. 326  socket(2,1,) ret=8, detail=101
[2016/05/20 00:52:45 474][Px17e7][Tx6ffd700][TRC] MSPSOCKET  MSPSocket. 411  MSPSocket_New() [out] f8027dc0 0
[2016/05/20 00:52:45 475][Px17e7][Tx6ffd700][TRC] MSPSOCKET  MSPSocket. 501  MSPSocket_Connect(f8027dc0) [in]
[2016/05/20 00:52:45 475][Px17e7][Tx6ffd700][DBG] MSPSOCKET  MSPSocket. 515  connect(8,116.213.69.195,) ret=-1, hd=f8027dc0
[2016/05/20 00:52:45 476][Px17e7][Tx6ffd700][ERR] MSPSOCKET  MSPSocket. 530  connect() failed! f8027dc0,8,-1,101
[2016/05/20 00:52:45 477][Px17e7][Tx6ffd700][DBG] MSPTHREAD  MSPThreadP 733  POST l_engine_2:10:2:0
[2016/05/20 00:52:45 477][Px17e7][Tx6ffd700][TRC] MSPSOCKET  MSPSocket. 565  MSPSocket_Connect() [out] 10202
[2016/05/20 00:52:45 478][Px17e7][Tx6ffd700][DBG] LENGINE    leng_rpc.c 527  luacRPCFuncProto_Invoke() [out] ret = 0
[2016/05/20 00:52:45 479][Px17e7][Tx6ffd700][DBG] LENGINE    leng_main. 513  ENGINE_MSG_RPC_ASYNC
[2016/05/20 00:52:45 479][Px17e7][Tx6ffd700][DBG] LENGINE    leng_main. 521  [isr_local], stat = 1
[2016/05/20 00:52:45 480][Px17e7][Tx6ffd700][DBG] LENGINE    leng_rpc.c 413  luacRPCFuncProto_Invoke(f83f75a0,fc26dea0) [in]
[2016/05/20 00:52:45 481][Px17e7][Tx6ffd700][INF] LMOD       luac_logge 172  [ns:244:ns soc error  10202  ]
[2016/05/20 00:52:45 481][Px17e7][Tx6ffd700][TRC] MSPSOCKET  MSPSocket. 1014 MSPSocket_Close(f8406420) [in]
[2016/05/20 00:52:45 482][Px17e7][Tx6ffd700][DBG] MSPSOCKET  MSPSocket. 1034 close(7), f8406420
[2016/05/20 00:52:45 482][Px17e7][Tx6ffd700][TRC] MSPSOCKET  MSPSocket. 1068 MSPSocket_Close() [out] 0
[2016/05/20 00:52:45 483][Px17e7][Tx6ffd700][INF] LMOD       luac_logge 172  [ns:407:name server http resp  nil  10202  nil  ]
[2016/05/20 00:52:45 484][Px17e7][Tx6ffd700][INF] LMOD       luac_logge 172  [ns:551:ns response failed, err =  10202  ]
[2016/05/20 00:52:45 485][Px17e7][Tx6ffd700][INF] LMOD       luac_logge 172  [ns:111:ns_host=  open.xf-yun.com  ]
[2016/05/20 00:52:45 485][Px17e7][Tx6ffd700][INF] LMOD       luac_logge 172  [ns:113:use default ip  ]
[2016/05/20 00:52:45 486][Px17e7][Tx6ffd700][INF] LMOD       luac_logge 172  [transport:974:ns_ip =   116.213.69.195  ]
[2016/05/20 00:52:45 487][Px17e7][Tx6ffd700][INF] LMOD       luac_logge 172  [transport:975:ip_type =  def_athopen.xf-yun.com  ]
[2016/05/20 00:52:45 488][Px17e7][Tx6ffd700][INF] LMOD       luac_logge 172  [ns:756:no data in ns_q  ]
[2016/05/20 00:52:45 489][Px17e7][Tx6ffd700][INF] LMOD       luac_logge 172  [ns:757:conti_ns,ns_inprog =   1  ]
[2016/05/20 00:52:45 489][Px17e7][Tx6ffd700][DBG] LENGINE    leng_rpc.c 527  luacRPCFuncProto_Invoke() [out] ret = 0
[2016/05/20 00:52:45 490][Px17e7][Tx6ffd700][DBG] LENGINE    leng_main. 513  ENGINE_MSG_RPC_ASYNC
[2016/05/20 00:52:45 490][Px17e7][Tx6ffd700][DBG] LENGINE    leng_main. 521  [isr_local], stat = 1
[2016/05/20 00:52:45 490][Px17e7][Tx6ffd700][DBG] LENGINE    leng_rpc.c 413  luacRPCFuncProto_Invoke(f8407af0,fc26dea0) [in]
[2016/05/20 00:52:45 491][Px17e7][Tx6ffd700][ERR] LMOD       luac_logge 166  [transport:545:MSC:[soc] [0] error 10202 101!  ]
[2016/05/20 00:52:45 491][Px17e7][Tx6ffd700][TRC] MSPSOCKET  MSPSocket. 1014 MSPSocket_Close(f8027dc0) [in]
[2016/05/20 00:52:45 492][Px17e7][Tx6ffd700][DBG] MSPSOCKET  MSPSocket. 1034 close(8), f8027dc0
[2016/05/20 00:52:45 493][Px17e7][Tx6ffd700][TRC] MSPSOCKET  MSPSocket. 1068 MSPSocket_Close() [out] 0
[2016/05/20 00:52:45 493][Px17e7][Tx6ffd700][INF] LMOD       luac_logge 172  [transport:57:clear_ip ip_type =  def_athopen.xf-yun.com  ]
[2016/05/20 00:52:45 494][Px17e7][Tx6ffd700][WAR] LMOD       luac_logge 168  [transport:321:soc_conn_failed  ]
[2016/05/20 00:52:45 495][Px17e7][Tx6ffd700][DBG] LMOD       luac_logge 178  [network:88:iptoenv ,  ipcache  open.xf-yun.com  def  nil  ]
[2016/05/20 00:52:45 495][Px17e7][Tx6ffd700][INF] LLOADER    lloader.c  327  load dkjson
[2016/05/20 00:52:45 495][Px17e7][Tx6ffd700][INF] LLOADER    lloader.c  339  a intalled entry
[2016/05/20 00:52:45 496][Px17e7][Tx6ffd700][INF] LLOADER    lloader.c  365  from rom
[2016/05/20 00:52:45 496][Px17e7][Tx6ffd700][PRF] LLOADER    lloader.c  397  load dkjson cost 1 (ms)
[2016/05/20 00:52:45 497][Px17e7][Tx6ffd700][INF] LMOD       luac_logge 172  [transport:390:switch 80  ]
[2016/05/20 00:52:45 498][Px17e7][Tx6ffd700][TRC] LENGINE    leng_shell 109  lEngine_Start(f8095288,f8095288,0,) [in]
[2016/05/20 00:52:45 498][Px17e7][Tx6ffd700][TRC] LENGINE    leng_shell 351  lEngine_PostMessage(f83fc320,1,2,) [in]
[2016/05/20 00:52:45 499][Px17e7][Tx6ffd700][DBG] MSPTHREAD  MSPThreadP 733  POST l_engine_1:10:1:1
[2016/05/20 00:52:45 499][Px17e7][Tx77fe700][DBG] LENGINE    leng_main. 513  ENGINE_MSG_RPC_ASYNC
[2016/05/20 00:52:45 499][Px17e7][Tx77fe700][DBG] LENGINE    leng_main. 521  [waiter], stat = 1
[2016/05/20 00:52:45 500][Px17e7][Tx77fe700][DBG] LENGINE    leng_rpc.c 413  luacRPCFuncProto_Invoke(f83fbd00,f83fc320) [in]
[2016/05/20 00:52:45 501][Px17e7][Tx6ffd700][TRC] LENGINE    leng_shell 374  lEngine_PostMessage() [out] 0
[2016/05/20 00:52:45 502][Px17e7][Tx77fe700][INF] LMOD       luac_logge 172  [network:380:redns  def  open.xf-yun.com  ]
[2016/05/20 00:52:45 502][Px17e7][Tx77fe700][TRC] MSPADNS    MSPAsyncDn 268  MSPAsyncDns_Start() [in]
[2016/05/20 00:52:45 503][Px17e7][Tx7fff700][DBG] MSPADNS    MSPAsyncDn 184  gethostbyname(open.xf-yun.com) start [id=95944]
[2016/05/20 00:52:45 504][Px17e7][Tx7fff700][ERR] MSPADNS    MSPAsyncDn 211  gethostbyname(open.xf-yun.com) failed: Temporary failure in name resolution [id=95944]
[2016/05/20 00:52:45 505][Px17e7][Tx7fff700][DBG] MSPTHREAD  MSPThreadP 733  POST l_engine_1:10:1:0
[2016/05/20 00:52:45 505][Px17e7][Tx6ffd700][TRC] LMOD       luac_logge 170  [transport:1198:[soc] disconnect   ]
[2016/05/20 00:52:45 506][Px17e7][Tx77fe700][INF] LMOD       luac_logge 172  [waiter:196:last gc at  1463730764  ]
[2016/05/20 00:52:45 507][Px17e7][Tx77fe700][DBG] LENGINE    leng_rpc.c 527  luacRPCFuncProto_Invoke() [out] ret = 0
[2016/05/20 00:52:45 507][Px17e7][Tx77fe700][DBG] LENGINE    leng_main. 513  ENGINE_MSG_RPC_ASYNC
[2016/05/20 00:52:45 508][Px17e7][Tx77fe700][DBG] LENGINE    leng_main. 521  [waiter], stat = 1
[2016/05/20 00:52:45 508][Px17e7][Tx77fe700][DBG] LENGINE    leng_rpc.c 413  luacRPCFuncProto_Invoke(e0001a20,f83fc320) [in]
[2016/05/20 00:52:45 509][Px17e7][Tx6ffd700][DBG] LENGINE    leng_rpc.c 527  luacRPCFuncProto_Invoke() [out] ret = 0
[2016/05/20 00:52:45 510][Px17e7][Tx77fe700][INF] LMOD       luac_logge 172  [network:173:dns resp  10214  ]
[2016/05/20 00:52:45 511][Px17e7][Tx77fe700][INF] LMOD       luac_logge 172  [network:397:redns dns resp  nil  10214  nil  nil  ]
[2016/05/20 00:52:45 512][Px17e7][Tx77fe700][DBG] LENGINE    leng_rpc.c 527  luacRPCFuncProto_Invoke() [out] ret = 0
[2016/05/20 00:52:45 706][Px17e7][Tx6ffd700][DBG] LENGINE    leng_rpc.c 413  luacRPCFuncProto_Invoke(f84004d0,fc26dea0) [in]
[2016/05/20 00:52:45 708][Px17e7][Tx6ffd700][INF] LMOD       luac_logge 172  [transport:959:session.domain=  open.xf-yun.com  ]
[2016/05/20 00:52:45 709][Px17e7][Tx6ffd700][INF] LMOD       luac_logge 172  [transport:960:url.host=  open.xf-yun.com  ]
[2016/05/20 00:52:45 710][Px17e7][Tx6ffd700][INF] LLOADER    lloader.c  327  load dkjson
[2016/05/20 00:52:45 710][Px17e7][Tx6ffd700][INF] LLOADER    lloader.c  339  a intalled entry
[2016/05/20 00:52:45 712][Px17e7][Tx6ffd700][INF] LLOADER    lloader.c  365  from rom
[2016/05/20 00:52:45 713][Px17e7][Tx6ffd700][PRF] LLOADER    lloader.c  397  load dkjson cost 3 (ms)
[2016/05/20 00:52:45 715][Px17e7][Tx6ffd700][DBG] LMOD       luac_logge 178  [network:83:ipfromenv ,  ipcache  open.xf-yun.com  def  nil  ]
[2016/05/20 00:52:45 716][Px17e7][Tx6ffd700][TRC] LMOD       luac_logge 170  [transport:994:NAMESERVER START  ]
[2016/05/20 00:52:45 717][Px17e7][Tx6ffd700][INF] LMOD       luac_logge 172  [transport:997:name =   ath  ]
[2016/05/20 00:52:45 719][Px17e7][Tx6ffd700][INF] LMOD       luac_logge 172  [ns:727:ntt=  standard  ]
[2016/05/20 00:52:45 720][Px17e7][Tx6ffd700][INF] LMOD       luac_logge 172  [transport:1000:trans,ns_inprog =  0  ]
[2016/05/20 00:52:45 721][Px17e7][Tx6ffd700][TRC] LMOD       luac_logge 170  [ns:682:name server start  ]
[2016/05/20 00:52:45 723][Px17e7][Tx6ffd700][INF] LMOD       luac_logge 172  [ns:683:ns_sub =   ath  ]
[2016/05/20 00:52:45 725][Px17e7][Tx6ffd700][INF] LMOD       luac_logge 172  [ns:685:ns_host=  open.xf-yun.com  ]
[2016/05/20 00:52:45 726][Px17e7][Tx6ffd700][INF] LMOD       luac_logge 172  [ns:403:ns_host=  open.xf-yun.com  ]
[2016/05/20 00:52:45 728][Px17e7][Tx6ffd700][DBG] LMOD       luac_logge 178  [ns:662:GET /sip/resolver?srand=0520005211.32 HTTP/1.1
Host: hdns.openspeech.cn
Connection: Keep-Alive
X-Par: ver=1.2&appid=583467f7&operator=UNKNOW&nettype=STANDARD&cver=5.0.27.1135&svc=ath&host=open.xf-yun.com&sign=ab5642eee045664edaa7e929fd22b4cc
User-Agent: iFLYCloud

  ]
[2016/05/20 00:52:45 730][Px17e7][Tx6ffd700][INF] LMOD       luac_logge 172  [ns:663:net_type =  standard  ]
[2016/05/20 00:52:45 731][Px17e7][Tx6ffd700][INF] LMOD       luac_logge 172  [ns:664:cmwapascmnet =  ]
[2016/05/20 00:52:45 732][Px17e7][Tx6ffd700][INF] LMOD       luac_logge 172  [ns:665:uniwapasuninet =  ]
[2016/05/20 00:52:45 733][Px17e7][Tx6ffd700][INF] LMOD       luac_logge 172  [ns:666:ctwapasctnet =  ]
[2016/05/20 00:52:45 735][Px17e7][Tx6ffd700][INF] LMOD       luac_logge 172  [ns:676:host=  hdns.openspeech.cn  ]
[2016/05/20 00:52:45 736][Px17e7][Tx6ffd700][TRC] MSPADNS    MSPAsyncDn 268  MSPAsyncDns_Start() [in]
[2016/05/20 00:52:45 736][Px17e7][Tx7fff700][DBG] MSPADNS    MSPAsyncDn 184  gethostbyname(hdns.openspeech.cn) start [id=-130058808]
[2016/05/20 00:52:45 737][Px17e7][Tx7fff700][ERR] MSPADNS    MSPAsyncDn 211  gethostbyname(hdns.openspeech.cn) failed: Temporary failure in name resolution [id=-130058808]
[2016/05/20 00:52:45 737][Px17e7][Tx7fff700][DBG] MSPTHREAD  MSPThreadP 733  POST l_engine_2:10:1:1
[2016/05/20 00:52:45 738][Px17e7][Tx6ffd700][TRC] MSPADNS    MSPAsyncDn 268  MSPAsyncDns_Start() [in]
[2016/05/20 00:52:45 738][Px17e7][Tx7fff700][DBG] MSPADNS    MSPAsyncDn 184  gethostbyname(open.xf-yun.com) start [id=-134154424]
[2016/05/20 00:52:45 739][Px17e7][Tx7fff700][ERR] MSPADNS    MSPAsyncDn 211  gethostbyname(open.xf-yun.com) failed: Temporary failure in name resolution [id=-134154424]
[2016/05/20 00:52:45 741][Px17e7][Tx7fff700][DBG] MSPTHREAD  MSPThreadP 733  POST l_engine_2:10:2:0
[2016/05/20 00:52:45 741][Px17e7][Tx6ffd700][DBG] LENGINE    leng_rpc.c 527  luacRPCFuncProto_Invoke() [out] ret = 0
[2016/05/20 00:52:45 742][Px17e7][Tx6ffd700][DBG] LENGINE    leng_main. 513  ENGINE_MSG_RPC_ASYNC
[2016/05/20 00:52:45 742][Px17e7][Tx6ffd700][DBG] LENGINE    leng_main. 521  [isr_local], stat = 1
[2016/05/20 00:52:45 743][Px17e7][Tx6ffd700][DBG] LENGINE    leng_rpc.c 413  luacRPCFuncProto_Invoke(e0001a20,fc26dea0) [in]
[2016/05/20 00:52:45 744][Px17e7][Tx6ffd700][INF] LMOD       luac_logge 172  [ns:290:ns dns resp  10214  ]
[2016/05/20 00:52:45 745][Px17e7][Tx6ffd700][INF] LMOD       luac_logge 172  [ns:564:ns dns failed, err =   10214  ]
[2016/05/20 00:52:45 746][Px17e7][Tx6ffd700][INF] LMOD       luac_logge 172  [ns:174:ns gethttpresp  117.121.48.5  80  ]
[2016/05/20 00:52:45 746][Px17e7][Tx6ffd700][TRC] MSPSOCKET  MSPSocket. 269  MSPSocket_New(1, 1) [in]
[2016/05/20 00:52:45 747][Px17e7][Tx6ffd700][DBG] MSPSOCKET  MSPSocket. 326  socket(2,1,) ret=7, detail=101
[2016/05/20 00:52:45 747][Px17e7][Tx6ffd700][TRC] MSPSOCKET  MSPSocket. 411  MSPSocket_New() [out] f83fb910 0
[2016/05/20 00:52:45 748][Px17e7][Tx6ffd700][TRC] MSPSOCKET  MSPSocket. 501  MSPSocket_Connect(f83fb910) [in]
[2016/05/20 00:52:45 748][Px17e7][Tx6ffd700][DBG] MSPSOCKET  MSPSocket. 515  connect(7,117.121.48.5,) ret=-1, hd=f83fb910
[2016/05/20 00:52:45 749][Px17e7][Tx6ffd700][ERR] MSPSOCKET  MSPSocket. 530  connect() failed! f83fb910,7,-1,101
[2016/05/20 00:52:45 749][Px17e7][Tx6ffd700][DBG] MSPTHREAD  MSPThreadP 733  POST l_engine_2:10:2:0
[2016/05/20 00:52:45 749][Px17e7][Tx6ffd700][TRC] MSPSOCKET  MSPSocket. 565  MSPSocket_Connect() [out] 10202
[2016/05/20 00:52:45 750][Px17e7][Tx6ffd700][DBG] LENGINE    leng_rpc.c 527  luacRPCFuncProto_Invoke() [out] ret = 0
[2016/05/20 00:52:45 750][Px17e7][Tx6ffd700][DBG] LENGINE    leng_main. 513  ENGINE_MSG_RPC_ASYNC
[2016/05/20 00:52:45 751][Px17e7][Tx6ffd700][DBG] LENGINE    leng_main. 521  [isr_local], stat = 1
[2016/05/20 00:52:45 751][Px17e7][Tx6ffd700][DBG] LENGINE    leng_rpc.c 413  luacRPCFuncProto_Invoke(e0002d10,fc26dea0) [in]
[2016/05/20 00:52:45 752][Px17e7][Tx6ffd700][ERR] LMOD       luac_logge 166  [transport:295:[dns] [0] failed! 10214  ]
[2016/05/20 00:52:45 753][Px17e7][Tx6ffd700][INF] LLOADER    lloader.c  327  load dkjson
[2016/05/20 00:52:45 754][Px17e7][Tx6ffd700][INF] LLOADER    lloader.c  339  a intalled entry
[2016/05/20 00:52:45 754][Px17e7][Tx6ffd700][INF] LLOADER    lloader.c  365  from rom
[2016/05/20 00:52:45 755][Px17e7][Tx6ffd700][PRF] LLOADER    lloader.c  397  load dkjson cost 2 (ms)
[2016/05/20 00:52:45 757][Px17e7][Tx6ffd700][DBG] LMOD       luac_logge 178  [network:83:ipfromenv ,  ipcache  open.xf-yun.com  def  nil  ]
[2016/05/20 00:52:45 757][Px17e7][Tx6ffd700][INF] LLOADER    lloader.c  327  load dkjson
[2016/05/20 00:52:45 758][Px17e7][Tx6ffd700][INF] LLOADER    lloader.c  339  a intalled entry
[2016/05/20 00:52:45 758][Px17e7][Tx6ffd700][INF] LLOADER    lloader.c  365  from rom
[2016/05/20 00:52:45 759][Px17e7][Tx6ffd700][PRF] LLOADER    lloader.c  397  load dkjson cost 2 (ms)
[2016/05/20 00:52:45 760][Px17e7][Tx6ffd700][DBG] LMOD       luac_logge 178  [network:83:ipfromenv ,  ipcfg  open.xf-yun.com  def  nil  ]
[2016/05/20 00:52:45 761][Px17e7][Tx6ffd700][TRC] LMOD       luac_logge 170  [transport:1166:[soc] connect   116.213.69.195  80  ]
[2016/05/20 00:52:45 762][Px17e7][Tx6ffd700][TRC] MSPSOCKET  MSPSocket. 1593 MSPSocketTCPConnPool_Query(116.213.69.195, 80) [in]
[2016/05/20 00:52:45 762][Px17e7][Tx6ffd700][TRC] MSPSOCKET  MSPSocket. 1618 MSPSocketTCPConnPool_Query() [out] ret=0
[2016/05/20 00:52:45 763][Px17e7][Tx6ffd700][INF] LMOD       luac_logge 172  [transport:1183:mspsoc.open,prot_type=  tcp  ]
[2016/05/20 00:52:45 764][Px17e7][Tx6ffd700][TRC] MSPSOCKET  MSPSocket. 269  MSPSocket_New(1, 1) [in]
[2016/05/20 00:52:45 764][Px17e7][Tx6ffd700][DBG] MSPSOCKET  MSPSocket. 326  socket(2,1,) ret=8, detail=101
[2016/05/20 00:52:45 765][Px17e7][Tx6ffd700][TRC] MSPSOCKET  MSPSocket. 411  MSPSocket_New() [out] f83f75a0 0
[2016/05/20 00:52:45 766][Px17e7][Tx6ffd700][TRC] MSPSOCKET  MSPSocket. 501  MSPSocket_Connect(f83f75a0) [in]
[2016/05/20 00:52:45 766][Px17e7][Tx6ffd700][DBG] MSPSOCKET  MSPSocket. 515  connect(8,116.213.69.195,) ret=-1, hd=f83f75a0
[2016/05/20 00:52:45 767][Px17e7][Tx6ffd700][ERR] MSPSOCKET  MSPSocket. 530  connect() failed! f83f75a0,8,-1,101
[2016/05/20 00:52:45 767][Px17e7][Tx6ffd700][DBG] MSPTHREAD  MSPThreadP 733  POST l_engine_2:10:2:0
[2016/05/20 00:52:45 768][Px17e7][Tx6ffd700][TRC] MSPSOCKET  MSPSocket. 565  MSPSocket_Connect() [out] 10202
[2016/05/20 00:52:45 768][Px17e7][Tx6ffd700][DBG] LENGINE    leng_rpc.c 527  luacRPCFuncProto_Invoke() [out] ret = 0
[2016/05/20 00:52:45 769][Px17e7][Tx6ffd700][DBG] LENGINE    leng_main. 513  ENGINE_MSG_RPC_ASYNC
[2016/05/20 00:52:45 769][Px17e7][Tx6ffd700][DBG] LENGINE    leng_main. 521  [isr_local], stat = 1
[2016/05/20 00:52:45 770][Px17e7][Tx6ffd700][DBG] LENGINE    leng_rpc.c 413  luacRPCFuncProto_Invoke(f84004d0,fc26dea0) [in]
[2016/05/20 00:52:45 771][Px17e7][Tx6ffd700][INF] LMOD       luac_logge 172  [ns:244:ns soc error  10202  ]
[2016/05/20 00:52:45 772][Px17e7][Tx6ffd700][TRC] MSPSOCKET  MSPSocket. 1014 MSPSocket_Close(f83fb910) [in]
[2016/05/20 00:52:45 772][Px17e7][Tx6ffd700][DBG] MSPSOCKET  MSPSocket. 1034 close(7), f83fb910
[2016/05/20 00:52:45 772][Px17e7][Tx6ffd700][TRC] MSPSOCKET  MSPSocket. 1068 MSPSocket_Close() [out] 0
[2016/05/20 00:52:45 774][Px17e7][Tx6ffd700][INF] LMOD       luac_logge 172  [ns:407:name server http resp  nil  10202  nil  ]
[2016/05/20 00:52:45 775][Px17e7][Tx6ffd700][INF] LMOD       luac_logge 172  [ns:551:ns response failed, err =  10202  ]
[2016/05/20 00:52:45 775][Px17e7][Tx6ffd700][INF] LMOD       luac_logge 172  [ns:111:ns_host=  open.xf-yun.com  ]
[2016/05/20 00:52:45 776][Px17e7][Tx6ffd700][INF] LMOD       luac_logge 172  [ns:113:use default ip  ]
[2016/05/20 00:52:45 777][Px17e7][Tx6ffd700][INF] LMOD       luac_logge 172  [transport:974:ns_ip =   116.213.69.195  ]
[2016/05/20 00:52:45 779][Px17e7][Tx6ffd700][INF] LMOD       luac_logge 172  [transport:975:ip_type =  def_athopen.xf-yun.com  ]
[2016/05/20 00:52:45 780][Px17e7][Tx6ffd700][INF] LMOD       luac_logge 172  [ns:756:no data in ns_q  ]
[2016/05/20 00:52:45 781][Px17e7][Tx6ffd700][INF] LMOD       luac_logge 172  [ns:757:conti_ns,ns_inprog =   1  ]
[2016/05/20 00:52:45 782][Px17e7][Tx6ffd700][DBG] LENGINE    leng_rpc.c 527  luacRPCFuncProto_Invoke() [out] ret = 0
[2016/05/20 00:52:45 783][Px17e7][Tx6ffd700][DBG] LENGINE    leng_main. 513  ENGINE_MSG_RPC_ASYNC
[2016/05/20 00:52:45 783][Px17e7][Tx6ffd700][DBG] LENGINE    leng_main. 521  [isr_local], stat = 1
[2016/05/20 00:52:45 784][Px17e7][Tx6ffd700][DBG] LENGINE    leng_rpc.c 413  luacRPCFuncProto_Invoke(f800f720,fc26dea0) [in]
[2016/05/20 00:52:45 785][Px17e7][Tx6ffd700][ERR] LMOD       luac_logge 166  [transport:545:MSC:[soc] [0] error 10202 101!  ]
[2016/05/20 00:52:45 786][Px17e7][Tx6ffd700][TRC] MSPSOCKET  MSPSocket. 1014 MSPSocket_Close(f83f75a0) [in]
[2016/05/20 00:52:45 787][Px17e7][Tx6ffd700][DBG] MSPSOCKET  MSPSocket. 1034 close(8), f83f75a0
[2016/05/20 00:52:45 788][Px17e7][Tx6ffd700][TRC] MSPSOCKET  MSPSocket. 1068 MSPSocket_Close() [out] 0
[2016/05/20 00:52:45 789][Px17e7][Tx6ffd700][INF] LMOD       luac_logge 172  [transport:57:clear_ip ip_type =  def_athopen.xf-yun.com  ]
[2016/05/20 00:52:45 789][Px17e7][Tx6ffd700][WAR] LMOD       luac_logge 168  [transport:321:soc_conn_failed  ]
[2016/05/20 00:52:45 790][Px17e7][Tx6ffd700][DBG] LMOD       luac_logge 178  [network:88:iptoenv ,  ipcache  open.xf-yun.com  def  nil  ]
[2016/05/20 00:52:45 791][Px17e7][Tx6ffd700][INF] LLOADER    lloader.c  327  load dkjson
[2016/05/20 00:52:45 791][Px17e7][Tx6ffd700][INF] LLOADER    lloader.c  339  a intalled entry
[2016/05/20 00:52:45 792][Px17e7][Tx6ffd700][INF] LLOADER    lloader.c  365  from rom
[2016/05/20 00:52:45 792][Px17e7][Tx6ffd700][PRF] LLOADER    lloader.c  397  load dkjson cost 1 (ms)
[2016/05/20 00:52:45 795][Px17e7][Tx6ffd700][INF] LMOD       luac_logge 172  [transport:390:switch 80  ]
[2016/05/20 00:52:45 796][Px17e7][Tx6ffd700][TRC] LENGINE    leng_shell 109  lEngine_Start(f8095288,f8095288,0,) [in]
[2016/05/20 00:52:45 796][Px17e7][Tx6ffd700][TRC] LENGINE    leng_shell 351  lEngine_PostMessage(f83fc320,1,2,) [in]
[2016/05/20 00:52:45 796][Px17e7][Tx6ffd700][DBG] MSPTHREAD  MSPThreadP 733  POST l_engine_1:10:1:1
[2016/05/20 00:52:45 797][Px17e7][Tx77fe700][DBG] LENGINE    leng_main. 513  ENGINE_MSG_RPC_ASYNC
[2016/05/20 00:52:45 797][Px17e7][Tx77fe700][DBG] LENGINE    leng_main. 521  [waiter], stat = 1
[2016/05/20 00:52:45 798][Px17e7][Tx77fe700][DBG] LENGINE    leng_rpc.c 413  luacRPCFuncProto_Invoke(f83ff880,f83fc320) [in]
[2016/05/20 00:52:45 798][Px17e7][Tx6ffd700][TRC] LENGINE    leng_shell 374  lEngine_PostMessage() [out] 0
[2016/05/20 00:52:45 799][Px17e7][Tx77fe700][INF] LMOD       luac_logge 172  [network:380:redns  def  open.xf-yun.com  ]
[2016/05/20 00:52:45 801][Px17e7][Tx77fe700][TRC] MSPADNS    MSPAsyncDn 268  MSPAsyncDns_Start() [in]
[2016/05/20 00:52:45 802][Px17e7][Tx7fff700][DBG] MSPADNS    MSPAsyncDn 184  gethostbyname(open.xf-yun.com) start [id=97784]
[2016/05/20 00:52:45 803][Px17e7][Tx7fff700][ERR] MSPADNS    MSPAsyncDn 211  gethostbyname(open.xf-yun.com) failed: Temporary failure in name resolution [id=97784]
[2016/05/20 00:52:45 804][Px17e7][Tx7fff700][DBG] MSPTHREAD  MSPThreadP 733  POST l_engine_1:10:1:0
[2016/05/20 00:52:45 804][Px17e7][Tx6ffd700][TRC] LMOD       luac_logge 170  [transport:1198:[soc] disconnect   ]
[2016/05/20 00:52:45 805][Px17e7][Tx77fe700][INF] LMOD       luac_logge 172  [waiter:196:last gc at  1463730764  ]
[2016/05/20 00:52:45 806][Px17e7][Tx77fe700][DBG] LENGINE    leng_rpc.c 527  luacRPCFuncProto_Invoke() [out] ret = 0
[2016/05/20 00:52:45 806][Px17e7][Tx77fe700][DBG] LENGINE    leng_main. 513  ENGINE_MSG_RPC_ASYNC
[2016/05/20 00:52:45 807][Px17e7][Tx77fe700][DBG] LENGINE    leng_main. 521  [waiter], stat = 1
[2016/05/20 00:52:45 808][Px17e7][Tx77fe700][DBG] LENGINE    leng_rpc.c 413  luacRPCFuncProto_Invoke(e0001a20,f83fc320) [in]
[2016/05/20 00:52:45 809][Px17e7][Tx6ffd700][DBG] LENGINE    leng_rpc.c 527  luacRPCFuncProto_Invoke() [out] ret = 0
[2016/05/20 00:52:45 809][Px17e7][Tx77fe700][INF] LMOD       luac_logge 172  [network:173:dns resp  10214  ]
[2016/05/20 00:52:45 810][Px17e7][Tx77fe700][INF] LMOD       luac_logge 172  [network:397:redns dns resp  nil  10214  nil  nil  ]
[2016/05/20 00:52:45 811][Px17e7][Tx77fe700][DBG] LENGINE    leng_rpc.c 527  luacRPCFuncProto_Invoke() [out] ret = 0
[2016/05/20 00:52:46 005][Px17e7][Tx6ffd700][DBG] LENGINE    leng_rpc.c 413  luacRPCFuncProto_Invoke(f805b390,fc26dea0) [in]
[2016/05/20 00:52:46 007][Px17e7][Tx6ffd700][INF] LMOD       luac_logge 172  [transport:959:session.domain=  open.xf-yun.com  ]
[2016/05/20 00:52:46 008][Px17e7][Tx6ffd700][INF] LMOD       luac_logge 172  [transport:960:url.host=  open.xf-yun.com  ]
[2016/05/20 00:52:46 008][Px17e7][Tx6ffd700][INF] LLOADER    lloader.c  327  load dkjson
[2016/05/20 00:52:46 009][Px17e7][Tx6ffd700][INF] LLOADER    lloader.c  339  a intalled entry
[2016/05/20 00:52:46 010][Px17e7][Tx6ffd700][INF] LLOADER    lloader.c  365  from rom
[2016/05/20 00:52:46 010][Px17e7][Tx6ffd700][PRF] LLOADER    lloader.c  397  load dkjson cost 1 (ms)
[2016/05/20 00:52:46 011][Px17e7][Tx6ffd700][DBG] LMOD       luac_logge 178  [network:83:ipfromenv ,  ipcache  open.xf-yun.com  def  nil  ]
[2016/05/20 00:52:46 012][Px17e7][Tx6ffd700][TRC] LMOD       luac_logge 170  [transport:994:NAMESERVER START  ]
[2016/05/20 00:52:46 013][Px17e7][Tx6ffd700][INF] LMOD       luac_logge 172  [transport:997:name =   ath  ]
[2016/05/20 00:52:46 014][Px17e7][Tx6ffd700][INF] LMOD       luac_logge 172  [ns:727:ntt=  standard  ]
[2016/05/20 00:52:46 015][Px17e7][Tx6ffd700][INF] LMOD       luac_logge 172  [transport:1000:trans,ns_inprog =  0  ]
[2016/05/20 00:52:46 016][Px17e7][Tx6ffd700][TRC] LMOD       luac_logge 170  [ns:682:name server start  ]
[2016/05/20 00:52:46 018][Px17e7][Tx6ffd700][INF] LMOD       luac_logge 172  [ns:683:ns_sub =   ath  ]
[2016/05/20 00:52:46 019][Px17e7][Tx6ffd700][INF] LMOD       luac_logge 172  [ns:685:ns_host=  open.xf-yun.com  ]
[2016/05/20 00:52:46 020][Px17e7][Tx6ffd700][INF] LMOD       luac_logge 172  [ns:403:ns_host=  open.xf-yun.com  ]
[2016/05/20 00:52:46 021][Px17e7][Tx6ffd700][DBG] LMOD       luac_logge 178  [ns:662:GET /sip/resolver?srand=0520005211.32 HTTP/1.1
Host: hdns.openspeech.cn
Connection: Keep-Alive
X-Par: ver=1.2&appid=583467f7&operator=UNKNOW&nettype=STANDARD&cver=5.0.27.1135&svc=ath&host=open.xf-yun.com&sign=ab5642eee045664edaa7e929fd22b4cc
User-Agent: iFLYCloud

  ]
[2016/05/20 00:52:46 022][Px17e7][Tx6ffd700][INF] LMOD       luac_logge 172  [ns:663:net_type =  standard  ]
[2016/05/20 00:52:46 023][Px17e7][Tx6ffd700][INF] LMOD       luac_logge 172  [ns:664:cmwapascmnet =  ]
[2016/05/20 00:52:46 024][Px17e7][Tx6ffd700][INF] LMOD       luac_logge 172  [ns:665:uniwapasuninet =  ]
[2016/05/20 00:52:46 025][Px17e7][Tx6ffd700][INF] LMOD       luac_logge 172  [ns:666:ctwapasctnet =  ]
[2016/05/20 00:52:46 026][Px17e7][Tx6ffd700][INF] LMOD       luac_logge 172  [ns:676:host=  hdns.openspeech.cn  ]
[2016/05/20 00:52:46 027][Px17e7][Tx6ffd700][TRC] MSPADNS    MSPAsyncDn 268  MSPAsyncDns_Start() [in]
[2016/05/20 00:52:46 027][Px17e7][Tx7fff700][DBG] MSPADNS    MSPAsyncDn 184  gethostbyname(hdns.openspeech.cn) start [id=-130022152]
[2016/05/20 00:52:46 028][Px17e7][Tx7fff700][ERR] MSPADNS    MSPAsyncDn 211  gethostbyname(hdns.openspeech.cn) failed: Temporary failure in name resolution [id=-130022152]
[2016/05/20 00:52:46 028][Px17e7][Tx7fff700][DBG] MSPTHREAD  MSPThreadP 733  POST l_engine_2:10:1:1
[2016/05/20 00:52:46 029][Px17e7][Tx6ffd700][TRC] MSPADNS    MSPAsyncDn 268  MSPAsyncDns_Start() [in]
[2016/05/20 00:52:46 029][Px17e7][Tx7fff700][DBG] MSPADNS    MSPAsyncDn 184  gethostbyname(open.xf-yun.com) start [id=-133620728]
[2016/05/20 00:52:46 030][Px17e7][Tx7fff700][ERR] MSPADNS    MSPAsyncDn 211  gethostbyname(open.xf-yun.com) failed: Temporary failure in name resolution [id=-133620728]
[2016/05/20 00:52:46 031][Px17e7][Tx7fff700][DBG] MSPTHREAD  MSPThreadP 733  POST l_engine_2:10:2:0
[2016/05/20 00:52:46 031][Px17e7][Tx6ffd700][DBG] LENGINE    leng_rpc.c 527  luacRPCFuncProto_Invoke() [out] ret = 0
[2016/05/20 00:52:46 032][Px17e7][Tx6ffd700][DBG] LENGINE    leng_main. 513  ENGINE_MSG_RPC_ASYNC
[2016/05/20 00:52:46 033][Px17e7][Tx6ffd700][DBG] LENGINE    leng_main. 521  [isr_local], stat = 1
[2016/05/20 00:52:46 033][Px17e7][Tx6ffd700][DBG] LENGINE    leng_rpc.c 413  luacRPCFuncProto_Invoke(e0001a20,fc26dea0) [in]
[2016/05/20 00:52:46 036][Px17e7][Tx6ffd700][INF] LMOD       luac_logge 172  [ns:290:ns dns resp  10214  ]
[2016/05/20 00:52:46 038][Px17e7][Tx6ffd700][INF] LMOD       luac_logge 172  [ns:564:ns dns failed, err =   10214  ]
[2016/05/20 00:52:46 040][Px17e7][Tx6ffd700][INF] LMOD       luac_logge 172  [ns:174:ns gethttpresp  117.121.48.5  80  ]
[2016/05/20 00:52:46 040][Px17e7][Tx6ffd700][TRC] MSPSOCKET  MSPSocket. 269  MSPSocket_New(1, 1) [in]
[2016/05/20 00:52:46 041][Px17e7][Tx6ffd700][DBG] MSPSOCKET  MSPSocket. 326  socket(2,1,) ret=7, detail=101
[2016/05/20 00:52:46 042][Px17e7][Tx6ffd700][TRC] MSPSOCKET  MSPSocket. 411  MSPSocket_New() [out] f805b3d0 0
[2016/05/20 00:52:46 042][Px17e7][Tx6ffd700][TRC] MSPSOCKET  MSPSocket. 501  MSPSocket_Connect(f805b3d0) [in]
[2016/05/20 00:52:46 043][Px17e7][Tx6ffd700][DBG] MSPSOCKET  MSPSocket. 515  connect(7,117.121.48.5,) ret=-1, hd=f805b3d0
[2016/05/20 00:52:46 043][Px17e7][Tx6ffd700][ERR] MSPSOCKET  MSPSocket. 530  connect() failed! f805b3d0,7,-1,101
[2016/05/20 00:52:46 043][Px17e7][Tx6ffd700][DBG] MSPTHREAD  MSPThreadP 733  POST l_engine_2:10:2:0
[2016/05/20 00:52:46 044][Px17e7][Tx6ffd700][TRC] MSPSOCKET  MSPSocket. 565  MSPSocket_Connect() [out] 10202
[2016/05/20 00:52:46 044][Px17e7][Tx6ffd700][DBG] LENGINE    leng_rpc.c 527  luacRPCFuncProto_Invoke() [out] ret = 0
[2016/05/20 00:52:46 045][Px17e7][Tx6ffd700][DBG] LENGINE    leng_main. 513  ENGINE_MSG_RPC_ASYNC
[2016/05/20 00:52:46 046][Px17e7][Tx6ffd700][DBG] LENGINE    leng_main. 521  [isr_local], stat = 1
[2016/05/20 00:52:46 047][Px17e7][Tx6ffd700][DBG] LENGINE    leng_rpc.c 413  luacRPCFuncProto_Invoke(e0002d10,fc26dea0) [in]
[2016/05/20 00:52:46 048][Px17e7][Tx6ffd700][ERR] LMOD       luac_logge 166  [transport:295:[dns] [0] failed! 10214  ]
[2016/05/20 00:52:46 049][Px17e7][Tx6ffd700][INF] LLOADER    lloader.c  327  load dkjson
[2016/05/20 00:52:46 050][Px17e7][Tx6ffd700][INF] LLOADER    lloader.c  339  a intalled entry
[2016/05/20 00:52:46 050][Px17e7][Tx6ffd700][INF] LLOADER    lloader.c  365  from rom
[2016/05/20 00:52:46 051][Px17e7][Tx6ffd700][PRF] LLOADER    lloader.c  397  load dkjson cost 2 (ms)
[2016/05/20 00:52:46 052][Px17e7][Tx6ffd700][DBG] LMOD       luac_logge 178  [network:83:ipfromenv ,  ipcache  open.xf-yun.com  def  nil  ]
[2016/05/20 00:52:46 053][Px17e7][Tx6ffd700][INF] LLOADER    lloader.c  327  load dkjson
[2016/05/20 00:52:46 053][Px17e7][Tx6ffd700][INF] LLOADER    lloader.c  339  a intalled entry
[2016/05/20 00:52:46 054][Px17e7][Tx6ffd700][INF] LLOADER    lloader.c  365  from rom
[2016/05/20 00:52:46 054][Px17e7][Tx6ffd700][PRF] LLOADER    lloader.c  397  load dkjson cost 1 (ms)
[2016/05/20 00:52:46 055][Px17e7][Tx6ffd700][DBG] LMOD       luac_logge 178  [network:83:ipfromenv ,  ipcfg  open.xf-yun.com  def  nil  ]
[2016/05/20 00:52:46 056][Px17e7][Tx6ffd700][TRC] LMOD       luac_logge 170  [transport:1166:[soc] connect   116.213.69.195  80  ]
[2016/05/20 00:52:46 057][Px17e7][Tx6ffd700][TRC] MSPSOCKET  MSPSocket. 1593 MSPSocketTCPConnPool_Query(116.213.69.195, 80) [in]
[2016/05/20 00:52:46 057][Px17e7][Tx6ffd700][TRC] MSPSOCKET  MSPSocket. 1618 MSPSocketTCPConnPool_Query() [out] ret=0
[2016/05/20 00:52:46 058][Px17e7][Tx6ffd700][INF] LMOD       luac_logge 172  [transport:1183:mspsoc.open,prot_type=  tcp  ]
[2016/05/20 00:52:46 059][Px17e7][Tx6ffd700][TRC] MSPSOCKET  MSPSocket. 269  MSPSocket_New(1, 1) [in]
[2016/05/20 00:52:46 060][Px17e7][Tx6ffd700][DBG] MSPSOCKET  MSPSocket. 326  socket(2,1,) ret=8, detail=101
[2016/05/20 00:52:46 061][Px17e7][Tx6ffd700][TRC] MSPSOCKET  MSPSocket. 411  MSPSocket_New() [out] f83fb8d0 0
[2016/05/20 00:52:46 062][Px17e7][Tx6ffd700][TRC] MSPSOCKET  MSPSocket. 501  MSPSocket_Connect(f83fb8d0) [in]
[2016/05/20 00:52:46 062][Px17e7][Tx6ffd700][DBG] MSPSOCKET  MSPSocket. 515  connect(8,116.213.69.195,) ret=-1, hd=f83fb8d0
[2016/05/20 00:52:46 063][Px17e7][Tx6ffd700][ERR] MSPSOCKET  MSPSocket. 530  connect() failed! f83fb8d0,8,-1,101
[2016/05/20 00:52:46 064][Px17e7][Tx6ffd700][DBG] MSPTHREAD  MSPThreadP 733  POST l_engine_2:10:2:0
[2016/05/20 00:52:46 064][Px17e7][Tx6ffd700][TRC] MSPSOCKET  MSPSocket. 565  MSPSocket_Connect() [out] 10202
[2016/05/20 00:52:46 065][Px17e7][Tx6ffd700][DBG] LENGINE    leng_rpc.c 527  luacRPCFuncProto_Invoke() [out] ret = 0
[2016/05/20 00:52:46 065][Px17e7][Tx6ffd700][DBG] LENGINE    leng_main. 513  ENGINE_MSG_RPC_ASYNC
[2016/05/20 00:52:46 066][Px17e7][Tx6ffd700][DBG] LENGINE    leng_main. 521  [isr_local], stat = 1
[2016/05/20 00:52:46 067][Px17e7][Tx6ffd700][DBG] LENGINE    leng_rpc.c 413  luacRPCFuncProto_Invoke(f8404ad0,fc26dea0) [in]
[2016/05/20 00:52:46 068][Px17e7][Tx6ffd700][INF] LMOD       luac_logge 172  [ns:244:ns soc error  10202  ]
[2016/05/20 00:52:46 069][Px17e7][Tx6ffd700][TRC] MSPSOCKET  MSPSocket. 1014 MSPSocket_Close(f805b3d0) [in]
[2016/05/20 00:52:46 069][Px17e7][Tx6ffd700][DBG] MSPSOCKET  MSPSocket. 1034 close(7), f805b3d0
[2016/05/20 00:52:46 070][Px17e7][Tx6ffd700][TRC] MSPSOCKET  MSPSocket. 1068 MSPSocket_Close() [out] 0
[2016/05/20 00:52:46 072][Px17e7][Tx6ffd700][INF] LMOD       luac_logge 172  [ns:407:name server http resp  nil  10202  nil  ]
[2016/05/20 00:52:46 073][Px17e7][Tx6ffd700][INF] LMOD       luac_logge 172  [ns:551:ns response failed, err =  10202  ]
[2016/05/20 00:52:46 074][Px17e7][Tx6ffd700][INF] LMOD       luac_logge 172  [ns:111:ns_host=  open.xf-yun.com  ]
[2016/05/20 00:52:46 075][Px17e7][Tx6ffd700][INF] LMOD       luac_logge 172  [ns:113:use default ip  ]
[2016/05/20 00:52:46 077][Px17e7][Tx6ffd700][INF] LMOD       luac_logge 172  [transport:974:ns_ip =   116.213.69.195  ]
[2016/05/20 00:52:46 078][Px17e7][Tx6ffd700][INF] LMOD       luac_logge 172  [transport:975:ip_type =  def_athopen.xf-yun.com  ]
[2016/05/20 00:52:46 080][Px17e7][Tx6ffd700][INF] LMOD       luac_logge 172  [ns:756:no data in ns_q  ]
[2016/05/20 00:52:46 081][Px17e7][Tx6ffd700][INF] LMOD       luac_logge 172  [ns:757:conti_ns,ns_inprog =   1  ]
[2016/05/20 00:52:46 082][Px17e7][Tx6ffd700][DBG] LENGINE    leng_rpc.c 527  luacRPCFuncProto_Invoke() [out] ret = 0
[2016/05/20 00:52:46 083][Px17e7][Tx6ffd700][DBG] LENGINE    leng_main. 513  ENGINE_MSG_RPC_ASYNC
[2016/05/20 00:52:46 083][Px17e7][Tx6ffd700][DBG] LENGINE    leng_main. 521  [isr_local], stat = 1
[2016/05/20 00:52:46 084][Px17e7][Tx6ffd700][DBG] LENGINE    leng_rpc.c 413  luacRPCFuncProto_Invoke(f84004d0,fc26dea0) [in]
[2016/05/20 00:52:46 085][Px17e7][Tx6ffd700][ERR] LMOD       luac_logge 166  [transport:545:MSC:[soc] [0] error 10202 101!  ]
[2016/05/20 00:52:46 086][Px17e7][Tx6ffd700][TRC] MSPSOCKET  MSPSocket. 1014 MSPSocket_Close(f83fb8d0) [in]
[2016/05/20 00:52:46 086][Px17e7][Tx6ffd700][DBG] MSPSOCKET  MSPSocket. 1034 close(8), f83fb8d0
[2016/05/20 00:52:46 087][Px17e7][Tx6ffd700][TRC] MSPSOCKET  MSPSocket. 1068 MSPSocket_Close() [out] 0
[2016/05/20 00:52:46 088][Px17e7][Tx6ffd700][INF] LMOD       luac_logge 172  [transport:57:clear_ip ip_type =  def_athopen.xf-yun.com  ]
[2016/05/20 00:52:46 089][Px17e7][Tx6ffd700][WAR] LMOD       luac_logge 168  [transport:321:soc_conn_failed  ]
[2016/05/20 00:52:46 090][Px17e7][Tx6ffd700][DBG] LMOD       luac_logge 178  [network:88:iptoenv ,  ipcache  open.xf-yun.com  def  nil  ]
[2016/05/20 00:52:46 090][Px17e7][Tx6ffd700][INF] LLOADER    lloader.c  327  load dkjson
[2016/05/20 00:52:46 090][Px17e7][Tx6ffd700][INF] LLOADER    lloader.c  339  a intalled entry
[2016/05/20 00:52:46 091][Px17e7][Tx6ffd700][INF] LLOADER    lloader.c  365  from rom
[2016/05/20 00:52:46 093][Px17e7][Tx6ffd700][PRF] LLOADER    lloader.c  397  load dkjson cost 3 (ms)
[2016/05/20 00:52:46 095][Px17e7][Tx6ffd700][INF] LMOD       luac_logge 172  [transport:390:switch 80  ]
[2016/05/20 00:52:46 095][Px17e7][Tx6ffd700][TRC] LENGINE    leng_shell 109  lEngine_Start(f8095288,f8095288,0,) [in]
[2016/05/20 00:52:46 096][Px17e7][Tx6ffd700][TRC] LENGINE    leng_shell 351  lEngine_PostMessage(f83fc320,1,2,) [in]
[2016/05/20 00:52:46 096][Px17e7][Tx6ffd700][DBG] MSPTHREAD  MSPThreadP 733  POST l_engine_1:10:1:1
[2016/05/20 00:52:46 097][Px17e7][Tx77fe700][DBG] LENGINE    leng_main. 513  ENGINE_MSG_RPC_ASYNC
[2016/05/20 00:52:46 097][Px17e7][Tx77fe700][DBG] LENGINE    leng_main. 521  [waiter], stat = 1
[2016/05/20 00:52:46 097][Px17e7][Tx77fe700][DBG] LENGINE    leng_rpc.c 413  luacRPCFuncProto_Invoke(f83fa060,f83fc320) [in]
[2016/05/20 00:52:46 098][Px17e7][Tx6ffd700][TRC] LENGINE    leng_shell 374  lEngine_PostMessage() [out] 0
[2016/05/20 00:52:46 099][Px17e7][Tx77fe700][INF] LMOD       luac_logge 172  [network:380:redns  def  open.xf-yun.com  ]
[2016/05/20 00:52:46 100][Px17e7][Tx77fe700][TRC] MSPADNS    MSPAsyncDn 268  MSPAsyncDns_Start() [in]
[2016/05/20 00:52:46 101][Px17e7][Tx7fff700][DBG] MSPADNS    MSPAsyncDn 184  gethostbyname(open.xf-yun.com) start [id=99480]
[2016/05/20 00:52:46 102][Px17e7][Tx7fff700][ERR] MSPADNS    MSPAsyncDn 211  gethostbyname(open.xf-yun.com) failed: Temporary failure in name resolution [id=99480]
[2016/05/20 00:52:46 102][Px17e7][Tx7fff700][DBG] MSPTHREAD  MSPThreadP 733  POST l_engine_1:10:1:0
[2016/05/20 00:52:46 103][Px17e7][Tx6ffd700][TRC] LMOD       luac_logge 170  [transport:1198:[soc] disconnect   ]
[2016/05/20 00:52:46 103][Px17e7][Tx77fe700][INF] LMOD       luac_logge 172  [waiter:196:last gc at  1463730764  ]
[2016/05/20 00:52:46 104][Px17e7][Tx77fe700][DBG] LENGINE    leng_rpc.c 527  luacRPCFuncProto_Invoke() [out] ret = 0
[2016/05/20 00:52:46 104][Px17e7][Tx77fe700][DBG] LENGINE    leng_main. 513  ENGINE_MSG_RPC_ASYNC
[2016/05/20 00:52:46 105][Px17e7][Tx77fe700][DBG] LENGINE    leng_main. 521  [waiter], stat = 1
[2016/05/20 00:52:46 106][Px17e7][Tx77fe700][DBG] LENGINE    leng_rpc.c 413  luacRPCFuncProto_Invoke(e0001a20,f83fc320) [in]
[2016/05/20 00:52:46 106][Px17e7][Tx6ffd700][DBG] LENGINE    leng_rpc.c 527  luacRPCFuncProto_Invoke() [out] ret = 0
[2016/05/20 00:52:46 107][Px17e7][Tx77fe700][INF] LMOD       luac_logge 172  [network:173:dns resp  10214  ]
[2016/05/20 00:52:46 109][Px17e7][Tx77fe700][INF] LMOD       luac_logge 172  [network:397:redns dns resp  nil  10214  nil  nil  ]
[2016/05/20 00:52:46 109][Px17e7][Tx77fe700][DBG] LENGINE    leng_rpc.c 527  luacRPCFuncProto_Invoke() [out] ret = 0
[2016/05/20 00:52:46 303][Px17e7][Tx6ffd700][DBG] LENGINE    leng_rpc.c 413  luacRPCFuncProto_Invoke(f83fb6d0,fc26dea0) [in]
[2016/05/20 00:52:46 306][Px17e7][Tx6ffd700][INF] LMOD       luac_logge 172  [transport:959:session.domain=  open.xf-yun.com  ]
[2016/05/20 00:52:46 309][Px17e7][Tx6ffd700][INF] LMOD       luac_logge 172  [transport:960:url.host=  open.xf-yun.com  ]
[2016/05/20 00:52:46 311][Px17e7][Tx6ffd700][INF] LLOADER    lloader.c  327  load dkjson
[2016/05/20 00:52:46 312][Px17e7][Tx6ffd700][INF] LLOADER    lloader.c  339  a intalled entry
[2016/05/20 00:52:46 313][Px17e7][Tx6ffd700][INF] LLOADER    lloader.c  365  from rom
[2016/05/20 00:52:46 314][Px17e7][Tx6ffd700][PRF] LLOADER    lloader.c  397  load dkjson cost 3 (ms)
[2016/05/20 00:52:46 316][Px17e7][Tx6ffd700][DBG] LMOD       luac_logge 178  [network:83:ipfromenv ,  ipcache  open.xf-yun.com  def  nil  ]
[2016/05/20 00:52:46 318][Px17e7][Tx6ffd700][TRC] LMOD       luac_logge 170  [transport:994:NAMESERVER START  ]
[2016/05/20 00:52:46 319][Px17e7][Tx6ffd700][INF] LMOD       luac_logge 172  [transport:997:name =   ath  ]
[2016/05/20 00:52:46 320][Px17e7][Tx6ffd700][INF] LMOD       luac_logge 172  [ns:727:ntt=  standard  ]
[2016/05/20 00:52:46 321][Px17e7][Tx6ffd700][INF] LMOD       luac_logge 172  [transport:1000:trans,ns_inprog =  0  ]
[2016/05/20 00:52:46 324][Px17e7][Tx6ffd700][TRC] LMOD       luac_logge 170  [ns:682:name server start  ]
[2016/05/20 00:52:46 325][Px17e7][Tx6ffd700][INF] LMOD       luac_logge 172  [ns:683:ns_sub =   ath  ]
[2016/05/20 00:52:46 327][Px17e7][Tx6ffd700][INF] LMOD       luac_logge 172  [ns:685:ns_host=  open.xf-yun.com  ]
[2016/05/20 00:52:46 328][Px17e7][Tx6ffd700][INF] LMOD       luac_logge 172  [ns:403:ns_host=  open.xf-yun.com  ]
[2016/05/20 00:52:46 329][Px17e7][Tx6ffd700][DBG] LMOD       luac_logge 178  [ns:662:GET /sip/resolver?srand=0520005211.32 HTTP/1.1
Host: hdns.openspeech.cn
Connection: Keep-Alive
X-Par: ver=1.2&appid=583467f7&operator=UNKNOW&nettype=STANDARD&cver=5.0.27.1135&svc=ath&host=open.xf-yun.com&sign=ab5642eee045664edaa7e929fd22b4cc
User-Agent: iFLYCloud

  ]
[2016/05/20 00:52:46 330][Px17e7][Tx6ffd700][INF] LMOD       luac_logge 172  [ns:663:net_type =  standard  ]
[2016/05/20 00:52:46 331][Px17e7][Tx6ffd700][INF] LMOD       luac_logge 172  [ns:664:cmwapascmnet =  ]
[2016/05/20 00:52:46 332][Px17e7][Tx6ffd700][INF] LMOD       luac_logge 172  [ns:665:uniwapasuninet =  ]
[2016/05/20 00:52:46 333][Px17e7][Tx6ffd700][INF] LMOD       luac_logge 172  [ns:666:ctwapasctnet =  ]
[2016/05/20 00:52:46 333][Px17e7][Tx6ffd700][INF] LMOD       luac_logge 172  [ns:676:host=  hdns.openspeech.cn  ]
[2016/05/20 00:52:46 334][Px17e7][Tx6ffd700][TRC] MSPADNS    MSPAsyncDn 268  MSPAsyncDns_Start() [in]
[2016/05/20 00:52:46 334][Px17e7][Tx7fff700][DBG] MSPADNS    MSPAsyncDn 184  gethostbyname(hdns.openspeech.cn) start [id=-133628568]
[2016/05/20 00:52:46 334][Px17e7][Tx7fff700][ERR] MSPADNS    MSPAsyncDn 211  gethostbyname(hdns.openspeech.cn) failed: Temporary failure in name resolution [id=-133628568]
[2016/05/20 00:52:46 335][Px17e7][Tx7fff700][DBG] MSPTHREAD  MSPThreadP 733  POST l_engine_2:10:1:1
[2016/05/20 00:52:46 335][Px17e7][Tx6ffd700][TRC] MSPADNS    MSPAsyncDn 268  MSPAsyncDns_Start() [in]
[2016/05/20 00:52:46 335][Px17e7][Tx7fff700][DBG] MSPADNS    MSPAsyncDn 184  gethostbyname(open.xf-yun.com) start [id=-130017576]
[2016/05/20 00:52:46 336][Px17e7][Tx7fff700][ERR] MSPADNS    MSPAsyncDn 211  gethostbyname(open.xf-yun.com) failed: Temporary failure in name resolution [id=-130017576]
[2016/05/20 00:52:46 336][Px17e7][Tx7fff700][DBG] MSPTHREAD  MSPThreadP 733  POST l_engine_2:10:2:0
[2016/05/20 00:52:46 337][Px17e7][Tx6ffd700][DBG] LENGINE    leng_rpc.c 527  luacRPCFuncProto_Invoke() [out] ret = 0
[2016/05/20 00:52:46 337][Px17e7][Tx6ffd700][DBG] LENGINE    leng_main. 513  ENGINE_MSG_RPC_ASYNC
[2016/05/20 00:52:46 338][Px17e7][Tx6ffd700][DBG] LENGINE    leng_main. 521  [isr_local], stat = 1
[2016/05/20 00:52:46 338][Px17e7][Tx6ffd700][DBG] LENGINE    leng_rpc.c 413  luacRPCFuncProto_Invoke(e0001a20,fc26dea0) [in]
[2016/05/20 00:52:46 339][Px17e7][Tx6ffd700][INF] LMOD       luac_logge 172  [ns:290:ns dns resp  10214  ]
[2016/05/20 00:52:46 339][Px17e7][Tx6ffd700][INF] LMOD       luac_logge 172  [ns:564:ns dns failed, err =   10214  ]
[2016/05/20 00:52:46 340][Px17e7][Tx6ffd700][INF] LMOD       luac_logge 172  [ns:174:ns gethttpresp  117.121.48.5  80  ]
[2016/05/20 00:52:46 340][Px17e7][Tx6ffd700][TRC] MSPSOCKET  MSPSocket. 269  MSPSocket_New(1, 1) [in]
[2016/05/20 00:52:46 341][Px17e7][Tx6ffd700][DBG] MSPSOCKET  MSPSocket. 326  socket(2,1,) ret=7, detail=101
[2016/05/20 00:52:46 341][Px17e7][Tx6ffd700][TRC] MSPSOCKET  MSPSocket. 411  MSPSocket_New() [out] f805b3d0 0
[2016/05/20 00:52:46 341][Px17e7][Tx6ffd700][TRC] MSPSOCKET  MSPSocket. 501  MSPSocket_Connect(f805b3d0) [in]
[2016/05/20 00:52:46 341][Px17e7][Tx6ffd700][DBG] MSPSOCKET  MSPSocket. 515  connect(7,117.121.48.5,) ret=-1, hd=f805b3d0
[2016/05/20 00:52:46 342][Px17e7][Tx6ffd700][ERR] MSPSOCKET  MSPSocket. 530  connect() failed! f805b3d0,7,-1,101
[2016/05/20 00:52:46 343][Px17e7][Tx6ffd700][DBG] MSPTHREAD  MSPThreadP 733  POST l_engine_2:10:2:0
[2016/05/20 00:52:46 343][Px17e7][Tx6ffd700][TRC] MSPSOCKET  MSPSocket. 565  MSPSocket_Connect() [out] 10202
[2016/05/20 00:52:46 343][Px17e7][Tx6ffd700][DBG] LENGINE    leng_rpc.c 527  luacRPCFuncProto_Invoke() [out] ret = 0
[2016/05/20 00:52:46 344][Px17e7][Tx6ffd700][DBG] LENGINE    leng_main. 513  ENGINE_MSG_RPC_ASYNC
[2016/05/20 00:52:46 344][Px17e7][Tx6ffd700][DBG] LENGINE    leng_main. 521  [isr_local], stat = 1
[2016/05/20 00:52:46 344][Px17e7][Tx6ffd700][DBG] LENGINE    leng_rpc.c 413  luacRPCFuncProto_Invoke(e0002d10,fc26dea0) [in]
[2016/05/20 00:52:46 345][Px17e7][Tx6ffd700][ERR] LMOD       luac_logge 166  [transport:295:[dns] [0] failed! 10214  ]
[2016/05/20 00:52:46 345][Px17e7][Tx6ffd700][INF] LLOADER    lloader.c  327  load dkjson
[2016/05/20 00:52:46 345][Px17e7][Tx6ffd700][INF] LLOADER    lloader.c  339  a intalled entry
[2016/05/20 00:52:46 345][Px17e7][Tx6ffd700][INF] LLOADER    lloader.c  365  from rom
[2016/05/20 00:52:46 346][Px17e7][Tx6ffd700][PRF] LLOADER    lloader.c  397  load dkjson cost 1 (ms)
[2016/05/20 00:52:46 347][Px17e7][Tx6ffd700][DBG] LMOD       luac_logge 178  [network:83:ipfromenv ,  ipcache  open.xf-yun.com  def  nil  ]
[2016/05/20 00:52:46 347][Px17e7][Tx6ffd700][INF] LLOADER    lloader.c  327  load dkjson
[2016/05/20 00:52:46 347][Px17e7][Tx6ffd700][INF] LLOADER    lloader.c  339  a intalled entry
[2016/05/20 00:52:46 348][Px17e7][Tx6ffd700][INF] LLOADER    lloader.c  365  from rom
[2016/05/20 00:52:46 348][Px17e7][Tx6ffd700][PRF] LLOADER    lloader.c  397  load dkjson cost 1 (ms)
[2016/05/20 00:52:46 349][Px17e7][Tx6ffd700][DBG] LMOD       luac_logge 178  [network:83:ipfromenv ,  ipcfg  open.xf-yun.com  def  nil  ]
[2016/05/20 00:52:46 349][Px17e7][Tx6ffd700][TRC] LMOD       luac_logge 170  [transport:1166:[soc] connect   116.213.69.195  80  ]
[2016/05/20 00:52:46 349][Px17e7][Tx6ffd700][TRC] MSPSOCKET  MSPSocket. 1593 MSPSocketTCPConnPool_Query(116.213.69.195, 80) [in]
[2016/05/20 00:52:46 350][Px17e7][Tx6ffd700][TRC] MSPSOCKET  MSPSocket. 1618 MSPSocketTCPConnPool_Query() [out] ret=0
[2016/05/20 00:52:46 350][Px17e7][Tx6ffd700][INF] LMOD       luac_logge 172  [transport:1183:mspsoc.open,prot_type=  tcp  ]
[2016/05/20 00:52:46 350][Px17e7][Tx6ffd700][TRC] MSPSOCKET  MSPSocket. 269  MSPSocket_New(1, 1) [in]
[2016/05/20 00:52:46 351][Px17e7][Tx6ffd700][DBG] MSPSOCKET  MSPSocket. 326  socket(2,1,) ret=8, detail=101
[2016/05/20 00:52:46 351][Px17e7][Tx6ffd700][TRC] MSPSOCKET  MSPSocket. 411  MSPSocket_New() [out] f83f8b10 0
[2016/05/20 00:52:46 351][Px17e7][Tx6ffd700][TRC] MSPSOCKET  MSPSocket. 501  MSPSocket_Connect(f83f8b10) [in]
[2016/05/20 00:52:46 352][Px17e7][Tx6ffd700][DBG] MSPSOCKET  MSPSocket. 515  connect(8,116.213.69.195,) ret=-1, hd=f83f8b10
[2016/05/20 00:52:46 352][Px17e7][Tx6ffd700][ERR] MSPSOCKET  MSPSocket. 530  connect() failed! f83f8b10,8,-1,101
[2016/05/20 00:52:46 352][Px17e7][Tx6ffd700][DBG] MSPTHREAD  MSPThreadP 733  POST l_engine_2:10:2:0
[2016/05/20 00:52:46 352][Px17e7][Tx6ffd700][TRC] MSPSOCKET  MSPSocket. 565  MSPSocket_Connect() [out] 10202
[2016/05/20 00:52:46 353][Px17e7][Tx6ffd700][DBG] LENGINE    leng_rpc.c 527  luacRPCFuncProto_Invoke() [out] ret = 0
[2016/05/20 00:52:46 353][Px17e7][Tx6ffd700][DBG] LENGINE    leng_main. 513  ENGINE_MSG_RPC_ASYNC
[2016/05/20 00:52:46 354][Px17e7][Tx6ffd700][DBG] LENGINE    leng_main. 521  [isr_local], stat = 1
[2016/05/20 00:52:46 354][Px17e7][Tx6ffd700][DBG] LENGINE    leng_rpc.c 413  luacRPCFuncProto_Invoke(f83fb6d0,fc26dea0) [in]
[2016/05/20 00:52:46 354][Px17e7][Tx6ffd700][INF] LMOD       luac_logge 172  [ns:244:ns soc error  10202  ]
[2016/05/20 00:52:46 355][Px17e7][Tx6ffd700][TRC] MSPSOCKET  MSPSocket. 1014 MSPSocket_Close(f805b3d0) [in]
[2016/05/20 00:52:46 355][Px17e7][Tx6ffd700][DBG] MSPSOCKET  MSPSocket. 1034 close(7), f805b3d0
[2016/05/20 00:52:46 355][Px17e7][Tx6ffd700][TRC] MSPSOCKET  MSPSocket. 1068 MSPSocket_Close() [out] 0
[2016/05/20 00:52:46 356][Px17e7][Tx6ffd700][INF] LMOD       luac_logge 172  [ns:407:name server http resp  nil  10202  nil  ]
[2016/05/20 00:52:46 356][Px17e7][Tx6ffd700][INF] LMOD       luac_logge 172  [ns:551:ns response failed, err =  10202  ]
[2016/05/20 00:52:46 357][Px17e7][Tx6ffd700][INF] LMOD       luac_logge 172  [ns:111:ns_host=  open.xf-yun.com  ]
[2016/05/20 00:52:46 358][Px17e7][Tx6ffd700][INF] LMOD       luac_logge 172  [ns:113:use default ip  ]
[2016/05/20 00:52:46 358][Px17e7][Tx6ffd700][INF] LMOD       luac_logge 172  [transport:974:ns_ip =   116.213.69.195  ]
[2016/05/20 00:52:46 359][Px17e7][Tx6ffd700][INF] LMOD       luac_logge 172  [transport:975:ip_type =  def_athopen.xf-yun.com  ]
[2016/05/20 00:52:46 359][Px17e7][Tx6ffd700][INF] LMOD       luac_logge 172  [ns:756:no data in ns_q  ]
[2016/05/20 00:52:46 360][Px17e7][Tx6ffd700][INF] LMOD       luac_logge 172  [ns:757:conti_ns,ns_inprog =   1  ]
[2016/05/20 00:52:46 360][Px17e7][Tx6ffd700][DBG] LENGINE    leng_rpc.c 527  luacRPCFuncProto_Invoke() [out] ret = 0
[2016/05/20 00:52:46 360][Px17e7][Tx6ffd700][DBG] LENGINE    leng_main. 513  ENGINE_MSG_RPC_ASYNC
[2016/05/20 00:52:46 361][Px17e7][Tx6ffd700][DBG] LENGINE    leng_main. 521  [isr_local], stat = 1
[2016/05/20 00:52:46 361][Px17e7][Tx6ffd700][DBG] LENGINE    leng_rpc.c 413  luacRPCFuncProto_Invoke(f808fd40,fc26dea0) [in]
[2016/05/20 00:52:46 362][Px17e7][Tx6ffd700][ERR] LMOD       luac_logge 166  [transport:545:MSC:[soc] [0] error 10202 101!  ]
[2016/05/20 00:52:46 362][Px17e7][Tx6ffd700][TRC] MSPSOCKET  MSPSocket. 1014 MSPSocket_Close(f83f8b10) [in]
[2016/05/20 00:52:46 362][Px17e7][Tx6ffd700][DBG] MSPSOCKET  MSPSocket. 1034 close(8), f83f8b10
[2016/05/20 00:52:46 363][Px17e7][Tx6ffd700][TRC] MSPSOCKET  MSPSocket. 1068 MSPSocket_Close() [out] 0
[2016/05/20 00:52:46 363][Px17e7][Tx6ffd700][INF] LMOD       luac_logge 172  [transport:57:clear_ip ip_type =  def_athopen.xf-yun.com  ]
[2016/05/20 00:52:46 364][Px17e7][Tx6ffd700][WAR] LMOD       luac_logge 168  [transport:321:soc_conn_failed  ]
[2016/05/20 00:52:46 364][Px17e7][Tx6ffd700][DBG] LMOD       luac_logge 178  [network:88:iptoenv ,  ipcache  open.xf-yun.com  def  nil  ]
[2016/05/20 00:52:46 365][Px17e7][Tx6ffd700][INF] LLOADER    lloader.c  327  load dkjson
[2016/05/20 00:52:46 365][Px17e7][Tx6ffd700][INF] LLOADER    lloader.c  339  a intalled entry
[2016/05/20 00:52:46 366][Px17e7][Tx6ffd700][INF] LLOADER    lloader.c  365  from rom
[2016/05/20 00:52:46 366][Px17e7][Tx6ffd700][PRF] LLOADER    lloader.c  397  load dkjson cost 1 (ms)
[2016/05/20 00:52:46 367][Px17e7][Tx6ffd700][INF] LMOD       luac_logge 172  [transport:390:switch 80  ]
[2016/05/20 00:52:46 367][Px17e7][Tx6ffd700][TRC] LENGINE    leng_shell 109  lEngine_Start(f8095288,f8095288,0,) [in]
[2016/05/20 00:52:46 368][Px17e7][Tx6ffd700][TRC] LENGINE    leng_shell 351  lEngine_PostMessage(f83fc320,1,2,) [in]
[2016/05/20 00:52:46 368][Px17e7][Tx6ffd700][DBG] MSPTHREAD  MSPThreadP 733  POST l_engine_1:10:1:1
[2016/05/20 00:52:46 369][Px17e7][Tx77fe700][DBG] LENGINE    leng_main. 513  ENGINE_MSG_RPC_ASYNC
[2016/05/20 00:52:46 369][Px17e7][Tx77fe700][DBG] LENGINE    leng_main. 521  [waiter], stat = 1
[2016/05/20 00:52:46 370][Px17e7][Tx77fe700][DBG] LENGINE    leng_rpc.c 413  luacRPCFuncProto_Invoke(f8407ac0,f83fc320) [in]
[2016/05/20 00:52:46 370][Px17e7][Tx6ffd700][TRC] LENGINE    leng_shell 374  lEngine_PostMessage() [out] 0
[2016/05/20 00:52:46 371][Px17e7][Tx77fe700][INF] LMOD       luac_logge 172  [network:380:redns  def  open.xf-yun.com  ]
[2016/05/20 00:52:46 371][Px17e7][Tx77fe700][TRC] MSPADNS    MSPAsyncDn 268  MSPAsyncDns_Start() [in]
[2016/05/20 00:52:46 372][Px17e7][Tx7fff700][DBG] MSPADNS    MSPAsyncDn 184  gethostbyname(open.xf-yun.com) start [id=101320]
[2016/05/20 00:52:46 373][Px17e7][Tx7fff700][ERR] MSPADNS    MSPAsyncDn 211  gethostbyname(open.xf-yun.com) failed: Temporary failure in name resolution [id=101320]
[2016/05/20 00:52:46 373][Px17e7][Tx7fff700][DBG] MSPTHREAD  MSPThreadP 733  POST l_engine_1:10:1:0
[2016/05/20 00:52:46 374][Px17e7][Tx6ffd700][TRC] LMOD       luac_logge 170  [transport:1198:[soc] disconnect   ]
[2016/05/20 00:52:46 374][Px17e7][Tx77fe700][INF] LMOD       luac_logge 172  [waiter:196:last gc at  1463730764  ]
[2016/05/20 00:52:46 374][Px17e7][Tx77fe700][DBG] LENGINE    leng_rpc.c 527  luacRPCFuncProto_Invoke() [out] ret = 0
[2016/05/20 00:52:46 375][Px17e7][Tx77fe700][DBG] LENGINE    leng_main. 513  ENGINE_MSG_RPC_ASYNC
[2016/05/20 00:52:46 375][Px17e7][Tx77fe700][DBG] LENGINE    leng_main. 521  [waiter], stat = 1
[2016/05/20 00:52:46 375][Px17e7][Tx77fe700][DBG] LENGINE    leng_rpc.c 413  luacRPCFuncProto_Invoke(e0001a20,f83fc320) [in]
[2016/05/20 00:52:46 376][Px17e7][Tx6ffd700][DBG] LENGINE    leng_rpc.c 527  luacRPCFuncProto_Invoke() [out] ret = 0
[2016/05/20 00:52:46 376][Px17e7][Tx77fe700][INF] LMOD       luac_logge 172  [network:173:dns resp  10214  ]
[2016/05/20 00:52:46 377][Px17e7][Tx77fe700][INF] LMOD       luac_logge 172  [network:397:redns dns resp  nil  10214  nil  nil  ]
[2016/05/20 00:52:46 378][Px17e7][Tx77fe700][DBG] LENGINE    leng_rpc.c 527  luacRPCFuncProto_Invoke() [out] ret = 0
[2016/05/20 00:52:46 574][Px17e7][Tx6ffd700][DBG] LENGINE    leng_rpc.c 413  luacRPCFuncProto_Invoke(f8405400,fc26dea0) [in]
[2016/05/20 00:52:46 577][Px17e7][Tx6ffd700][INF] LMOD       luac_logge 172  [transport:959:session.domain=  open.xf-yun.com  ]
[2016/05/20 00:52:46 579][Px17e7][Tx6ffd700][INF] LMOD       luac_logge 172  [transport:960:url.host=  open.xf-yun.com  ]
[2016/05/20 00:52:46 580][Px17e7][Tx6ffd700][INF] LLOADER    lloader.c  327  load dkjson
[2016/05/20 00:52:46 581][Px17e7][Tx6ffd700][INF] LLOADER    lloader.c  339  a intalled entry
[2016/05/20 00:52:46 581][Px17e7][Tx6ffd700][INF] LLOADER    lloader.c  365  from rom
[2016/05/20 00:52:46 582][Px17e7][Tx6ffd700][PRF] LLOADER    lloader.c  397  load dkjson cost 2 (ms)
[2016/05/20 00:52:46 585][Px17e7][Tx6ffd700][DBG] LMOD       luac_logge 178  [network:83:ipfromenv ,  ipcache  open.xf-yun.com  def  nil  ]
[2016/05/20 00:52:46 586][Px17e7][Tx6ffd700][TRC] LMOD       luac_logge 170  [transport:994:NAMESERVER START  ]
[2016/05/20 00:52:46 588][Px17e7][Tx6ffd700][INF] LMOD       luac_logge 172  [transport:997:name =   ath  ]
[2016/05/20 00:52:46 589][Px17e7][Tx6ffd700][INF] LMOD       luac_logge 172  [ns:727:ntt=  standard  ]
[2016/05/20 00:52:46 589][Px17e7][Tx6ffd700][INF] LMOD       luac_logge 172  [transport:1000:trans,ns_inprog =  0  ]
[2016/05/20 00:52:46 590][Px17e7][Tx6ffd700][TRC] LMOD       luac_logge 170  [ns:682:name server start  ]
[2016/05/20 00:52:46 591][Px17e7][Tx6ffd700][INF] LMOD       luac_logge 172  [ns:683:ns_sub =   ath  ]
[2016/05/20 00:52:46 591][Px17e7][Tx6ffd700][INF] LMOD       luac_logge 172  [ns:685:ns_host=  open.xf-yun.com  ]
[2016/05/20 00:52:46 592][Px17e7][Tx6ffd700][INF] LMOD       luac_logge 172  [ns:403:ns_host=  open.xf-yun.com  ]
[2016/05/20 00:52:46 592][Px17e7][Tx6ffd700][DBG] LMOD       luac_logge 178  [ns:662:GET /sip/resolver?srand=0520005211.32 HTTP/1.1
Host: hdns.openspeech.cn
Connection: Keep-Alive
X-Par: ver=1.2&appid=583467f7&operator=UNKNOW&nettype=STANDARD&cver=5.0.27.1135&svc=ath&host=open.xf-yun.com&sign=ab5642eee045664edaa7e929fd22b4cc
User-Agent: iFLYCloud

  ]
[2016/05/20 00:52:46 593][Px17e7][Tx6ffd700][INF] LMOD       luac_logge 172  [ns:663:net_type =  standard  ]
[2016/05/20 00:52:46 594][Px17e7][Tx6ffd700][INF] LMOD       luac_logge 172  [ns:664:cmwapascmnet =  ]
[2016/05/20 00:52:46 594][Px17e7][Tx6ffd700][INF] LMOD       luac_logge 172  [ns:665:uniwapasuninet =  ]
[2016/05/20 00:52:46 595][Px17e7][Tx6ffd700][INF] LMOD       luac_logge 172  [ns:666:ctwapasctnet =  ]
[2016/05/20 00:52:46 595][Px17e7][Tx6ffd700][INF] LMOD       luac_logge 172  [ns:676:host=  hdns.openspeech.cn  ]
[2016/05/20 00:52:46 595][Px17e7][Tx6ffd700][TRC] MSPADNS    MSPAsyncDn 268  MSPAsyncDns_Start() [in]
[2016/05/20 00:52:46 596][Px17e7][Tx7fff700][DBG] MSPADNS    MSPAsyncDn 184  gethostbyname(hdns.openspeech.cn) start [id=-130011016]
[2016/05/20 00:52:46 596][Px17e7][Tx7fff700][ERR] MSPADNS    MSPAsyncDn 211  gethostbyname(hdns.openspeech.cn) failed: Temporary failure in name resolution [id=-130011016]
[2016/05/20 00:52:46 596][Px17e7][Tx7fff700][DBG] MSPTHREAD  MSPThreadP 733  POST l_engine_2:10:1:1
[2016/05/20 00:52:46 596][Px17e7][Tx6ffd700][TRC] MSPADNS    MSPAsyncDn 268  MSPAsyncDns_Start() [in]
[2016/05/20 00:52:46 597][Px17e7][Tx7fff700][DBG] MSPADNS    MSPAsyncDn 184  gethostbyname(open.xf-yun.com) start [id=-134084952]
[2016/05/20 00:52:46 597][Px17e7][Tx7fff700][ERR] MSPADNS    MSPAsyncDn 211  gethostbyname(open.xf-yun.com) failed: Temporary failure in name resolution [id=-134084952]
[2016/05/20 00:52:46 598][Px17e7][Tx7fff700][DBG] MSPTHREAD  MSPThreadP 733  POST l_engine_2:10:2:0
[2016/05/20 00:52:46 598][Px17e7][Tx6ffd700][DBG] LENGINE    leng_rpc.c 527  luacRPCFuncProto_Invoke() [out] ret = 0
[2016/05/20 00:52:46 598][Px17e7][Tx6ffd700][DBG] LENGINE    leng_main. 513  ENGINE_MSG_RPC_ASYNC
[2016/05/20 00:52:46 599][Px17e7][Tx6ffd700][DBG] LENGINE    leng_main. 521  [isr_local], stat = 1
[2016/05/20 00:52:46 599][Px17e7][Tx6ffd700][DBG] LENGINE    leng_rpc.c 413  luacRPCFuncProto_Invoke(e0001a20,fc26dea0) [in]
[2016/05/20 00:52:46 600][Px17e7][Tx6ffd700][INF] LMOD       luac_logge 172  [ns:290:ns dns resp  10214  ]
[2016/05/20 00:52:46 601][Px17e7][Tx6ffd700][INF] LMOD       luac_logge 172  [ns:564:ns dns failed, err =   10214  ]
[2016/05/20 00:52:46 603][Px17e7][Tx6ffd700][INF] LMOD       luac_logge 172  [ns:174:ns gethttpresp  117.121.48.5  80  ]
[2016/05/20 00:52:46 603][Px17e7][Tx6ffd700][TRC] MSPSOCKET  MSPSocket. 269  MSPSocket_New(1, 1) [in]
[2016/05/20 00:52:46 604][Px17e7][Tx6ffd700][DBG] MSPSOCKET  MSPSocket. 326  socket(2,1,) ret=7, detail=101
[2016/05/20 00:52:46 604][Px17e7][Tx6ffd700][TRC] MSPSOCKET  MSPSocket. 411  MSPSocket_New() [out] f80090c0 0
[2016/05/20 00:52:46 604][Px17e7][Tx6ffd700][TRC] MSPSOCKET  MSPSocket. 501  MSPSocket_Connect(f80090c0) [in]
[2016/05/20 00:52:46 605][Px17e7][Tx6ffd700][DBG] MSPSOCKET  MSPSocket. 515  connect(7,117.121.48.5,) ret=-1, hd=f80090c0
[2016/05/20 00:52:46 605][Px17e7][Tx6ffd700][ERR] MSPSOCKET  MSPSocket. 530  connect() failed! f80090c0,7,-1,101
[2016/05/20 00:52:46 606][Px17e7][Tx6ffd700][DBG] MSPTHREAD  MSPThreadP 733  POST l_engine_2:10:2:0
[2016/05/20 00:52:46 606][Px17e7][Tx6ffd700][TRC] MSPSOCKET  MSPSocket. 565  MSPSocket_Connect() [out] 10202
[2016/05/20 00:52:46 607][Px17e7][Tx6ffd700][DBG] LENGINE    leng_rpc.c 527  luacRPCFuncProto_Invoke() [out] ret = 0
[2016/05/20 00:52:46 607][Px17e7][Tx6ffd700][DBG] LENGINE    leng_main. 513  ENGINE_MSG_RPC_ASYNC
[2016/05/20 00:52:46 607][Px17e7][Tx6ffd700][DBG] LENGINE    leng_main. 521  [isr_local], stat = 1
[2016/05/20 00:52:46 608][Px17e7][Tx6ffd700][DBG] LENGINE    leng_rpc.c 413  luacRPCFuncProto_Invoke(e0002d10,fc26dea0) [in]
[2016/05/20 00:52:46 608][Px17e7][Tx6ffd700][ERR] LMOD       luac_logge 166  [transport:295:[dns] [0] failed! 10214  ]
[2016/05/20 00:52:46 609][Px17e7][Tx6ffd700][INF] LLOADER    lloader.c  327  load dkjson
[2016/05/20 00:52:46 609][Px17e7][Tx6ffd700][INF] LLOADER    lloader.c  339  a intalled entry
[2016/05/20 00:52:46 609][Px17e7][Tx6ffd700][INF] LLOADER    lloader.c  365  from rom
[2016/05/20 00:52:46 610][Px17e7][Tx6ffd700][PRF] LLOADER    lloader.c  397  load dkjson cost 1 (ms)
[2016/05/20 00:52:46 610][Px17e7][Tx6ffd700][DBG] LMOD       luac_logge 178  [network:83:ipfromenv ,  ipcache  open.xf-yun.com  def  nil  ]
[2016/05/20 00:52:46 611][Px17e7][Tx6ffd700][INF] LLOADER    lloader.c  327  load dkjson
[2016/05/20 00:52:46 611][Px17e7][Tx6ffd700][INF] LLOADER    lloader.c  339  a intalled entry
[2016/05/20 00:52:46 612][Px17e7][Tx6ffd700][INF] LLOADER    lloader.c  365  from rom
[2016/05/20 00:52:46 612][Px17e7][Tx6ffd700][PRF] LLOADER    lloader.c  397  load dkjson cost 1 (ms)
[2016/05/20 00:52:46 613][Px17e7][Tx6ffd700][DBG] LMOD       luac_logge 178  [network:83:ipfromenv ,  ipcfg  open.xf-yun.com  def  nil  ]
[2016/05/20 00:52:46 614][Px17e7][Tx6ffd700][TRC] LMOD       luac_logge 170  [transport:1166:[soc] connect   116.213.69.195  80  ]
[2016/05/20 00:52:46 614][Px17e7][Tx6ffd700][TRC] MSPSOCKET  MSPSocket. 1593 MSPSocketTCPConnPool_Query(116.213.69.195, 80) [in]
[2016/05/20 00:52:46 615][Px17e7][Tx6ffd700][TRC] MSPSOCKET  MSPSocket. 1618 MSPSocketTCPConnPool_Query() [out] ret=0
[2016/05/20 00:52:46 615][Px17e7][Tx6ffd700][INF] LMOD       luac_logge 172  [transport:1183:mspsoc.open,prot_type=  tcp  ]
[2016/05/20 00:52:46 616][Px17e7][Tx6ffd700][TRC] MSPSOCKET  MSPSocket. 269  MSPSocket_New(1, 1) [in]
[2016/05/20 00:52:46 617][Px17e7][Tx6ffd700][DBG] MSPSOCKET  MSPSocket. 326  socket(2,1,) ret=8, detail=101
[2016/05/20 00:52:46 617][Px17e7][Tx6ffd700][TRC] MSPSOCKET  MSPSocket. 411  MSPSocket_New() [out] f83f98f0 0
[2016/05/20 00:52:46 618][Px17e7][Tx6ffd700][TRC] MSPSOCKET  MSPSocket. 501  MSPSocket_Connect(f83f98f0) [in]
[2016/05/20 00:52:46 618][Px17e7][Tx6ffd700][DBG] MSPSOCKET  MSPSocket. 515  connect(8,116.213.69.195,) ret=-1, hd=f83f98f0
[2016/05/20 00:52:46 619][Px17e7][Tx6ffd700][ERR] MSPSOCKET  MSPSocket. 530  connect() failed! f83f98f0,8,-1,101
[2016/05/20 00:52:46 619][Px17e7][Tx6ffd700][DBG] MSPTHREAD  MSPThreadP 733  POST l_engine_2:10:2:0
[2016/05/20 00:52:46 620][Px17e7][Tx6ffd700][TRC] MSPSOCKET  MSPSocket. 565  MSPSocket_Connect() [out] 10202
[2016/05/20 00:52:46 620][Px17e7][Tx6ffd700][DBG] LENGINE    leng_rpc.c 527  luacRPCFuncProto_Invoke() [out] ret = 0
[2016/05/20 00:52:46 621][Px17e7][Tx6ffd700][DBG] LENGINE    leng_main. 513  ENGINE_MSG_RPC_ASYNC
[2016/05/20 00:52:46 621][Px17e7][Tx6ffd700][DBG] LENGINE    leng_main. 521  [isr_local], stat = 1
[2016/05/20 00:52:46 622][Px17e7][Tx6ffd700][DBG] LENGINE    leng_rpc.c 413  luacRPCFuncProto_Invoke(f84016b0,fc26dea0) [in]
[2016/05/20 00:52:46 622][Px17e7][Tx6ffd700][INF] LMOD       luac_logge 172  [ns:244:ns soc error  10202  ]
[2016/05/20 00:52:46 623][Px17e7][Tx6ffd700][TRC] MSPSOCKET  MSPSocket. 1014 MSPSocket_Close(f80090c0) [in]
[2016/05/20 00:52:46 623][Px17e7][Tx6ffd700][DBG] MSPSOCKET  MSPSocket. 1034 close(7), f80090c0
[2016/05/20 00:52:46 623][Px17e7][Tx6ffd700][TRC] MSPSOCKET  MSPSocket. 1068 MSPSocket_Close() [out] 0
[2016/05/20 00:52:46 625][Px17e7][Tx6ffd700][INF] LMOD       luac_logge 172  [ns:407:name server http resp  nil  10202  nil  ]
[2016/05/20 00:52:46 625][Px17e7][Tx6ffd700][INF] LMOD       luac_logge 172  [ns:551:ns response failed, err =  10202  ]
[2016/05/20 00:52:46 627][Px17e7][Tx6ffd700][INF] LMOD       luac_logge 172  [ns:111:ns_host=  open.xf-yun.com  ]
[2016/05/20 00:52:46 627][Px17e7][Tx6ffd700][INF] LMOD       luac_logge 172  [ns:113:use default ip  ]
[2016/05/20 00:52:46 628][Px17e7][Tx6ffd700][INF] LMOD       luac_logge 172  [transport:974:ns_ip =   116.213.69.195  ]
[2016/05/20 00:52:46 629][Px17e7][Tx6ffd700][INF] LMOD       luac_logge 172  [transport:975:ip_type =  def_athopen.xf-yun.com  ]
[2016/05/20 00:52:46 630][Px17e7][Tx6ffd700][INF] LMOD       luac_logge 172  [ns:756:no data in ns_q  ]
[2016/05/20 00:52:46 630][Px17e7][Tx6ffd700][INF] LMOD       luac_logge 172  [ns:757:conti_ns,ns_inprog =   1  ]
[2016/05/20 00:52:46 631][Px17e7][Tx6ffd700][DBG] LENGINE    leng_rpc.c 527  luacRPCFuncProto_Invoke() [out] ret = 0
[2016/05/20 00:52:46 631][Px17e7][Tx6ffd700][DBG] LENGINE    leng_main. 513  ENGINE_MSG_RPC_ASYNC
[2016/05/20 00:52:46 631][Px17e7][Tx6ffd700][DBG] LENGINE    leng_main. 521  [isr_local], stat = 1
[2016/05/20 00:52:46 632][Px17e7][Tx6ffd700][DBG] LENGINE    leng_rpc.c 413  luacRPCFuncProto_Invoke(f8403050,fc26dea0) [in]
[2016/05/20 00:52:46 633][Px17e7][Tx6ffd700][ERR] LMOD       luac_logge 166  [transport:545:MSC:[soc] [0] error 10202 101!  ]
[2016/05/20 00:52:46 633][Px17e7][Tx6ffd700][TRC] MSPSOCKET  MSPSocket. 1014 MSPSocket_Close(f83f98f0) [in]
[2016/05/20 00:52:46 634][Px17e7][Tx6ffd700][DBG] MSPSOCKET  MSPSocket. 1034 close(8), f83f98f0
[2016/05/20 00:52:46 635][Px17e7][Tx6ffd700][TRC] MSPSOCKET  MSPSocket. 1068 MSPSocket_Close() [out] 0
[2016/05/20 00:52:46 636][Px17e7][Tx6ffd700][INF] LMOD       luac_logge 172  [transport:57:clear_ip ip_type =  def_athopen.xf-yun.com  ]
[2016/05/20 00:52:46 638][Px17e7][Tx6ffd700][WAR] LMOD       luac_logge 168  [transport:321:soc_conn_failed  ]
[2016/05/20 00:52:46 639][Px17e7][Tx6ffd700][DBG] LMOD       luac_logge 178  [network:88:iptoenv ,  ipcache  open.xf-yun.com  def  nil  ]
[2016/05/20 00:52:46 639][Px17e7][Tx6ffd700][INF] LLOADER    lloader.c  327  load dkjson
[2016/05/20 00:52:46 640][Px17e7][Tx6ffd700][INF] LLOADER    lloader.c  339  a intalled entry
[2016/05/20 00:52:46 640][Px17e7][Tx6ffd700][INF] LLOADER    lloader.c  365  from rom
[2016/05/20 00:52:46 641][Px17e7][Tx6ffd700][PRF] LLOADER    lloader.c  397  load dkjson cost 1 (ms)
[2016/05/20 00:52:46 642][Px17e7][Tx6ffd700][INF] LMOD       luac_logge 172  [transport:390:switch 80  ]
[2016/05/20 00:52:46 642][Px17e7][Tx6ffd700][TRC] LENGINE    leng_shell 109  lEngine_Start(f8095288,f8095288,0,) [in]
[2016/05/20 00:52:46 643][Px17e7][Tx6ffd700][TRC] LENGINE    leng_shell 351  lEngine_PostMessage(f83fc320,1,2,) [in]
[2016/05/20 00:52:46 643][Px17e7][Tx6ffd700][DBG] MSPTHREAD  MSPThreadP 733  POST l_engine_1:10:1:1
[2016/05/20 00:52:46 644][Px17e7][Tx77fe700][DBG] LENGINE    leng_main. 513  ENGINE_MSG_RPC_ASYNC
[2016/05/20 00:52:46 644][Px17e7][Tx77fe700][DBG] LENGINE    leng_main. 521  [waiter], stat = 1
[2016/05/20 00:52:46 644][Px17e7][Tx77fe700][DBG] LENGINE    leng_rpc.c 413  luacRPCFuncProto_Invoke(f84076d0,f83fc320) [in]
[2016/05/20 00:52:46 645][Px17e7][Tx6ffd700][TRC] LENGINE    leng_shell 374  lEngine_PostMessage() [out] 0
[2016/05/20 00:52:46 646][Px17e7][Tx77fe700][INF] LMOD       luac_logge 172  [network:380:redns  def  open.xf-yun.com  ]
[2016/05/20 00:52:46 646][Px17e7][Tx77fe700][TRC] MSPADNS    MSPAsyncDn 268  MSPAsyncDns_Start() [in]
[2016/05/20 00:52:46 647][Px17e7][Tx7fff700][DBG] MSPADNS    MSPAsyncDn 184  gethostbyname(open.xf-yun.com) start [id=81560]
[2016/05/20 00:52:46 648][Px17e7][Tx7fff700][ERR] MSPADNS    MSPAsyncDn 211  gethostbyname(open.xf-yun.com) failed: Temporary failure in name resolution [id=81560]
[2016/05/20 00:52:46 648][Px17e7][Tx7fff700][DBG] MSPTHREAD  MSPThreadP 733  POST l_engine_1:10:1:0
[2016/05/20 00:52:46 649][Px17e7][Tx6ffd700][TRC] LMOD       luac_logge 170  [transport:1198:[soc] disconnect   ]
[2016/05/20 00:52:46 649][Px17e7][Tx77fe700][INF] LMOD       luac_logge 172  [waiter:196:last gc at  1463730764  ]
[2016/05/20 00:52:46 650][Px17e7][Tx77fe700][DBG] LENGINE    leng_rpc.c 527  luacRPCFuncProto_Invoke() [out] ret = 0
[2016/05/20 00:52:46 651][Px17e7][Tx77fe700][DBG] LENGINE    leng_main. 513  ENGINE_MSG_RPC_ASYNC
[2016/05/20 00:52:46 651][Px17e7][Tx77fe700][DBG] LENGINE    leng_main. 521  [waiter], stat = 1
[2016/05/20 00:52:46 651][Px17e7][Tx77fe700][DBG] LENGINE    leng_rpc.c 413  luacRPCFuncProto_Invoke(e0001a20,f83fc320) [in]
[2016/05/20 00:52:46 652][Px17e7][Tx6ffd700][DBG] LENGINE    leng_rpc.c 527  luacRPCFuncProto_Invoke() [out] ret = 0
[2016/05/20 00:52:46 652][Px17e7][Tx77fe700][INF] LMOD       luac_logge 172  [network:173:dns resp  10214  ]
[2016/05/20 00:52:46 653][Px17e7][Tx77fe700][INF] LMOD       luac_logge 172  [network:397:redns dns resp  nil  10214  nil  nil  ]
[2016/05/20 00:52:46 654][Px17e7][Tx77fe700][DBG] LENGINE    leng_rpc.c 527  luacRPCFuncProto_Invoke() [out] ret = 0
[2016/05/20 00:52:46 849][Px17e7][Tx6ffd700][DBG] LENGINE    leng_rpc.c 413  luacRPCFuncProto_Invoke(f808f380,fc26dea0) [in]
[2016/05/20 00:52:46 853][Px17e7][Tx6ffd700][INF] LMOD       luac_logge 172  [transport:959:session.domain=  open.xf-yun.com  ]
[2016/05/20 00:52:46 855][Px17e7][Tx6ffd700][INF] LMOD       luac_logge 172  [transport:960:url.host=  open.xf-yun.com  ]
[2016/05/20 00:52:46 855][Px17e7][Tx6ffd700][INF] LLOADER    lloader.c  327  load dkjson
[2016/05/20 00:52:46 856][Px17e7][Tx6ffd700][INF] LLOADER    lloader.c  339  a intalled entry
[2016/05/20 00:52:46 857][Px17e7][Tx6ffd700][INF] LLOADER    lloader.c  365  from rom
[2016/05/20 00:52:46 858][Px17e7][Tx6ffd700][PRF] LLOADER    lloader.c  397  load dkjson cost 2 (ms)
[2016/05/20 00:52:46 860][Px17e7][Tx6ffd700][DBG] LMOD       luac_logge 178  [network:83:ipfromenv ,  ipcache  open.xf-yun.com  def  nil  ]
[2016/05/20 00:52:46 862][Px17e7][Tx6ffd700][TRC] LMOD       luac_logge 170  [transport:994:NAMESERVER START  ]
[2016/05/20 00:52:46 863][Px17e7][Tx6ffd700][INF] LMOD       luac_logge 172  [transport:997:name =   ath  ]
[2016/05/20 00:52:46 864][Px17e7][Tx6ffd700][INF] LMOD       luac_logge 172  [ns:727:ntt=  standard  ]
[2016/05/20 00:52:46 866][Px17e7][Tx6ffd700][INF] LMOD       luac_logge 172  [transport:1000:trans,ns_inprog =  0  ]
[2016/05/20 00:52:46 866][Px17e7][Tx6ffd700][TRC] LMOD       luac_logge 170  [ns:682:name server start  ]
[2016/05/20 00:52:46 867][Px17e7][Tx6ffd700][INF] LMOD       luac_logge 172  [ns:683:ns_sub =   ath  ]
[2016/05/20 00:52:46 867][Px17e7][Tx6ffd700][INF] LMOD       luac_logge 172  [ns:685:ns_host=  open.xf-yun.com  ]
[2016/05/20 00:52:46 868][Px17e7][Tx6ffd700][INF] LMOD       luac_logge 172  [ns:403:ns_host=  open.xf-yun.com  ]
[2016/05/20 00:52:46 868][Px17e7][Tx6ffd700][DBG] LMOD       luac_logge 178  [ns:662:GET /sip/resolver?srand=0520005211.32 HTTP/1.1
Host: hdns.openspeech.cn
Connection: Keep-Alive
X-Par: ver=1.2&appid=583467f7&operator=UNKNOW&nettype=STANDARD&cver=5.0.27.1135&svc=ath&host=open.xf-yun.com&sign=ab5642eee045664edaa7e929fd22b4cc
User-Agent: iFLYCloud

  ]
[2016/05/20 00:52:46 869][Px17e7][Tx6ffd700][INF] LMOD       luac_logge 172  [ns:663:net_type =  standard  ]
[2016/05/20 00:52:46 870][Px17e7][Tx6ffd700][INF] LMOD       luac_logge 172  [ns:664:cmwapascmnet =  ]
[2016/05/20 00:52:46 870][Px17e7][Tx6ffd700][INF] LMOD       luac_logge 172  [ns:665:uniwapasuninet =  ]
[2016/05/20 00:52:46 871][Px17e7][Tx6ffd700][INF] LMOD       luac_logge 172  [ns:666:ctwapasctnet =  ]
[2016/05/20 00:52:46 871][Px17e7][Tx6ffd700][INF] LMOD       luac_logge 172  [ns:676:host=  hdns.openspeech.cn  ]
[2016/05/20 00:52:46 871][Px17e7][Tx6ffd700][TRC] MSPADNS    MSPAsyncDn 268  MSPAsyncDns_Start() [in]
[2016/05/20 00:52:46 872][Px17e7][Tx7fff700][DBG] MSPADNS    MSPAsyncDn 184  gethostbyname(hdns.openspeech.cn) start [id=-130022904]
[2016/05/20 00:52:46 872][Px17e7][Tx7fff700][ERR] MSPADNS    MSPAsyncDn 211  gethostbyname(hdns.openspeech.cn) failed: Temporary failure in name resolution [id=-130022904]
[2016/05/20 00:52:46 872][Px17e7][Tx7fff700][DBG] MSPTHREAD  MSPThreadP 733  POST l_engine_2:10:1:1
[2016/05/20 00:52:46 873][Px17e7][Tx6ffd700][TRC] MSPADNS    MSPAsyncDn 268  MSPAsyncDns_Start() [in]
[2016/05/20 00:52:46 873][Px17e7][Tx7fff700][DBG] MSPADNS    MSPAsyncDn 184  gethostbyname(open.xf-yun.com) start [id=-130017576]
[2016/05/20 00:52:46 874][Px17e7][Tx7fff700][ERR] MSPADNS    MSPAsyncDn 211  gethostbyname(open.xf-yun.com) failed: Temporary failure in name resolution [id=-130017576]
[2016/05/20 00:52:46 874][Px17e7][Tx7fff700][DBG] MSPTHREAD  MSPThreadP 733  POST l_engine_2:10:2:0
[2016/05/20 00:52:46 874][Px17e7][Tx6ffd700][DBG] LENGINE    leng_rpc.c 527  luacRPCFuncProto_Invoke() [out] ret = 0
[2016/05/20 00:52:46 874][Px17e7][Tx6ffd700][DBG] LENGINE    leng_main. 513  ENGINE_MSG_RPC_ASYNC
[2016/05/20 00:52:46 875][Px17e7][Tx6ffd700][DBG] LENGINE    leng_main. 521  [isr_local], stat = 1
[2016/05/20 00:52:46 875][Px17e7][Tx6ffd700][DBG] LENGINE    leng_rpc.c 413  luacRPCFuncProto_Invoke(e0001a20,fc26dea0) [in]
[2016/05/20 00:52:46 876][Px17e7][Tx6ffd700][INF] LMOD       luac_logge 172  [ns:290:ns dns resp  10214  ]
[2016/05/20 00:52:46 877][Px17e7][Tx6ffd700][INF] LMOD       luac_logge 172  [ns:564:ns dns failed, err =   10214  ]
[2016/05/20 00:52:46 878][Px17e7][Tx6ffd700][INF] LMOD       luac_logge 172  [ns:174:ns gethttpresp  117.121.48.5  80  ]
[2016/05/20 00:52:46 878][Px17e7][Tx6ffd700][TRC] MSPSOCKET  MSPSocket. 269  MSPSocket_New(1, 1) [in]
[2016/05/20 00:52:46 879][Px17e7][Tx6ffd700][DBG] MSPSOCKET  MSPSocket. 326  socket(2,1,) ret=7, detail=101
[2016/05/20 00:52:46 879][Px17e7][Tx6ffd700][TRC] MSPSOCKET  MSPSocket. 411  MSPSocket_New() [out] f840e5d0 0
[2016/05/20 00:52:46 879][Px17e7][Tx6ffd700][TRC] MSPSOCKET  MSPSocket. 501  MSPSocket_Connect(f840e5d0) [in]
[2016/05/20 00:52:46 880][Px17e7][Tx6ffd700][DBG] MSPSOCKET  MSPSocket. 515  connect(7,117.121.48.5,) ret=-1, hd=f840e5d0
[2016/05/20 00:52:46 880][Px17e7][Tx6ffd700][ERR] MSPSOCKET  MSPSocket. 530  connect() failed! f840e5d0,7,-1,101
[2016/05/20 00:52:46 880][Px17e7][Tx6ffd700][DBG] MSPTHREAD  MSPThreadP 733  POST l_engine_2:10:2:0
[2016/05/20 00:52:46 881][Px17e7][Tx6ffd700][TRC] MSPSOCKET  MSPSocket. 565  MSPSocket_Connect() [out] 10202
[2016/05/20 00:52:46 882][Px17e7][Tx6ffd700][DBG] LENGINE    leng_rpc.c 527  luacRPCFuncProto_Invoke() [out] ret = 0
[2016/05/20 00:52:46 882][Px17e7][Tx6ffd700][DBG] LENGINE    leng_main. 513  ENGINE_MSG_RPC_ASYNC
[2016/05/20 00:52:46 882][Px17e7][Tx6ffd700][DBG] LENGINE    leng_main. 521  [isr_local], stat = 1
[2016/05/20 00:52:46 883][Px17e7][Tx6ffd700][DBG] LENGINE    leng_rpc.c 413  luacRPCFuncProto_Invoke(e0002d10,fc26dea0) [in]
[2016/05/20 00:52:46 883][Px17e7][Tx6ffd700][ERR] LMOD       luac_logge 166  [transport:295:[dns] [0] failed! 10214  ]
[2016/05/20 00:52:46 884][Px17e7][Tx6ffd700][INF] LLOADER    lloader.c  327  load dkjson
[2016/05/20 00:52:46 884][Px17e7][Tx6ffd700][INF] LLOADER    lloader.c  339  a intalled entry
[2016/05/20 00:52:46 884][Px17e7][Tx6ffd700][INF] LLOADER    lloader.c  365  from rom
[2016/05/20 00:52:46 884][Px17e7][Tx6ffd700][PRF] LLOADER    lloader.c  397  load dkjson cost 1 (ms)
[2016/05/20 00:52:46 885][Px17e7][Tx6ffd700][DBG] LMOD       luac_logge 178  [network:83:ipfromenv ,  ipcache  open.xf-yun.com  def  nil  ]
[2016/05/20 00:52:46 886][Px17e7][Tx6ffd700][INF] LLOADER    lloader.c  327  load dkjson
[2016/05/20 00:52:46 886][Px17e7][Tx6ffd700][INF] LLOADER    lloader.c  339  a intalled entry
[2016/05/20 00:52:46 886][Px17e7][Tx6ffd700][INF] LLOADER    lloader.c  365  from rom
[2016/05/20 00:52:46 887][Px17e7][Tx6ffd700][PRF] LLOADER    lloader.c  397  load dkjson cost 1 (ms)
[2016/05/20 00:52:46 887][Px17e7][Tx6ffd700][DBG] LMOD       luac_logge 178  [network:83:ipfromenv ,  ipcfg  open.xf-yun.com  def  nil  ]
[2016/05/20 00:52:46 888][Px17e7][Tx6ffd700][TRC] LMOD       luac_logge 170  [transport:1166:[soc] connect   116.213.69.195  80  ]
[2016/05/20 00:52:46 888][Px17e7][Tx6ffd700][TRC] MSPSOCKET  MSPSocket. 1593 MSPSocketTCPConnPool_Query(116.213.69.195, 80) [in]
[2016/05/20 00:52:46 888][Px17e7][Tx6ffd700][TRC] MSPSOCKET  MSPSocket. 1618 MSPSocketTCPConnPool_Query() [out] ret=0
[2016/05/20 00:52:46 889][Px17e7][Tx6ffd700][INF] LMOD       luac_logge 172  [transport:1183:mspsoc.open,prot_type=  tcp  ]
[2016/05/20 00:52:46 889][Px17e7][Tx6ffd700][TRC] MSPSOCKET  MSPSocket. 269  MSPSocket_New(1, 1) [in]
[2016/05/20 00:52:46 890][Px17e7][Tx6ffd700][DBG] MSPSOCKET  MSPSocket. 326  socket(2,1,) ret=8, detail=101
[2016/05/20 00:52:46 890][Px17e7][Tx6ffd700][TRC] MSPSOCKET  MSPSocket. 411  MSPSocket_New() [out] f83eb8a0 0
[2016/05/20 00:52:46 890][Px17e7][Tx6ffd700][TRC] MSPSOCKET  MSPSocket. 501  MSPSocket_Connect(f83eb8a0) [in]
[2016/05/20 00:52:46 891][Px17e7][Tx6ffd700][DBG] MSPSOCKET  MSPSocket. 515  connect(8,116.213.69.195,) ret=-1, hd=f83eb8a0
[2016/05/20 00:52:46 891][Px17e7][Tx6ffd700][ERR] MSPSOCKET  MSPSocket. 530  connect() failed! f83eb8a0,8,-1,101
[2016/05/20 00:52:46 891][Px17e7][Tx6ffd700][DBG] MSPTHREAD  MSPThreadP 733  POST l_engine_2:10:2:0
[2016/05/20 00:52:46 892][Px17e7][Tx6ffd700][TRC] MSPSOCKET  MSPSocket. 565  MSPSocket_Connect() [out] 10202
[2016/05/20 00:52:46 892][Px17e7][Tx6ffd700][DBG] LENGINE    leng_rpc.c 527  luacRPCFuncProto_Invoke() [out] ret = 0
[2016/05/20 00:52:46 893][Px17e7][Tx6ffd700][DBG] LENGINE    leng_main. 513  ENGINE_MSG_RPC_ASYNC
[2016/05/20 00:52:46 893][Px17e7][Tx6ffd700][DBG] LENGINE    leng_main. 521  [isr_local], stat = 1
[2016/05/20 00:52:46 893][Px17e7][Tx6ffd700][DBG] LENGINE    leng_rpc.c 413  luacRPCFuncProto_Invoke(f8405400,fc26dea0) [in]
[2016/05/20 00:52:46 894][Px17e7][Tx6ffd700][INF] LMOD       luac_logge 172  [ns:244:ns soc error  10202  ]
[2016/05/20 00:52:46 894][Px17e7][Tx6ffd700][TRC] MSPSOCKET  MSPSocket. 1014 MSPSocket_Close(f840e5d0) [in]
[2016/05/20 00:52:46 894][Px17e7][Tx6ffd700][DBG] MSPSOCKET  MSPSocket. 1034 close(7), f840e5d0
[2016/05/20 00:52:46 895][Px17e7][Tx6ffd700][TRC] MSPSOCKET  MSPSocket. 1068 MSPSocket_Close() [out] 0
[2016/05/20 00:52:46 895][Px17e7][Tx6ffd700][INF] LMOD       luac_logge 172  [ns:407:name server http resp  nil  10202  nil  ]
[2016/05/20 00:52:46 896][Px17e7][Tx6ffd700][INF] LMOD       luac_logge 172  [ns:551:ns response failed, err =  10202  ]
[2016/05/20 00:52:46 897][Px17e7][Tx6ffd700][INF] LMOD       luac_logge 172  [ns:111:ns_host=  open.xf-yun.com  ]
[2016/05/20 00:52:46 897][Px17e7][Tx6ffd700][INF] LMOD       luac_logge 172  [ns:113:use default ip  ]
[2016/05/20 00:52:46 898][Px17e7][Tx6ffd700][INF] LMOD       luac_logge 172  [transport:974:ns_ip =   116.213.69.195  ]
[2016/05/20 00:52:46 898][Px17e7][Tx6ffd700][INF] LMOD       luac_logge 172  [transport:975:ip_type =  def_athopen.xf-yun.com  ]
[2016/05/20 00:52:46 899][Px17e7][Tx6ffd700][INF] LMOD       luac_logge 172  [ns:756:no data in ns_q  ]
[2016/05/20 00:52:46 900][Px17e7][Tx6ffd700][INF] LMOD       luac_logge 172  [ns:757:conti_ns,ns_inprog =   1  ]
[2016/05/20 00:52:46 900][Px17e7][Tx6ffd700][DBG] LENGINE    leng_rpc.c 527  luacRPCFuncProto_Invoke() [out] ret = 0
[2016/05/20 00:52:46 900][Px17e7][Tx6ffd700][DBG] LENGINE    leng_main. 513  ENGINE_MSG_RPC_ASYNC
[2016/05/20 00:52:46 901][Px17e7][Tx6ffd700][DBG] LENGINE    leng_main. 521  [isr_local], stat = 1
[2016/05/20 00:52:46 901][Px17e7][Tx6ffd700][DBG] LENGINE    leng_rpc.c 413  luacRPCFuncProto_Invoke(f84001e0,fc26dea0) [in]
[2016/05/20 00:52:46 902][Px17e7][Tx6ffd700][ERR] LMOD       luac_logge 166  [transport:545:MSC:[soc] [0] error 10202 101!  ]
[2016/05/20 00:52:46 902][Px17e7][Tx6ffd700][TRC] MSPSOCKET  MSPSocket. 1014 MSPSocket_Close(f83eb8a0) [in]
[2016/05/20 00:52:46 902][Px17e7][Tx6ffd700][DBG] MSPSOCKET  MSPSocket. 1034 close(8), f83eb8a0
[2016/05/20 00:52:46 903][Px17e7][Tx6ffd700][TRC] MSPSOCKET  MSPSocket. 1068 MSPSocket_Close() [out] 0
[2016/05/20 00:52:46 903][Px17e7][Tx6ffd700][INF] LMOD       luac_logge 172  [transport:57:clear_ip ip_type =  def_athopen.xf-yun.com  ]
[2016/05/20 00:52:46 904][Px17e7][Tx6ffd700][WAR] LMOD       luac_logge 168  [transport:321:soc_conn_failed  ]
[2016/05/20 00:52:46 904][Px17e7][Tx6ffd700][DBG] LMOD       luac_logge 178  [network:88:iptoenv ,  ipcache  open.xf-yun.com  def  nil  ]
[2016/05/20 00:52:46 905][Px17e7][Tx6ffd700][INF] LLOADER    lloader.c  327  load dkjson
[2016/05/20 00:52:46 905][Px17e7][Tx6ffd700][INF] LLOADER    lloader.c  339  a intalled entry
[2016/05/20 00:52:46 906][Px17e7][Tx6ffd700][INF] LLOADER    lloader.c  365  from rom
[2016/05/20 00:52:46 906][Px17e7][Tx6ffd700][PRF] LLOADER    lloader.c  397  load dkjson cost 1 (ms)
[2016/05/20 00:52:46 907][Px17e7][Tx6ffd700][INF] LMOD       luac_logge 172  [transport:390:switch 80  ]
[2016/05/20 00:52:46 908][Px17e7][Tx6ffd700][TRC] LENGINE    leng_shell 109  lEngine_Start(f8095288,f8095288,0,) [in]
[2016/05/20 00:52:46 908][Px17e7][Tx6ffd700][TRC] LENGINE    leng_shell 351  lEngine_PostMessage(f83fc320,1,2,) [in]
[2016/05/20 00:52:46 908][Px17e7][Tx6ffd700][DBG] MSPTHREAD  MSPThreadP 733  POST l_engine_1:10:1:1
[2016/05/20 00:52:46 909][Px17e7][Tx77fe700][DBG] LENGINE    leng_main. 513  ENGINE_MSG_RPC_ASYNC
[2016/05/20 00:52:46 909][Px17e7][Tx77fe700][DBG] LENGINE    leng_main. 521  [waiter], stat = 1
[2016/05/20 00:52:46 909][Px17e7][Tx77fe700][DBG] LENGINE    leng_rpc.c 413  luacRPCFuncProto_Invoke(f840e1c0,f83fc320) [in]
[2016/05/20 00:52:46 910][Px17e7][Tx6ffd700][TRC] LENGINE    leng_shell 374  lEngine_PostMessage() [out] 0
[2016/05/20 00:52:46 910][Px17e7][Tx77fe700][INF] LMOD       luac_logge 172  [network:380:redns  def  open.xf-yun.com  ]
[2016/05/20 00:52:46 911][Px17e7][Tx77fe700][TRC] MSPADNS    MSPAsyncDn 268  MSPAsyncDns_Start() [in]
[2016/05/20 00:52:46 911][Px17e7][Tx7fff700][DBG] MSPADNS    MSPAsyncDn 184  gethostbyname(open.xf-yun.com) start [id=106120]
[2016/05/20 00:52:46 912][Px17e7][Tx7fff700][ERR] MSPADNS    MSPAsyncDn 211  gethostbyname(open.xf-yun.com) failed: Temporary failure in name resolution [id=106120]
[2016/05/20 00:52:46 912][Px17e7][Tx7fff700][DBG] MSPTHREAD  MSPThreadP 733  POST l_engine_1:10:1:0
[2016/05/20 00:52:46 912][Px17e7][Tx6ffd700][TRC] LMOD       luac_logge 170  [transport:1198:[soc] disconnect   ]
[2016/05/20 00:52:46 913][Px17e7][Tx77fe700][INF] LMOD       luac_logge 172  [waiter:196:last gc at  1463730764  ]
[2016/05/20 00:52:46 913][Px17e7][Tx77fe700][DBG] LENGINE    leng_rpc.c 527  luacRPCFuncProto_Invoke() [out] ret = 0
[2016/05/20 00:52:46 914][Px17e7][Tx77fe700][DBG] LENGINE    leng_main. 513  ENGINE_MSG_RPC_ASYNC
[2016/05/20 00:52:46 914][Px17e7][Tx77fe700][DBG] LENGINE    leng_main. 521  [waiter], stat = 1
[2016/05/20 00:52:46 914][Px17e7][Tx77fe700][DBG] LENGINE    leng_rpc.c 413  luacRPCFuncProto_Invoke(e0001a20,f83fc320) [in]
[2016/05/20 00:52:46 914][Px17e7][Tx6ffd700][DBG] LENGINE    leng_rpc.c 527  luacRPCFuncProto_Invoke() [out] ret = 0
[2016/05/20 00:52:46 915][Px17e7][Tx77fe700][INF] LMOD       luac_logge 172  [network:173:dns resp  10214  ]
[2016/05/20 00:52:46 916][Px17e7][Tx77fe700][INF] LMOD       luac_logge 172  [network:397:redns dns resp  nil  10214  nil  nil  ]
[2016/05/20 00:52:46 916][Px17e7][Tx77fe700][DBG] LENGINE    leng_rpc.c 527  luacRPCFuncProto_Invoke() [out] ret = 0
[2016/05/20 00:52:47 114][Px17e7][Tx6ffd700][DBG] LENGINE    leng_rpc.c 413  luacRPCFuncProto_Invoke(f809b2b0,fc26dea0) [in]
[2016/05/20 00:52:47 115][Px17e7][Tx6ffd700][INF] LMOD       luac_logge 172  [transport:959:session.domain=  open.xf-yun.com  ]
[2016/05/20 00:52:47 116][Px17e7][Tx6ffd700][INF] LMOD       luac_logge 172  [transport:960:url.host=  open.xf-yun.com  ]
[2016/05/20 00:52:47 116][Px17e7][Tx6ffd700][INF] LLOADER    lloader.c  327  load dkjson
[2016/05/20 00:52:47 116][Px17e7][Tx6ffd700][INF] LLOADER    lloader.c  339  a intalled entry
[2016/05/20 00:52:47 117][Px17e7][Tx6ffd700][INF] LLOADER    lloader.c  365  from rom
[2016/05/20 00:52:47 117][Px17e7][Tx6ffd700][PRF] LLOADER    lloader.c  397  load dkjson cost 1 (ms)
[2016/05/20 00:52:47 118][Px17e7][Tx6ffd700][DBG] LMOD       luac_logge 178  [network:83:ipfromenv ,  ipcache  open.xf-yun.com  def  nil  ]
[2016/05/20 00:52:47 119][Px17e7][Tx6ffd700][TRC] LMOD       luac_logge 170  [transport:994:NAMESERVER START  ]
[2016/05/20 00:52:47 120][Px17e7][Tx6ffd700][INF] LMOD       luac_logge 172  [transport:997:name =   ath  ]
[2016/05/20 00:52:47 121][Px17e7][Tx6ffd700][INF] LMOD       luac_logge 172  [ns:727:ntt=  standard  ]
[2016/05/20 00:52:47 122][Px17e7][Tx6ffd700][INF] LMOD       luac_logge 172  [transport:1000:trans,ns_inprog =  0  ]
[2016/05/20 00:52:47 123][Px17e7][Tx6ffd700][TRC] LMOD       luac_logge 170  [ns:682:name server start  ]
[2016/05/20 00:52:47 123][Px17e7][Tx6ffd700][INF] LMOD       luac_logge 172  [ns:683:ns_sub =   ath  ]
[2016/05/20 00:52:47 124][Px17e7][Tx6ffd700][INF] LMOD       luac_logge 172  [ns:685:ns_host=  open.xf-yun.com  ]
[2016/05/20 00:52:47 125][Px17e7][Tx6ffd700][INF] LMOD       luac_logge 172  [ns:403:ns_host=  open.xf-yun.com  ]
[2016/05/20 00:52:47 125][Px17e7][Tx6ffd700][DBG] LMOD       luac_logge 178  [ns:662:GET /sip/resolver?srand=0520005211.32 HTTP/1.1
Host: hdns.openspeech.cn
Connection: Keep-Alive
X-Par: ver=1.2&appid=583467f7&operator=UNKNOW&nettype=STANDARD&cver=5.0.27.1135&svc=ath&host=open.xf-yun.com&sign=ab5642eee045664edaa7e929fd22b4cc
User-Agent: iFLYCloud

  ]
[2016/05/20 00:52:47 126][Px17e7][Tx6ffd700][INF] LMOD       luac_logge 172  [ns:663:net_type =  standard  ]
[2016/05/20 00:52:47 127][Px17e7][Tx6ffd700][INF] LMOD       luac_logge 172  [ns:664:cmwapascmnet =  ]
[2016/05/20 00:52:47 127][Px17e7][Tx6ffd700][INF] LMOD       luac_logge 172  [ns:665:uniwapasuninet =  ]
[2016/05/20 00:52:47 128][Px17e7][Tx6ffd700][INF] LMOD       luac_logge 172  [ns:666:ctwapasctnet =  ]
[2016/05/20 00:52:47 128][Px17e7][Tx6ffd700][INF] LMOD       luac_logge 172  [ns:676:host=  hdns.openspeech.cn  ]
[2016/05/20 00:52:47 129][Px17e7][Tx6ffd700][TRC] MSPADNS    MSPAsyncDn 268  MSPAsyncDns_Start() [in]
[2016/05/20 00:52:47 129][Px17e7][Tx7fff700][DBG] MSPADNS    MSPAsyncDn 184  gethostbyname(hdns.openspeech.cn) start [id=-130040808]
[2016/05/20 00:52:47 129][Px17e7][Tx7fff700][ERR] MSPADNS    MSPAsyncDn 211  gethostbyname(hdns.openspeech.cn) failed: Temporary failure in name resolution [id=-130040808]
[2016/05/20 00:52:47 130][Px17e7][Tx7fff700][DBG] MSPTHREAD  MSPThreadP 733  POST l_engine_2:10:1:1
[2016/05/20 00:52:47 130][Px17e7][Tx6ffd700][TRC] MSPADNS    MSPAsyncDn 268  MSPAsyncDns_Start() [in]
[2016/05/20 00:52:47 130][Px17e7][Tx7fff700][DBG] MSPADNS    MSPAsyncDn 184  gethostbyname(open.xf-yun.com) start [id=-130019288]
[2016/05/20 00:52:47 131][Px17e7][Tx7fff700][ERR] MSPADNS    MSPAsyncDn 211  gethostbyname(open.xf-yun.com) failed: Temporary failure in name resolution [id=-130019288]
[2016/05/20 00:52:47 131][Px17e7][Tx7fff700][DBG] MSPTHREAD  MSPThreadP 733  POST l_engine_2:10:2:0
[2016/05/20 00:52:47 131][Px17e7][Tx6ffd700][DBG] LENGINE    leng_rpc.c 527  luacRPCFuncProto_Invoke() [out] ret = 0
[2016/05/20 00:52:47 131][Px17e7][Tx6ffd700][DBG] LENGINE    leng_main. 513  ENGINE_MSG_RPC_ASYNC
[2016/05/20 00:52:47 132][Px17e7][Tx6ffd700][DBG] LENGINE    leng_main. 521  [isr_local], stat = 1
[2016/05/20 00:52:47 132][Px17e7][Tx6ffd700][DBG] LENGINE    leng_rpc.c 413  luacRPCFuncProto_Invoke(e0001a20,fc26dea0) [in]
[2016/05/20 00:52:47 133][Px17e7][Tx6ffd700][INF] LMOD       luac_logge 172  [ns:290:ns dns resp  10214  ]
[2016/05/20 00:52:47 133][Px17e7][Tx6ffd700][INF] LMOD       luac_logge 172  [ns:564:ns dns failed, err =   10214  ]
[2016/05/20 00:52:47 134][Px17e7][Tx6ffd700][INF] LMOD       luac_logge 172  [ns:174:ns gethttpresp  117.121.48.5  80  ]
[2016/05/20 00:52:47 134][Px17e7][Tx6ffd700][TRC] MSPSOCKET  MSPSocket. 269  MSPSocket_New(1, 1) [in]
[2016/05/20 00:52:47 134][Px17e7][Tx6ffd700][DBG] MSPSOCKET  MSPSocket. 326  socket(2,1,) ret=7, detail=101
[2016/05/20 00:52:47 134][Px17e7][Tx6ffd700][TRC] MSPSOCKET  MSPSocket. 411  MSPSocket_New() [out] f840e780 0
[2016/05/20 00:52:47 135][Px17e7][Tx6ffd700][TRC] MSPSOCKET  MSPSocket. 501  MSPSocket_Connect(f840e780) [in]
[2016/05/20 00:52:47 135][Px17e7][Tx6ffd700][DBG] MSPSOCKET  MSPSocket. 515  connect(7,117.121.48.5,) ret=-1, hd=f840e780
[2016/05/20 00:52:47 135][Px17e7][Tx6ffd700][ERR] MSPSOCKET  MSPSocket. 530  connect() failed! f840e780,7,-1,101
[2016/05/20 00:52:47 136][Px17e7][Tx6ffd700][DBG] MSPTHREAD  MSPThreadP 733  POST l_engine_2:10:2:0
[2016/05/20 00:52:47 136][Px17e7][Tx6ffd700][TRC] MSPSOCKET  MSPSocket. 565  MSPSocket_Connect() [out] 10202
[2016/05/20 00:52:47 136][Px17e7][Tx6ffd700][DBG] LENGINE    leng_rpc.c 527  luacRPCFuncProto_Invoke() [out] ret = 0
[2016/05/20 00:52:47 137][Px17e7][Tx6ffd700][DBG] LENGINE    leng_main. 513  ENGINE_MSG_RPC_ASYNC
[2016/05/20 00:52:47 137][Px17e7][Tx6ffd700][DBG] LENGINE    leng_main. 521  [isr_local], stat = 1
[2016/05/20 00:52:47 137][Px17e7][Tx6ffd700][DBG] LENGINE    leng_rpc.c 413  luacRPCFuncProto_Invoke(e0002d10,fc26dea0) [in]
[2016/05/20 00:52:47 138][Px17e7][Tx6ffd700][ERR] LMOD       luac_logge 166  [transport:295:[dns] [0] failed! 10214  ]
[2016/05/20 00:52:47 138][Px17e7][Tx6ffd700][INF] LLOADER    lloader.c  327  load dkjson
[2016/05/20 00:52:47 138][Px17e7][Tx6ffd700][INF] LLOADER    lloader.c  339  a intalled entry
[2016/05/20 00:52:47 139][Px17e7][Tx6ffd700][INF] LLOADER    lloader.c  365  from rom
[2016/05/20 00:52:47 139][Px17e7][Tx6ffd700][PRF] LLOADER    lloader.c  397  load dkjson cost 1 (ms)
[2016/05/20 00:52:47 140][Px17e7][Tx6ffd700][DBG] LMOD       luac_logge 178  [network:83:ipfromenv ,  ipcache  open.xf-yun.com  def  nil  ]
[2016/05/20 00:52:47 140][Px17e7][Tx6ffd700][INF] LLOADER    lloader.c  327  load dkjson
[2016/05/20 00:52:47 141][Px17e7][Tx6ffd700][INF] LLOADER    lloader.c  339  a intalled entry
[2016/05/20 00:52:47 141][Px17e7][Tx6ffd700][INF] LLOADER    lloader.c  365  from rom
[2016/05/20 00:52:47 141][Px17e7][Tx6ffd700][PRF] LLOADER    lloader.c  397  load dkjson cost 1 (ms)
[2016/05/20 00:52:47 142][Px17e7][Tx6ffd700][DBG] LMOD       luac_logge 178  [network:83:ipfromenv ,  ipcfg  open.xf-yun.com  def  nil  ]
[2016/05/20 00:52:47 142][Px17e7][Tx6ffd700][TRC] LMOD       luac_logge 170  [transport:1166:[soc] connect   116.213.69.195  80  ]
[2016/05/20 00:52:47 143][Px17e7][Tx6ffd700][TRC] MSPSOCKET  MSPSocket. 1593 MSPSocketTCPConnPool_Query(116.213.69.195, 80) [in]
[2016/05/20 00:52:47 143][Px17e7][Tx6ffd700][TRC] MSPSOCKET  MSPSocket. 1618 MSPSocketTCPConnPool_Query() [out] ret=0
[2016/05/20 00:52:47 144][Px17e7][Tx6ffd700][INF] LMOD       luac_logge 172  [transport:1183:mspsoc.open,prot_type=  tcp  ]
[2016/05/20 00:52:47 144][Px17e7][Tx6ffd700][TRC] MSPSOCKET  MSPSocket. 269  MSPSocket_New(1, 1) [in]
[2016/05/20 00:52:47 144][Px17e7][Tx6ffd700][DBG] MSPSOCKET  MSPSocket. 326  socket(2,1,) ret=8, detail=101
[2016/05/20 00:52:47 144][Px17e7][Tx6ffd700][TRC] MSPSOCKET  MSPSocket. 411  MSPSocket_New() [out] f84072f0 0
[2016/05/20 00:52:47 145][Px17e7][Tx6ffd700][TRC] MSPSOCKET  MSPSocket. 501  MSPSocket_Connect(f84072f0) [in]
[2016/05/20 00:52:47 145][Px17e7][Tx6ffd700][DBG] MSPSOCKET  MSPSocket. 515  connect(8,116.213.69.195,) ret=-1, hd=f84072f0
[2016/05/20 00:52:47 145][Px17e7][Tx6ffd700][ERR] MSPSOCKET  MSPSocket. 530  connect() failed! f84072f0,8,-1,101
[2016/05/20 00:52:47 145][Px17e7][Tx6ffd700][DBG] MSPTHREAD  MSPThreadP 733  POST l_engine_2:10:2:0
[2016/05/20 00:52:47 146][Px17e7][Tx6ffd700][TRC] MSPSOCKET  MSPSocket. 565  MSPSocket_Connect() [out] 10202
[2016/05/20 00:52:47 146][Px17e7][Tx6ffd700][DBG] LENGINE    leng_rpc.c 527  luacRPCFuncProto_Invoke() [out] ret = 0
[2016/05/20 00:52:47 146][Px17e7][Tx6ffd700][DBG] LENGINE    leng_main. 513  ENGINE_MSG_RPC_ASYNC
[2016/05/20 00:52:47 147][Px17e7][Tx6ffd700][DBG] LENGINE    leng_main. 521  [isr_local], stat = 1
[2016/05/20 00:52:47 147][Px17e7][Tx6ffd700][DBG] LENGINE    leng_rpc.c 413  luacRPCFuncProto_Invoke(f809b2b0,fc26dea0) [in]
[2016/05/20 00:52:47 148][Px17e7][Tx6ffd700][INF] LMOD       luac_logge 172  [ns:244:ns soc error  10202  ]
[2016/05/20 00:52:47 148][Px17e7][Tx6ffd700][TRC] MSPSOCKET  MSPSocket. 1014 MSPSocket_Close(f840e780) [in]
[2016/05/20 00:52:47 148][Px17e7][Tx6ffd700][DBG] MSPSOCKET  MSPSocket. 1034 close(7), f840e780
[2016/05/20 00:52:47 149][Px17e7][Tx6ffd700][TRC] MSPSOCKET  MSPSocket. 1068 MSPSocket_Close() [out] 0
[2016/05/20 00:52:47 149][Px17e7][Tx6ffd700][INF] LMOD       luac_logge 172  [ns:407:name server http resp  nil  10202  nil  ]
[2016/05/20 00:52:47 150][Px17e7][Tx6ffd700][INF] LMOD       luac_logge 172  [ns:551:ns response failed, err =  10202  ]
[2016/05/20 00:52:47 151][Px17e7][Tx6ffd700][INF] LMOD       luac_logge 172  [ns:111:ns_host=  open.xf-yun.com  ]
[2016/05/20 00:52:47 151][Px17e7][Tx6ffd700][INF] LMOD       luac_logge 172  [ns:113:use default ip  ]
[2016/05/20 00:52:47 152][Px17e7][Tx6ffd700][INF] LMOD       luac_logge 172  [transport:974:ns_ip =   116.213.69.195  ]
[2016/05/20 00:52:47 153][Px17e7][Tx6ffd700][INF] LMOD       luac_logge 172  [transport:975:ip_type =  def_athopen.xf-yun.com  ]
[2016/05/20 00:52:47 153][Px17e7][Tx6ffd700][INF] LMOD       luac_logge 172  [ns:756:no data in ns_q  ]
[2016/05/20 00:52:47 154][Px17e7][Tx6ffd700][INF] LMOD       luac_logge 172  [ns:757:conti_ns,ns_inprog =   1  ]
[2016/05/20 00:52:47 154][Px17e7][Tx6ffd700][DBG] LENGINE    leng_rpc.c 527  luacRPCFuncProto_Invoke() [out] ret = 0
[2016/05/20 00:52:47 155][Px17e7][Tx6ffd700][DBG] LENGINE    leng_main. 513  ENGINE_MSG_RPC_ASYNC
[2016/05/20 00:52:47 155][Px17e7][Tx6ffd700][DBG] LENGINE    leng_main. 521  [isr_local], stat = 1
[2016/05/20 00:52:47 155][Px17e7][Tx6ffd700][DBG] LENGINE    leng_rpc.c 413  luacRPCFuncProto_Invoke(f83fbbf0,fc26dea0) [in]
[2016/05/20 00:52:47 156][Px17e7][Tx6ffd700][ERR] LMOD       luac_logge 166  [transport:545:MSC:[soc] [0] error 10202 101!  ]
[2016/05/20 00:52:47 156][Px17e7][Tx6ffd700][TRC] MSPSOCKET  MSPSocket. 1014 MSPSocket_Close(f84072f0) [in]
[2016/05/20 00:52:47 156][Px17e7][Tx6ffd700][DBG] MSPSOCKET  MSPSocket. 1034 close(8), f84072f0
[2016/05/20 00:52:47 157][Px17e7][Tx6ffd700][TRC] MSPSOCKET  MSPSocket. 1068 MSPSocket_Close() [out] 0
[2016/05/20 00:52:47 157][Px17e7][Tx6ffd700][INF] LMOD       luac_logge 172  [transport:57:clear_ip ip_type =  def_athopen.xf-yun.com  ]
[2016/05/20 00:52:47 158][Px17e7][Tx6ffd700][WAR] LMOD       luac_logge 168  [transport:321:soc_conn_failed  ]
[2016/05/20 00:52:47 159][Px17e7][Tx6ffd700][DBG] LMOD       luac_logge 178  [network:88:iptoenv ,  ipcache  open.xf-yun.com  def  nil  ]
[2016/05/20 00:52:47 159][Px17e7][Tx6ffd700][INF] LLOADER    lloader.c  327  load dkjson
[2016/05/20 00:52:47 159][Px17e7][Tx6ffd700][INF] LLOADER    lloader.c  339  a intalled entry
[2016/05/20 00:52:47 160][Px17e7][Tx6ffd700][INF] LLOADER    lloader.c  365  from rom
[2016/05/20 00:52:47 160][Px17e7][Tx6ffd700][PRF] LLOADER    lloader.c  397  load dkjson cost 1 (ms)
[2016/05/20 00:52:47 161][Px17e7][Tx6ffd700][INF] LMOD       luac_logge 172  [transport:390:switch 80  ]
[2016/05/20 00:52:47 161][Px17e7][Tx6ffd700][TRC] LENGINE    leng_shell 109  lEngine_Start(f8095288,f8095288,0,) [in]
[2016/05/20 00:52:47 161][Px17e7][Tx6ffd700][TRC] LENGINE    leng_shell 351  lEngine_PostMessage(f83fc320,1,2,) [in]
[2016/05/20 00:52:47 162][Px17e7][Tx6ffd700][DBG] MSPTHREAD  MSPThreadP 733  POST l_engine_1:10:1:1
[2016/05/20 00:52:47 162][Px17e7][Tx77fe700][DBG] LENGINE    leng_main. 513  ENGINE_MSG_RPC_ASYNC
[2016/05/20 00:52:47 163][Px17e7][Tx77fe700][DBG] LENGINE    leng_main. 521  [waiter], stat = 1
[2016/05/20 00:52:47 163][Px17e7][Tx77fe700][DBG] LENGINE    leng_rpc.c 413  luacRPCFuncProto_Invoke(f8404f50,f83fc320) [in]
[2016/05/20 00:52:47 163][Px17e7][Tx6ffd700][TRC] LENGINE    leng_shell 374  lEngine_PostMessage() [out] 0
[2016/05/20 00:52:47 164][Px17e7][Tx77fe700][INF] LMOD       luac_logge 172  [network:380:redns  def  open.xf-yun.com  ]
[2016/05/20 00:52:47 164][Px17e7][Tx77fe700][TRC] MSPADNS    MSPAsyncDn 268  MSPAsyncDns_Start() [in]
[2016/05/20 00:52:47 165][Px17e7][Tx7fff700][DBG] MSPADNS    MSPAsyncDn 184  gethostbyname(open.xf-yun.com) start [id=107960]
[2016/05/20 00:52:47 166][Px17e7][Tx7fff700][ERR] MSPADNS    MSPAsyncDn 211  gethostbyname(open.xf-yun.com) failed: Temporary failure in name resolution [id=107960]
[2016/05/20 00:52:47 166][Px17e7][Tx7fff700][DBG] MSPTHREAD  MSPThreadP 733  POST l_engine_1:10:1:0
[2016/05/20 00:52:47 167][Px17e7][Tx77fe700][INF] LMOD       luac_logge 172  [waiter:196:last gc at  1463730764  ]
[2016/05/20 00:52:47 167][Px17e7][Tx77fe700][DBG] LENGINE    leng_rpc.c 527  luacRPCFuncProto_Invoke() [out] ret = 0
[2016/05/20 00:52:47 168][Px17e7][Tx77fe700][DBG] LENGINE    leng_main. 513  ENGINE_MSG_RPC_ASYNC
[2016/05/20 00:52:47 168][Px17e7][Tx77fe700][DBG] LENGINE    leng_main. 521  [waiter], stat = 1
[2016/05/20 00:52:47 169][Px17e7][Tx77fe700][DBG] LENGINE    leng_rpc.c 413  luacRPCFuncProto_Invoke(e0001a20,f83fc320) [in]
[2016/05/20 00:52:47 169][Px17e7][Tx6ffd700][TRC] LMOD       luac_logge 170  [transport:1198:[soc] disconnect   ]
[2016/05/20 00:52:47 170][Px17e7][Tx77fe700][INF] LMOD       luac_logge 172  [network:173:dns resp  10214  ]
[2016/05/20 00:52:47 170][Px17e7][Tx6ffd700][DBG] LENGINE    leng_rpc.c 527  luacRPCFuncProto_Invoke() [out] ret = 0
[2016/05/20 00:52:47 171][Px17e7][Tx77fe700][INF] LMOD       luac_logge 172  [network:397:redns dns resp  nil  10214  nil  nil  ]
[2016/05/20 00:52:47 171][Px17e7][Tx77fe700][DBG] LENGINE    leng_rpc.c 527  luacRPCFuncProto_Invoke() [out] ret = 0
[2016/05/20 00:52:47 371][Px17e7][Tx6ffd700][DBG] LENGINE    leng_rpc.c 413  luacRPCFuncProto_Invoke(f8407830,fc26dea0) [in]
[2016/05/20 00:52:47 372][Px17e7][Tx6ffd700][INF] LMOD       luac_logge 172  [transport:959:session.domain=  open.xf-yun.com  ]
[2016/05/20 00:52:47 373][Px17e7][Tx6ffd700][INF] LMOD       luac_logge 172  [transport:960:url.host=  open.xf-yun.com  ]
[2016/05/20 00:52:47 373][Px17e7][Tx6ffd700][INF] LLOADER    lloader.c  327  load dkjson
[2016/05/20 00:52:47 374][Px17e7][Tx6ffd700][INF] LLOADER    lloader.c  339  a intalled entry
[2016/05/20 00:52:47 374][Px17e7][Tx6ffd700][INF] LLOADER    lloader.c  365  from rom
[2016/05/20 00:52:47 375][Px17e7][Tx6ffd700][PRF] LLOADER    lloader.c  397  load dkjson cost 1 (ms)
[2016/05/20 00:52:47 376][Px17e7][Tx6ffd700][DBG] LMOD       luac_logge 178  [network:83:ipfromenv ,  ipcache  open.xf-yun.com  def  nil  ]
[2016/05/20 00:52:47 377][Px17e7][Tx6ffd700][TRC] LMOD       luac_logge 170  [transport:994:NAMESERVER START  ]
[2016/05/20 00:52:47 378][Px17e7][Tx6ffd700][INF] LMOD       luac_logge 172  [transport:997:name =   ath  ]
[2016/05/20 00:52:47 379][Px17e7][Tx6ffd700][INF] LMOD       luac_logge 172  [ns:727:ntt=  standard  ]
[2016/05/20 00:52:47 380][Px17e7][Tx6ffd700][INF] LMOD       luac_logge 172  [transport:1000:trans,ns_inprog =  0  ]
[2016/05/20 00:52:47 380][Px17e7][Tx6ffd700][TRC] LMOD       luac_logge 170  [ns:682:name server start  ]
[2016/05/20 00:52:47 381][Px17e7][Tx6ffd700][INF] LMOD       luac_logge 172  [ns:683:ns_sub =   ath  ]
[2016/05/20 00:52:47 382][Px17e7][Tx6ffd700][INF] LMOD       luac_logge 172  [ns:685:ns_host=  open.xf-yun.com  ]
[2016/05/20 00:52:47 383][Px17e7][Tx6ffd700][INF] LMOD       luac_logge 172  [ns:403:ns_host=  open.xf-yun.com  ]
[2016/05/20 00:52:47 384][Px17e7][Tx6ffd700][DBG] LMOD       luac_logge 178  [ns:662:GET /sip/resolver?srand=0520005211.32 HTTP/1.1
Host: hdns.openspeech.cn
Connection: Keep-Alive
X-Par: ver=1.2&appid=583467f7&operator=UNKNOW&nettype=STANDARD&cver=5.0.27.1135&svc=ath&host=open.xf-yun.com&sign=ab5642eee045664edaa7e929fd22b4cc
User-Agent: iFLYCloud

  ]
[2016/05/20 00:52:47 385][Px17e7][Tx6ffd700][INF] LMOD       luac_logge 172  [ns:663:net_type =  standard  ]
[2016/05/20 00:52:47 385][Px17e7][Tx6ffd700][INF] LMOD       luac_logge 172  [ns:664:cmwapascmnet =  ]
[2016/05/20 00:52:47 386][Px17e7][Tx6ffd700][INF] LMOD       luac_logge 172  [ns:665:uniwapasuninet =  ]
[2016/05/20 00:52:47 387][Px17e7][Tx6ffd700][INF] LMOD       luac_logge 172  [ns:666:ctwapasctnet =  ]
[2016/05/20 00:52:47 387][Px17e7][Tx6ffd700][INF] LMOD       luac_logge 172  [ns:676:host=  hdns.openspeech.cn  ]
[2016/05/20 00:52:47 387][Px17e7][Tx6ffd700][TRC] MSPADNS    MSPAsyncDn 268  MSPAsyncDns_Start() [in]
[2016/05/20 00:52:47 388][Px17e7][Tx7fff700][DBG] MSPADNS    MSPAsyncDn 184  gethostbyname(hdns.openspeech.cn) start [id=-130019288]
[2016/05/20 00:52:47 388][Px17e7][Tx7fff700][ERR] MSPADNS    MSPAsyncDn 211  gethostbyname(hdns.openspeech.cn) failed: Temporary failure in name resolution [id=-130019288]
[2016/05/20 00:52:47 389][Px17e7][Tx7fff700][DBG] MSPTHREAD  MSPThreadP 733  POST l_engine_2:10:1:1
[2016/05/20 00:52:47 389][Px17e7][Tx6ffd700][TRC] MSPADNS    MSPAsyncDn 268  MSPAsyncDns_Start() [in]
[2016/05/20 00:52:47 390][Px17e7][Tx7fff700][DBG] MSPADNS    MSPAsyncDn 184  gethostbyname(open.xf-yun.com) start [id=-133582120]
[2016/05/20 00:52:47 390][Px17e7][Tx7fff700][ERR] MSPADNS    MSPAsyncDn 211  gethostbyname(open.xf-yun.com) failed: Temporary failure in name resolution [id=-133582120]
[2016/05/20 00:52:47 390][Px17e7][Tx7fff700][DBG] MSPTHREAD  MSPThreadP 733  POST l_engine_2:10:2:0
[2016/05/20 00:52:47 390][Px17e7][Tx6ffd700][DBG] LENGINE    leng_rpc.c 527  luacRPCFuncProto_Invoke() [out] ret = 0
[2016/05/20 00:52:47 391][Px17e7][Tx6ffd700][DBG] LENGINE    leng_main. 513  ENGINE_MSG_RPC_ASYNC
[2016/05/20 00:52:47 391][Px17e7][Tx6ffd700][DBG] LENGINE    leng_main. 521  [isr_local], stat = 1
[2016/05/20 00:52:47 391][Px17e7][Tx6ffd700][DBG] LENGINE    leng_rpc.c 413  luacRPCFuncProto_Invoke(e0001a20,fc26dea0) [in]
[2016/05/20 00:52:47 392][Px17e7][Tx6ffd700][INF] LMOD       luac_logge 172  [ns:290:ns dns resp  10214  ]
[2016/05/20 00:52:47 392][Px17e7][Tx6ffd700][INF] LMOD       luac_logge 172  [ns:564:ns dns failed, err =   10214  ]
[2016/05/20 00:52:47 393][Px17e7][Tx6ffd700][INF] LMOD       luac_logge 172  [ns:174:ns gethttpresp  117.121.48.5  80  ]
[2016/05/20 00:52:47 393][Px17e7][Tx6ffd700][TRC] MSPSOCKET  MSPSocket. 269  MSPSocket_New(1, 1) [in]
[2016/05/20 00:52:47 393][Px17e7][Tx6ffd700][DBG] MSPSOCKET  MSPSocket. 326  socket(2,1,) ret=7, detail=101
[2016/05/20 00:52:47 394][Px17e7][Tx6ffd700][TRC] MSPSOCKET  MSPSocket. 411  MSPSocket_New() [out] f83f9720 0
[2016/05/20 00:52:47 394][Px17e7][Tx6ffd700][TRC] MSPSOCKET  MSPSocket. 501  MSPSocket_Connect(f83f9720) [in]
[2016/05/20 00:52:47 394][Px17e7][Tx6ffd700][DBG] MSPSOCKET  MSPSocket. 515  connect(7,117.121.48.5,) ret=-1, hd=f83f9720
[2016/05/20 00:52:47 395][Px17e7][Tx6ffd700][ERR] MSPSOCKET  MSPSocket. 530  connect() failed! f83f9720,7,-1,101
[2016/05/20 00:52:47 395][Px17e7][Tx6ffd700][DBG] MSPTHREAD  MSPThreadP 733  POST l_engine_2:10:2:0
[2016/05/20 00:52:47 395][Px17e7][Tx6ffd700][TRC] MSPSOCKET  MSPSocket. 565  MSPSocket_Connect() [out] 10202
[2016/05/20 00:52:47 395][Px17e7][Tx6ffd700][DBG] LENGINE    leng_rpc.c 527  luacRPCFuncProto_Invoke() [out] ret = 0
[2016/05/20 00:52:47 396][Px17e7][Tx6ffd700][DBG] LENGINE    leng_main. 513  ENGINE_MSG_RPC_ASYNC
[2016/05/20 00:52:47 396][Px17e7][Tx6ffd700][DBG] LENGINE    leng_main. 521  [isr_local], stat = 1
[2016/05/20 00:52:47 396][Px17e7][Tx6ffd700][DBG] LENGINE    leng_rpc.c 413  luacRPCFuncProto_Invoke(e0002d10,fc26dea0) [in]
[2016/05/20 00:52:47 397][Px17e7][Tx6ffd700][ERR] LMOD       luac_logge 166  [transport:295:[dns] [0] failed! 10214  ]
[2016/05/20 00:52:47 397][Px17e7][Tx6ffd700][INF] LLOADER    lloader.c  327  load dkjson
[2016/05/20 00:52:47 397][Px17e7][Tx6ffd700][INF] LLOADER    lloader.c  339  a intalled entry
[2016/05/20 00:52:47 398][Px17e7][Tx6ffd700][INF] LLOADER    lloader.c  365  from rom
[2016/05/20 00:52:47 398][Px17e7][Tx6ffd700][PRF] LLOADER    lloader.c  397  load dkjson cost 1 (ms)
[2016/05/20 00:52:47 399][Px17e7][Tx6ffd700][DBG] LMOD       luac_logge 178  [network:83:ipfromenv ,  ipcache  open.xf-yun.com  def  nil  ]
[2016/05/20 00:52:47 400][Px17e7][Tx6ffd700][INF] LLOADER    lloader.c  327  load dkjson
[2016/05/20 00:52:47 400][Px17e7][Tx6ffd700][INF] LLOADER    lloader.c  339  a intalled entry
[2016/05/20 00:52:47 400][Px17e7][Tx6ffd700][INF] LLOADER    lloader.c  365  from rom
[2016/05/20 00:52:47 400][Px17e7][Tx6ffd700][PRF] LLOADER    lloader.c  397  load dkjson cost 1 (ms)
[2016/05/20 00:52:47 401][Px17e7][Tx6ffd700][DBG] LMOD       luac_logge 178  [network:83:ipfromenv ,  ipcfg  open.xf-yun.com  def  nil  ]
[2016/05/20 00:52:47 402][Px17e7][Tx6ffd700][TRC] LMOD       luac_logge 170  [transport:1166:[soc] connect   116.213.69.195  80  ]
[2016/05/20 00:52:47 403][Px17e7][Tx6ffd700][TRC] MSPSOCKET  MSPSocket. 1593 MSPSocketTCPConnPool_Query(116.213.69.195, 80) [in]
[2016/05/20 00:52:47 403][Px17e7][Tx6ffd700][TRC] MSPSOCKET  MSPSocket. 1618 MSPSocketTCPConnPool_Query() [out] ret=0
[2016/05/20 00:52:47 404][Px17e7][Tx6ffd700][INF] LMOD       luac_logge 172  [transport:1183:mspsoc.open,prot_type=  tcp  ]
[2016/05/20 00:52:47 404][Px17e7][Tx6ffd700][TRC] MSPSOCKET  MSPSocket. 269  MSPSocket_New(1, 1) [in]
[2016/05/20 00:52:47 404][Px17e7][Tx6ffd700][DBG] MSPSOCKET  MSPSocket. 326  socket(2,1,) ret=8, detail=101
[2016/05/20 00:52:47 404][Px17e7][Tx6ffd700][TRC] MSPSOCKET  MSPSocket. 411  MSPSocket_New() [out] f840eb40 0
[2016/05/20 00:52:47 405][Px17e7][Tx6ffd700][TRC] MSPSOCKET  MSPSocket. 501  MSPSocket_Connect(f840eb40) [in]
[2016/05/20 00:52:47 405][Px17e7][Tx6ffd700][DBG] MSPSOCKET  MSPSocket. 515  connect(8,116.213.69.195,) ret=-1, hd=f840eb40
[2016/05/20 00:52:47 405][Px17e7][Tx6ffd700][ERR] MSPSOCKET  MSPSocket. 530  connect() failed! f840eb40,8,-1,101
[2016/05/20 00:52:47 406][Px17e7][Tx6ffd700][DBG] MSPTHREAD  MSPThreadP 733  POST l_engine_2:10:2:0
[2016/05/20 00:52:47 406][Px17e7][Tx6ffd700][TRC] MSPSOCKET  MSPSocket. 565  MSPSocket_Connect() [out] 10202
[2016/05/20 00:52:47 406][Px17e7][Tx6ffd700][DBG] LENGINE    leng_rpc.c 527  luacRPCFuncProto_Invoke() [out] ret = 0
[2016/05/20 00:52:47 407][Px17e7][Tx6ffd700][DBG] LENGINE    leng_main. 513  ENGINE_MSG_RPC_ASYNC
[2016/05/20 00:52:47 407][Px17e7][Tx6ffd700][DBG] LENGINE    leng_main. 521  [isr_local], stat = 1
[2016/05/20 00:52:47 407][Px17e7][Tx6ffd700][DBG] LENGINE    leng_rpc.c 413  luacRPCFuncProto_Invoke(f8407830,fc26dea0) [in]
[2016/05/20 00:52:47 408][Px17e7][Tx6ffd700][INF] LMOD       luac_logge 172  [ns:244:ns soc error  10202  ]
[2016/05/20 00:52:47 408][Px17e7][Tx6ffd700][TRC] MSPSOCKET  MSPSocket. 1014 MSPSocket_Close(f83f9720) [in]
[2016/05/20 00:52:47 409][Px17e7][Tx6ffd700][DBG] MSPSOCKET  MSPSocket. 1034 close(7), f83f9720
[2016/05/20 00:52:47 409][Px17e7][Tx6ffd700][TRC] MSPSOCKET  MSPSocket. 1068 MSPSocket_Close() [out] 0
[2016/05/20 00:52:47 410][Px17e7][Tx6ffd700][INF] LMOD       luac_logge 172  [ns:407:name server http resp  nil  10202  nil  ]
[2016/05/20 00:52:47 410][Px17e7][Tx6ffd700][INF] LMOD       luac_logge 172  [ns:551:ns response failed, err =  10202  ]
[2016/05/20 00:52:47 411][Px17e7][Tx6ffd700][INF] LMOD       luac_logge 172  [ns:111:ns_host=  open.xf-yun.com  ]
[2016/05/20 00:52:47 412][Px17e7][Tx6ffd700][INF] LMOD       luac_logge 172  [ns:113:use default ip  ]
[2016/05/20 00:52:47 412][Px17e7][Tx6ffd700][INF] LMOD       luac_logge 172  [transport:974:ns_ip =   116.213.69.195  ]
[2016/05/20 00:52:47 413][Px17e7][Tx6ffd700][INF] LMOD       luac_logge 172  [transport:975:ip_type =  def_athopen.xf-yun.com  ]
[2016/05/20 00:52:47 413][Px17e7][Tx6ffd700][INF] LMOD       luac_logge 172  [ns:756:no data in ns_q  ]
[2016/05/20 00:52:47 414][Px17e7][Tx6ffd700][INF] LMOD       luac_logge 172  [ns:757:conti_ns,ns_inprog =   1  ]
[2016/05/20 00:52:47 415][Px17e7][Tx6ffd700][DBG] LENGINE    leng_rpc.c 527  luacRPCFuncProto_Invoke() [out] ret = 0
[2016/05/20 00:52:47 415][Px17e7][Tx6ffd700][DBG] LENGINE    leng_main. 513  ENGINE_MSG_RPC_ASYNC
[2016/05/20 00:52:47 416][Px17e7][Tx6ffd700][DBG] LENGINE    leng_main. 521  [isr_local], stat = 1
[2016/05/20 00:52:47 416][Px17e7][Tx6ffd700][DBG] LENGINE    leng_rpc.c 413  luacRPCFuncProto_Invoke(f8401000,fc26dea0) [in]
[2016/05/20 00:52:47 417][Px17e7][Tx6ffd700][ERR] LMOD       luac_logge 166  [transport:545:MSC:[soc] [0] error 10202 101!  ]
[2016/05/20 00:52:47 417][Px17e7][Tx6ffd700][TRC] MSPSOCKET  MSPSocket. 1014 MSPSocket_Close(f840eb40) [in]
[2016/05/20 00:52:47 417][Px17e7][Tx6ffd700][DBG] MSPSOCKET  MSPSocket. 1034 close(8), f840eb40
[2016/05/20 00:52:47 418][Px17e7][Tx6ffd700][TRC] MSPSOCKET  MSPSocket. 1068 MSPSocket_Close() [out] 0
[2016/05/20 00:52:47 418][Px17e7][Tx6ffd700][INF] LMOD       luac_logge 172  [transport:57:clear_ip ip_type =  def_athopen.xf-yun.com  ]
[2016/05/20 00:52:47 419][Px17e7][Tx6ffd700][WAR] LMOD       luac_logge 168  [transport:321:soc_conn_failed  ]
[2016/05/20 00:52:47 420][Px17e7][Tx6ffd700][DBG] LMOD       luac_logge 178  [network:88:iptoenv ,  ipcache  open.xf-yun.com  def  nil  ]
[2016/05/20 00:52:47 420][Px17e7][Tx6ffd700][INF] LLOADER    lloader.c  327  load dkjson
[2016/05/20 00:52:47 421][Px17e7][Tx6ffd700][INF] LLOADER    lloader.c  339  a intalled entry
[2016/05/20 00:52:47 421][Px17e7][Tx6ffd700][INF] LLOADER    lloader.c  365  from rom
[2016/05/20 00:52:47 421][Px17e7][Tx6ffd700][PRF] LLOADER    lloader.c  397  load dkjson cost 2 (ms)
[2016/05/20 00:52:47 422][Px17e7][Tx6ffd700][INF] LMOD       luac_logge 172  [transport:390:switch 80  ]
[2016/05/20 00:52:47 423][Px17e7][Tx6ffd700][TRC] LENGINE    leng_shell 109  lEngine_Start(f8095288,f8095288,0,) [in]
[2016/05/20 00:52:47 423][Px17e7][Tx6ffd700][TRC] LENGINE    leng_shell 351  lEngine_PostMessage(f83fc320,1,2,) [in]
[2016/05/20 00:52:47 423][Px17e7][Tx6ffd700][DBG] MSPTHREAD  MSPThreadP 733  POST l_engine_1:10:1:1
[2016/05/20 00:52:47 424][Px17e7][Tx77fe700][DBG] LENGINE    leng_main. 513  ENGINE_MSG_RPC_ASYNC
[2016/05/20 00:52:47 424][Px17e7][Tx77fe700][DBG] LENGINE    leng_main. 521  [waiter], stat = 1
[2016/05/20 00:52:47 425][Px17e7][Tx77fe700][DBG] LENGINE    leng_rpc.c 413  luacRPCFuncProto_Invoke(f84076d0,f83fc320) [in]
[2016/05/20 00:52:47 425][Px17e7][Tx6ffd700][TRC] LENGINE    leng_shell 374  lEngine_PostMessage() [out] 0
[2016/05/20 00:52:47 426][Px17e7][Tx77fe700][INF] LMOD       luac_logge 172  [network:380:redns  def  open.xf-yun.com  ]
[2016/05/20 00:52:47 426][Px17e7][Tx77fe700][TRC] MSPADNS    MSPAsyncDn 268  MSPAsyncDns_Start() [in]
[2016/05/20 00:52:47 427][Px17e7][Tx7fff700][DBG] MSPADNS    MSPAsyncDn 184  gethostbyname(open.xf-yun.com) start [id=109656]
[2016/05/20 00:52:47 428][Px17e7][Tx7fff700][ERR] MSPADNS    MSPAsyncDn 211  gethostbyname(open.xf-yun.com) failed: Temporary failure in name resolution [id=109656]
[2016/05/20 00:52:47 428][Px17e7][Tx7fff700][DBG] MSPTHREAD  MSPThreadP 733  POST l_engine_1:10:1:0
[2016/05/20 00:52:47 429][Px17e7][Tx6ffd700][TRC] LMOD       luac_logge 170  [transport:1198:[soc] disconnect   ]
[2016/05/20 00:52:47 430][Px17e7][Tx77fe700][INF] LMOD       luac_logge 172  [waiter:196:last gc at  1463730764  ]
[2016/05/20 00:52:47 430][Px17e7][Tx77fe700][DBG] LENGINE    leng_rpc.c 527  luacRPCFuncProto_Invoke() [out] ret = 0
[2016/05/20 00:52:47 430][Px17e7][Tx77fe700][DBG] LENGINE    leng_main. 513  ENGINE_MSG_RPC_ASYNC
[2016/05/20 00:52:47 431][Px17e7][Tx77fe700][DBG] LENGINE    leng_main. 521  [waiter], stat = 1
[2016/05/20 00:52:47 431][Px17e7][Tx77fe700][DBG] LENGINE    leng_rpc.c 413  luacRPCFuncProto_Invoke(e0001a20,f83fc320) [in]
[2016/05/20 00:52:47 431][Px17e7][Tx6ffd700][DBG] LENGINE    leng_rpc.c 527  luacRPCFuncProto_Invoke() [out] ret = 0
[2016/05/20 00:52:47 432][Px17e7][Tx77fe700][INF] LMOD       luac_logge 172  [network:173:dns resp  10214  ]
[2016/05/20 00:52:47 433][Px17e7][Tx77fe700][INF] LMOD       luac_logge 172  [network:397:redns dns resp  nil  10214  nil  nil  ]
[2016/05/20 00:52:47 433][Px17e7][Tx77fe700][DBG] LENGINE    leng_rpc.c 527  luacRPCFuncProto_Invoke() [out] ret = 0
[2016/05/20 00:52:47 631][Px17e7][Tx6ffd700][DBG] LENGINE    leng_rpc.c 413  luacRPCFuncProto_Invoke(f84076d0,fc26dea0) [in]
[2016/05/20 00:52:47 632][Px17e7][Tx6ffd700][INF] LMOD       luac_logge 172  [transport:959:session.domain=  open.xf-yun.com  ]
[2016/05/20 00:52:47 634][Px17e7][Tx6ffd700][INF] LMOD       luac_logge 172  [transport:960:url.host=  open.xf-yun.com  ]
[2016/05/20 00:52:47 634][Px17e7][Tx6ffd700][INF] LLOADER    lloader.c  327  load dkjson
[2016/05/20 00:52:47 634][Px17e7][Tx6ffd700][INF] LLOADER    lloader.c  339  a intalled entry
[2016/05/20 00:52:47 635][Px17e7][Tx6ffd700][INF] LLOADER    lloader.c  365  from rom
[2016/05/20 00:52:47 635][Px17e7][Tx6ffd700][PRF] LLOADER    lloader.c  397  load dkjson cost 1 (ms)
[2016/05/20 00:52:47 637][Px17e7][Tx6ffd700][DBG] LMOD       luac_logge 178  [network:83:ipfromenv ,  ipcache  open.xf-yun.com  def  nil  ]
[2016/05/20 00:52:47 638][Px17e7][Tx6ffd700][TRC] LMOD       luac_logge 170  [transport:994:NAMESERVER START  ]
[2016/05/20 00:52:47 638][Px17e7][Tx6ffd700][INF] LMOD       luac_logge 172  [transport:997:name =   ath  ]
[2016/05/20 00:52:47 639][Px17e7][Tx6ffd700][INF] LMOD       luac_logge 172  [ns:727:ntt=  standard  ]
[2016/05/20 00:52:47 640][Px17e7][Tx6ffd700][INF] LMOD       luac_logge 172  [transport:1000:trans,ns_inprog =  0  ]
[2016/05/20 00:52:47 640][Px17e7][Tx6ffd700][TRC] LMOD       luac_logge 170  [ns:682:name server start  ]
[2016/05/20 00:52:47 641][Px17e7][Tx6ffd700][INF] LMOD       luac_logge 172  [ns:683:ns_sub =   ath  ]
[2016/05/20 00:52:47 642][Px17e7][Tx6ffd700][INF] LMOD       luac_logge 172  [ns:685:ns_host=  open.xf-yun.com  ]
[2016/05/20 00:52:47 642][Px17e7][Tx6ffd700][INF] LMOD       luac_logge 172  [ns:403:ns_host=  open.xf-yun.com  ]
[2016/05/20 00:52:47 643][Px17e7][Tx6ffd700][DBG] LMOD       luac_logge 178  [ns:662:GET /sip/resolver?srand=0520005211.32 HTTP/1.1
Host: hdns.openspeech.cn
Connection: Keep-Alive
X-Par: ver=1.2&appid=583467f7&operator=UNKNOW&nettype=STANDARD&cver=5.0.27.1135&svc=ath&host=open.xf-yun.com&sign=ab5642eee045664edaa7e929fd22b4cc
User-Agent: iFLYCloud

  ]
[2016/05/20 00:52:47 644][Px17e7][Tx6ffd700][INF] LMOD       luac_logge 172  [ns:663:net_type =  standard  ]
[2016/05/20 00:52:47 645][Px17e7][Tx6ffd700][INF] LMOD       luac_logge 172  [ns:664:cmwapascmnet =  ]
[2016/05/20 00:52:47 645][Px17e7][Tx6ffd700][INF] LMOD       luac_logge 172  [ns:665:uniwapasuninet =  ]
[2016/05/20 00:52:47 646][Px17e7][Tx6ffd700][INF] LMOD       luac_logge 172  [ns:666:ctwapasctnet =  ]
[2016/05/20 00:52:47 646][Px17e7][Tx6ffd700][INF] LMOD       luac_logge 172  [ns:676:host=  hdns.openspeech.cn  ]
[2016/05/20 00:52:47 647][Px17e7][Tx6ffd700][TRC] MSPADNS    MSPAsyncDn 268  MSPAsyncDns_Start() [in]
[2016/05/20 00:52:47 647][Px17e7][Tx7fff700][DBG] MSPADNS    MSPAsyncDn 184  gethostbyname(hdns.openspeech.cn) start [id=-129992616]
[2016/05/20 00:52:47 647][Px17e7][Tx7fff700][ERR] MSPADNS    MSPAsyncDn 211  gethostbyname(hdns.openspeech.cn) failed: Temporary failure in name resolution [id=-129992616]
[2016/05/20 00:52:47 648][Px17e7][Tx7fff700][DBG] MSPTHREAD  MSPThreadP 733  POST l_engine_2:10:1:1
[2016/05/20 00:52:47 648][Px17e7][Tx6ffd700][TRC] MSPADNS    MSPAsyncDn 268  MSPAsyncDns_Start() [in]
[2016/05/20 00:52:47 648][Px17e7][Tx7fff700][DBG] MSPADNS    MSPAsyncDn 184  gethostbyname(open.xf-yun.com) start [id=-133582120]
[2016/05/20 00:52:47 649][Px17e7][Tx7fff700][ERR] MSPADNS    MSPAsyncDn 211  gethostbyname(open.xf-yun.com) failed: Temporary failure in name resolution [id=-133582120]
[2016/05/20 00:52:47 649][Px17e7][Tx7fff700][DBG] MSPTHREAD  MSPThreadP 733  POST l_engine_2:10:2:0
[2016/05/20 00:52:47 649][Px17e7][Tx6ffd700][DBG] LENGINE    leng_rpc.c 527  luacRPCFuncProto_Invoke() [out] ret = 0
[2016/05/20 00:52:47 649][Px17e7][Tx6ffd700][DBG] LENGINE    leng_main. 513  ENGINE_MSG_RPC_ASYNC
[2016/05/20 00:52:47 650][Px17e7][Tx6ffd700][DBG] LENGINE    leng_main. 521  [isr_local], stat = 1
[2016/05/20 00:52:47 650][Px17e7][Tx6ffd700][DBG] LENGINE    leng_rpc.c 413  luacRPCFuncProto_Invoke(e0001a20,fc26dea0) [in]
[2016/05/20 00:52:47 651][Px17e7][Tx6ffd700][INF] LMOD       luac_logge 172  [ns:290:ns dns resp  10214  ]
[2016/05/20 00:52:47 651][Px17e7][Tx6ffd700][INF] LMOD       luac_logge 172  [ns:564:ns dns failed, err =   10214  ]
[2016/05/20 00:52:47 652][Px17e7][Tx6ffd700][INF] LMOD       luac_logge 172  [ns:174:ns gethttpresp  117.121.48.5  80  ]
[2016/05/20 00:52:47 652][Px17e7][Tx6ffd700][TRC] MSPSOCKET  MSPSocket. 269  MSPSocket_New(1, 1) [in]
[2016/05/20 00:52:47 652][Px17e7][Tx6ffd700][DBG] MSPSOCKET  MSPSocket. 326  socket(2,1,) ret=7, detail=101
[2016/05/20 00:52:47 652][Px17e7][Tx6ffd700][TRC] MSPSOCKET  MSPSocket. 411  MSPSocket_New() [out] f840e9a0 0
[2016/05/20 00:52:47 653][Px17e7][Tx6ffd700][TRC] MSPSOCKET  MSPSocket. 501  MSPSocket_Connect(f840e9a0) [in]
[2016/05/20 00:52:47 653][Px17e7][Tx6ffd700][DBG] MSPSOCKET  MSPSocket. 515  connect(7,117.121.48.5,) ret=-1, hd=f840e9a0
[2016/05/20 00:52:47 654][Px17e7][Tx6ffd700][ERR] MSPSOCKET  MSPSocket. 530  connect() failed! f840e9a0,7,-1,101
[2016/05/20 00:52:47 654][Px17e7][Tx6ffd700][DBG] MSPTHREAD  MSPThreadP 733  POST l_engine_2:10:2:0
[2016/05/20 00:52:47 654][Px17e7][Tx6ffd700][TRC] MSPSOCKET  MSPSocket. 565  MSPSocket_Connect() [out] 10202
[2016/05/20 00:52:47 655][Px17e7][Tx6ffd700][DBG] LENGINE    leng_rpc.c 527  luacRPCFuncProto_Invoke() [out] ret = 0
[2016/05/20 00:52:47 655][Px17e7][Tx6ffd700][DBG] LENGINE    leng_main. 513  ENGINE_MSG_RPC_ASYNC
[2016/05/20 00:52:47 655][Px17e7][Tx6ffd700][DBG] LENGINE    leng_main. 521  [isr_local], stat = 1
[2016/05/20 00:52:47 656][Px17e7][Tx6ffd700][DBG] LENGINE    leng_rpc.c 413  luacRPCFuncProto_Invoke(e0002d10,fc26dea0) [in]
[2016/05/20 00:52:47 656][Px17e7][Tx6ffd700][ERR] LMOD       luac_logge 166  [transport:295:[dns] [0] failed! 10214  ]
[2016/05/20 00:52:47 657][Px17e7][Tx6ffd700][INF] LLOADER    lloader.c  327  load dkjson
[2016/05/20 00:52:47 658][Px17e7][Tx6ffd700][INF] LLOADER    lloader.c  339  a intalled entry
[2016/05/20 00:52:47 658][Px17e7][Tx6ffd700][INF] LLOADER    lloader.c  365  from rom
[2016/05/20 00:52:47 658][Px17e7][Tx6ffd700][PRF] LLOADER    lloader.c  397  load dkjson cost 1 (ms)
[2016/05/20 00:52:47 659][Px17e7][Tx6ffd700][DBG] LMOD       luac_logge 178  [network:83:ipfromenv ,  ipcache  open.xf-yun.com  def  nil  ]
[2016/05/20 00:52:47 659][Px17e7][Tx6ffd700][INF] LLOADER    lloader.c  327  load dkjson
[2016/05/20 00:52:47 660][Px17e7][Tx6ffd700][INF] LLOADER    lloader.c  339  a intalled entry
[2016/05/20 00:52:47 660][Px17e7][Tx6ffd700][INF] LLOADER    lloader.c  365  from rom
[2016/05/20 00:52:47 660][Px17e7][Tx6ffd700][PRF] LLOADER    lloader.c  397  load dkjson cost 1 (ms)
[2016/05/20 00:52:47 661][Px17e7][Tx6ffd700][DBG] LMOD       luac_logge 178  [network:83:ipfromenv ,  ipcfg  open.xf-yun.com  def  nil  ]
[2016/05/20 00:52:47 662][Px17e7][Tx6ffd700][TRC] LMOD       luac_logge 170  [transport:1166:[soc] connect   116.213.69.195  80  ]
[2016/05/20 00:52:47 663][Px17e7][Tx6ffd700][TRC] MSPSOCKET  MSPSocket. 1593 MSPSocketTCPConnPool_Query(116.213.69.195, 80) [in]
[2016/05/20 00:52:47 663][Px17e7][Tx6ffd700][TRC] MSPSOCKET  MSPSocket. 1618 MSPSocketTCPConnPool_Query() [out] ret=0
[2016/05/20 00:52:47 663][Px17e7][Tx6ffd700][INF] LMOD       luac_logge 172  [transport:1183:mspsoc.open,prot_type=  tcp  ]
[2016/05/20 00:52:47 664][Px17e7][Tx6ffd700][TRC] MSPSOCKET  MSPSocket. 269  MSPSocket_New(1, 1) [in]
[2016/05/20 00:52:47 664][Px17e7][Tx6ffd700][DBG] MSPSOCKET  MSPSocket. 326  socket(2,1,) ret=8, detail=101
[2016/05/20 00:52:47 664][Px17e7][Tx6ffd700][TRC] MSPSOCKET  MSPSocket. 411  MSPSocket_New() [out] f8400570 0
[2016/05/20 00:52:47 665][Px17e7][Tx6ffd700][TRC] MSPSOCKET  MSPSocket. 501  MSPSocket_Connect(f8400570) [in]
[2016/05/20 00:52:47 665][Px17e7][Tx6ffd700][DBG] MSPSOCKET  MSPSocket. 515  connect(8,116.213.69.195,) ret=-1, hd=f8400570
[2016/05/20 00:52:47 666][Px17e7][Tx6ffd700][ERR] MSPSOCKET  MSPSocket. 530  connect() failed! f8400570,8,-1,101
[2016/05/20 00:52:47 666][Px17e7][Tx6ffd700][DBG] MSPTHREAD  MSPThreadP 733  POST l_engine_2:10:2:0
[2016/05/20 00:52:47 666][Px17e7][Tx6ffd700][TRC] MSPSOCKET  MSPSocket. 565  MSPSocket_Connect() [out] 10202
[2016/05/20 00:52:47 667][Px17e7][Tx6ffd700][DBG] LENGINE    leng_rpc.c 527  luacRPCFuncProto_Invoke() [out] ret = 0
[2016/05/20 00:52:47 667][Px17e7][Tx6ffd700][DBG] LENGINE    leng_main. 513  ENGINE_MSG_RPC_ASYNC
[2016/05/20 00:52:47 667][Px17e7][Tx6ffd700][DBG] LENGINE    leng_main. 521  [isr_local], stat = 1
[2016/05/20 00:52:47 667][Px17e7][Tx6ffd700][DBG] LENGINE    leng_rpc.c 413  luacRPCFuncProto_Invoke(f84076d0,fc26dea0) [in]
[2016/05/20 00:52:47 668][Px17e7][Tx6ffd700][INF] LMOD       luac_logge 172  [ns:244:ns soc error  10202  ]
[2016/05/20 00:52:47 668][Px17e7][Tx6ffd700][TRC] MSPSOCKET  MSPSocket. 1014 MSPSocket_Close(f840e9a0) [in]
[2016/05/20 00:52:47 669][Px17e7][Tx6ffd700][DBG] MSPSOCKET  MSPSocket. 1034 close(7), f840e9a0
[2016/05/20 00:52:47 669][Px17e7][Tx6ffd700][TRC] MSPSOCKET  MSPSocket. 1068 MSPSocket_Close() [out] 0
[2016/05/20 00:52:47 670][Px17e7][Tx6ffd700][INF] LMOD       luac_logge 172  [ns:407:name server http resp  nil  10202  nil  ]
[2016/05/20 00:52:47 670][Px17e7][Tx6ffd700][INF] LMOD       luac_logge 172  [ns:551:ns response failed, err =  10202  ]
[2016/05/20 00:52:47 671][Px17e7][Tx6ffd700][INF] LMOD       luac_logge 172  [ns:111:ns_host=  open.xf-yun.com  ]
[2016/05/20 00:52:47 672][Px17e7][Tx6ffd700][INF] LMOD       luac_logge 172  [ns:113:use default ip  ]
[2016/05/20 00:52:47 672][Px17e7][Tx6ffd700][INF] LMOD       luac_logge 172  [transport:974:ns_ip =   116.213.69.195  ]
[2016/05/20 00:52:47 673][Px17e7][Tx6ffd700][INF] LMOD       luac_logge 172  [transport:975:ip_type =  def_athopen.xf-yun.com  ]
[2016/05/20 00:52:47 673][Px17e7][Tx6ffd700][INF] LMOD       luac_logge 172  [ns:756:no data in ns_q  ]
[2016/05/20 00:52:47 674][Px17e7][Tx6ffd700][INF] LMOD       luac_logge 172  [ns:757:conti_ns,ns_inprog =   1  ]
[2016/05/20 00:52:47 674][Px17e7][Tx6ffd700][DBG] LENGINE    leng_rpc.c 527  luacRPCFuncProto_Invoke() [out] ret = 0
[2016/05/20 00:52:47 675][Px17e7][Tx6ffd700][DBG] LENGINE    leng_main. 513  ENGINE_MSG_RPC_ASYNC
[2016/05/20 00:52:47 675][Px17e7][Tx6ffd700][DBG] LENGINE    leng_main. 521  [isr_local], stat = 1
[2016/05/20 00:52:47 675][Px17e7][Tx6ffd700][DBG] LENGINE    leng_rpc.c 413  luacRPCFuncProto_Invoke(f8407830,fc26dea0) [in]
[2016/05/20 00:52:47 676][Px17e7][Tx6ffd700][ERR] LMOD       luac_logge 166  [transport:545:MSC:[soc] [0] error 10202 101!  ]
[2016/05/20 00:52:47 676][Px17e7][Tx6ffd700][TRC] MSPSOCKET  MSPSocket. 1014 MSPSocket_Close(f8400570) [in]
[2016/05/20 00:52:47 677][Px17e7][Tx6ffd700][DBG] MSPSOCKET  MSPSocket. 1034 close(8), f8400570
[2016/05/20 00:52:47 677][Px17e7][Tx6ffd700][TRC] MSPSOCKET  MSPSocket. 1068 MSPSocket_Close() [out] 0
[2016/05/20 00:52:47 678][Px17e7][Tx6ffd700][INF] LMOD       luac_logge 172  [transport:57:clear_ip ip_type =  def_athopen.xf-yun.com  ]
[2016/05/20 00:52:47 678][Px17e7][Tx6ffd700][WAR] LMOD       luac_logge 168  [transport:321:soc_conn_failed  ]
[2016/05/20 00:52:47 679][Px17e7][Tx6ffd700][DBG] LMOD       luac_logge 178  [network:88:iptoenv ,  ipcache  open.xf-yun.com  def  nil  ]
[2016/05/20 00:52:47 679][Px17e7][Tx6ffd700][INF] LLOADER    lloader.c  327  load dkjson
[2016/05/20 00:52:47 680][Px17e7][Tx6ffd700][INF] LLOADER    lloader.c  339  a intalled entry
[2016/05/20 00:52:47 680][Px17e7][Tx6ffd700][INF] LLOADER    lloader.c  365  from rom
[2016/05/20 00:52:47 680][Px17e7][Tx6ffd700][PRF] LLOADER    lloader.c  397  load dkjson cost 1 (ms)
[2016/05/20 00:52:47 681][Px17e7][Tx6ffd700][INF] LMOD       luac_logge 172  [transport:390:switch 80  ]
[2016/05/20 00:52:47 681][Px17e7][Tx6ffd700][TRC] LENGINE    leng_shell 109  lEngine_Start(f8095288,f8095288,0,) [in]
[2016/05/20 00:52:47 682][Px17e7][Tx6ffd700][TRC] LENGINE    leng_shell 351  lEngine_PostMessage(f83fc320,1,2,) [in]
[2016/05/20 00:52:47 682][Px17e7][Tx6ffd700][DBG] MSPTHREAD  MSPThreadP 733  POST l_engine_1:10:1:1
[2016/05/20 00:52:47 683][Px17e7][Tx77fe700][DBG] LENGINE    leng_main. 513  ENGINE_MSG_RPC_ASYNC
[2016/05/20 00:52:47 683][Px17e7][Tx77fe700][DBG] LENGINE    leng_main. 521  [waiter], stat = 1
[2016/05/20 00:52:47 683][Px17e7][Tx77fe700][DBG] LENGINE    leng_rpc.c 413  luacRPCFuncProto_Invoke(f840e220,f83fc320) [in]
[2016/05/20 00:52:47 684][Px17e7][Tx6ffd700][TRC] LENGINE    leng_shell 374  lEngine_PostMessage() [out] 0
[2016/05/20 00:52:47 684][Px17e7][Tx77fe700][INF] LMOD       luac_logge 172  [network:380:redns  def  open.xf-yun.com  ]
[2016/05/20 00:52:47 685][Px17e7][Tx77fe700][TRC] MSPADNS    MSPAsyncDn 268  MSPAsyncDns_Start() [in]
[2016/05/20 00:52:47 685][Px17e7][Tx7fff700][DBG] MSPADNS    MSPAsyncDn 184  gethostbyname(open.xf-yun.com) start [id=1287384]
[2016/05/20 00:52:47 686][Px17e7][Tx7fff700][ERR] MSPADNS    MSPAsyncDn 211  gethostbyname(open.xf-yun.com) failed: Temporary failure in name resolution [id=1287384]
[2016/05/20 00:52:47 687][Px17e7][Tx7fff700][DBG] MSPTHREAD  MSPThreadP 733  POST l_engine_1:10:1:0
[2016/05/20 00:52:47 687][Px17e7][Tx6ffd700][TRC] LMOD       luac_logge 170  [transport:1198:[soc] disconnect   ]
[2016/05/20 00:52:47 687][Px17e7][Tx77fe700][INF] LMOD       luac_logge 172  [waiter:196:last gc at  1463730764  ]
[2016/05/20 00:52:47 688][Px17e7][Tx77fe700][DBG] LENGINE    leng_rpc.c 527  luacRPCFuncProto_Invoke() [out] ret = 0
[2016/05/20 00:52:47 688][Px17e7][Tx77fe700][DBG] LENGINE    leng_main. 513  ENGINE_MSG_RPC_ASYNC
[2016/05/20 00:52:47 688][Px17e7][Tx77fe700][DBG] LENGINE    leng_main. 521  [waiter], stat = 1
[2016/05/20 00:52:47 689][Px17e7][Tx77fe700][DBG] LENGINE    leng_rpc.c 413  luacRPCFuncProto_Invoke(e0001a20,f83fc320) [in]
[2016/05/20 00:52:47 689][Px17e7][Tx6ffd700][DBG] LENGINE    leng_rpc.c 527  luacRPCFuncProto_Invoke() [out] ret = 0
[2016/05/20 00:52:47 690][Px17e7][Tx77fe700][INF] LMOD       luac_logge 172  [network:173:dns resp  10214  ]
[2016/05/20 00:52:47 692][Px17e7][Tx77fe700][INF] LMOD       luac_logge 172  [network:397:redns dns resp  nil  10214  nil  nil  ]
[2016/05/20 00:52:47 692][Px17e7][Tx77fe700][DBG] LENGINE    leng_rpc.c 527  luacRPCFuncProto_Invoke() [out] ret = 0
[2016/05/20 00:52:47 888][Px17e7][Tx6ffd700][DBG] LENGINE    leng_rpc.c 413  luacRPCFuncProto_Invoke(f840e220,fc26dea0) [in]
[2016/05/20 00:52:47 890][Px17e7][Tx6ffd700][INF] LMOD       luac_logge 172  [transport:959:session.domain=  open.xf-yun.com  ]
[2016/05/20 00:52:47 891][Px17e7][Tx6ffd700][INF] LMOD       luac_logge 172  [transport:960:url.host=  open.xf-yun.com  ]
[2016/05/20 00:52:47 892][Px17e7][Tx6ffd700][INF] LLOADER    lloader.c  327  load dkjson
[2016/05/20 00:52:47 893][Px17e7][Tx6ffd700][INF] LLOADER    lloader.c  339  a intalled entry
[2016/05/20 00:52:47 894][Px17e7][Tx6ffd700][INF] LLOADER    lloader.c  365  from rom
[2016/05/20 00:52:47 895][Px17e7][Tx6ffd700][PRF] LLOADER    lloader.c  397  load dkjson cost 3 (ms)
[2016/05/20 00:52:47 899][Px17e7][Tx6ffd700][DBG] LMOD       luac_logge 178  [network:83:ipfromenv ,  ipcache  open.xf-yun.com  def  nil  ]
[2016/05/20 00:52:47 901][Px17e7][Tx6ffd700][TRC] LMOD       luac_logge 170  [transport:994:NAMESERVER START  ]
[2016/05/20 00:52:47 905][Px17e7][Tx6ffd700][INF] LMOD       luac_logge 172  [transport:997:name =   ath  ]
[2016/05/20 00:52:47 906][Px17e7][Tx6ffd700][INF] LMOD       luac_logge 172  [ns:727:ntt=  standard  ]
[2016/05/20 00:52:47 907][Px17e7][Tx6ffd700][INF] LMOD       luac_logge 172  [transport:1000:trans,ns_inprog =  0  ]
[2016/05/20 00:52:47 908][Px17e7][Tx6ffd700][TRC] LMOD       luac_logge 170  [ns:682:name server start  ]
[2016/05/20 00:52:47 909][Px17e7][Tx6ffd700][INF] LMOD       luac_logge 172  [ns:683:ns_sub =   ath  ]
[2016/05/20 00:52:47 910][Px17e7][Tx6ffd700][INF] LMOD       luac_logge 172  [ns:685:ns_host=  open.xf-yun.com  ]
[2016/05/20 00:52:47 911][Px17e7][Tx6ffd700][INF] LMOD       luac_logge 172  [ns:403:ns_host=  open.xf-yun.com  ]
[2016/05/20 00:52:47 913][Px17e7][Tx6ffd700][DBG] LMOD       luac_logge 178  [ns:662:GET /sip/resolver?srand=0520005211.32 HTTP/1.1
Host: hdns.openspeech.cn
Connection: Keep-Alive
X-Par: ver=1.2&appid=583467f7&operator=UNKNOW&nettype=STANDARD&cver=5.0.27.1135&svc=ath&host=open.xf-yun.com&sign=ab5642eee045664edaa7e929fd22b4cc
User-Agent: iFLYCloud

  ]
[2016/05/20 00:52:47 914][Px17e7][Tx6ffd700][INF] LMOD       luac_logge 172  [ns:663:net_type =  standard  ]
[2016/05/20 00:52:47 915][Px17e7][Tx6ffd700][INF] LMOD       luac_logge 172  [ns:664:cmwapascmnet =  ]
[2016/05/20 00:52:47 916][Px17e7][Tx6ffd700][INF] LMOD       luac_logge 172  [ns:665:uniwapasuninet =  ]
[2016/05/20 00:52:47 917][Px17e7][Tx6ffd700][INF] LMOD       luac_logge 172  [ns:666:ctwapasctnet =  ]
[2016/05/20 00:52:47 918][Px17e7][Tx6ffd700][INF] LMOD       luac_logge 172  [ns:676:host=  hdns.openspeech.cn  ]
[2016/05/20 00:52:47 919][Px17e7][Tx6ffd700][TRC] MSPADNS    MSPAsyncDn 268  MSPAsyncDns_Start() [in]
[2016/05/20 00:52:47 920][Px17e7][Tx7fff700][DBG] MSPADNS    MSPAsyncDn 184  gethostbyname(hdns.openspeech.cn) start [id=-129992968]
[2016/05/20 00:52:47 921][Px17e7][Tx7fff700][ERR] MSPADNS    MSPAsyncDn 211  gethostbyname(hdns.openspeech.cn) failed: Temporary failure in name resolution [id=-129992968]
[2016/05/20 00:52:47 922][Px17e7][Tx7fff700][DBG] MSPTHREAD  MSPThreadP 733  POST l_engine_2:10:1:1
[2016/05/20 00:52:47 923][Px17e7][Tx6ffd700][TRC] MSPADNS    MSPAsyncDn 268  MSPAsyncDns_Start() [in]
[2016/05/20 00:52:47 923][Px17e7][Tx7fff700][DBG] MSPADNS    MSPAsyncDn 184  gethostbyname(open.xf-yun.com) start [id=-133582120]
[2016/05/20 00:52:47 924][Px17e7][Tx7fff700][ERR] MSPADNS    MSPAsyncDn 211  gethostbyname(open.xf-yun.com) failed: Temporary failure in name resolution [id=-133582120]
[2016/05/20 00:52:47 925][Px17e7][Tx7fff700][DBG] MSPTHREAD  MSPThreadP 733  POST l_engine_2:10:2:0
[2016/05/20 00:52:47 925][Px17e7][Tx6ffd700][DBG] LENGINE    leng_rpc.c 527  luacRPCFuncProto_Invoke() [out] ret = 0
[2016/05/20 00:52:47 927][Px17e7][Tx6ffd700][DBG] LENGINE    leng_main. 513  ENGINE_MSG_RPC_ASYNC
[2016/05/20 00:52:47 927][Px17e7][Tx6ffd700][DBG] LENGINE    leng_main. 521  [isr_local], stat = 1
[2016/05/20 00:52:47 928][Px17e7][Tx6ffd700][DBG] LENGINE    leng_rpc.c 413  luacRPCFuncProto_Invoke(e0001a20,fc26dea0) [in]
[2016/05/20 00:52:47 929][Px17e7][Tx6ffd700][INF] LMOD       luac_logge 172  [ns:290:ns dns resp  10214  ]
[2016/05/20 00:52:47 930][Px17e7][Tx6ffd700][INF] LMOD       luac_logge 172  [ns:564:ns dns failed, err =   10214  ]
[2016/05/20 00:52:47 931][Px17e7][Tx6ffd700][INF] LMOD       luac_logge 172  [ns:174:ns gethttpresp  117.121.48.5  80  ]
[2016/05/20 00:52:47 932][Px17e7][Tx6ffd700][TRC] MSPSOCKET  MSPSocket. 269  MSPSocket_New(1, 1) [in]
[2016/05/20 00:52:47 933][Px17e7][Tx6ffd700][DBG] MSPSOCKET  MSPSocket. 326  socket(2,1,) ret=7, detail=101
[2016/05/20 00:52:47 933][Px17e7][Tx6ffd700][TRC] MSPSOCKET  MSPSocket. 411  MSPSocket_New() [out] f840e220 0
[2016/05/20 00:52:47 934][Px17e7][Tx6ffd700][TRC] MSPSOCKET  MSPSocket. 501  MSPSocket_Connect(f840e220) [in]
[2016/05/20 00:52:47 935][Px17e7][Tx6ffd700][DBG] MSPSOCKET  MSPSocket. 515  connect(7,117.121.48.5,) ret=-1, hd=f840e220
[2016/05/20 00:52:47 935][Px17e7][Tx6ffd700][ERR] MSPSOCKET  MSPSocket. 530  connect() failed! f840e220,7,-1,101
[2016/05/20 00:52:47 936][Px17e7][Tx6ffd700][DBG] MSPTHREAD  MSPThreadP 733  POST l_engine_2:10:2:0
[2016/05/20 00:52:47 937][Px17e7][Tx6ffd700][TRC] MSPSOCKET  MSPSocket. 565  MSPSocket_Connect() [out] 10202
[2016/05/20 00:52:47 937][Px17e7][Tx6ffd700][DBG] LENGINE    leng_rpc.c 527  luacRPCFuncProto_Invoke() [out] ret = 0
[2016/05/20 00:52:47 938][Px17e7][Tx6ffd700][DBG] LENGINE    leng_main. 513  ENGINE_MSG_RPC_ASYNC
[2016/05/20 00:52:47 939][Px17e7][Tx6ffd700][DBG] LENGINE    leng_main. 521  [isr_local], stat = 1
[2016/05/20 00:52:47 939][Px17e7][Tx6ffd700][DBG] LENGINE    leng_rpc.c 413  luacRPCFuncProto_Invoke(e0002d10,fc26dea0) [in]
[2016/05/20 00:52:47 940][Px17e7][Tx6ffd700][ERR] LMOD       luac_logge 166  [transport:295:[dns] [0] failed! 10214  ]
[2016/05/20 00:52:47 941][Px17e7][Tx6ffd700][INF] LLOADER    lloader.c  327  load dkjson
[2016/05/20 00:52:47 942][Px17e7][Tx6ffd700][INF] LLOADER    lloader.c  339  a intalled entry
[2016/05/20 00:52:47 942][Px17e7][Tx6ffd700][INF] LLOADER    lloader.c  365  from rom
[2016/05/20 00:52:47 943][Px17e7][Tx6ffd700][PRF] LLOADER    lloader.c  397  load dkjson cost 1 (ms)
[2016/05/20 00:52:47 945][Px17e7][Tx6ffd700][DBG] LMOD       luac_logge 178  [network:83:ipfromenv ,  ipcache  open.xf-yun.com  def  nil  ]
[2016/05/20 00:52:47 945][Px17e7][Tx6ffd700][INF] LLOADER    lloader.c  327  load dkjson
[2016/05/20 00:52:47 946][Px17e7][Tx6ffd700][INF] LLOADER    lloader.c  339  a intalled entry
[2016/05/20 00:52:47 946][Px17e7][Tx6ffd700][INF] LLOADER    lloader.c  365  from rom
[2016/05/20 00:52:47 947][Px17e7][Tx6ffd700][PRF] LLOADER    lloader.c  397  load dkjson cost 2 (ms)
[2016/05/20 00:52:47 949][Px17e7][Tx6ffd700][DBG] LMOD       luac_logge 178  [network:83:ipfromenv ,  ipcfg  open.xf-yun.com  def  nil  ]
[2016/05/20 00:52:47 951][Px17e7][Tx6ffd700][TRC] LMOD       luac_logge 170  [transport:1166:[soc] connect   116.213.69.195  80  ]
[2016/05/20 00:52:47 951][Px17e7][Tx6ffd700][TRC] MSPSOCKET  MSPSocket. 1593 MSPSocketTCPConnPool_Query(116.213.69.195, 80) [in]
[2016/05/20 00:52:47 952][Px17e7][Tx6ffd700][TRC] MSPSOCKET  MSPSocket. 1618 MSPSocketTCPConnPool_Query() [out] ret=0
[2016/05/20 00:52:47 955][Px17e7][Tx6ffd700][INF] LMOD       luac_logge 172  [transport:1183:mspsoc.open,prot_type=  tcp  ]
[2016/05/20 00:52:47 955][Px17e7][Tx6ffd700][TRC] MSPSOCKET  MSPSocket. 269  MSPSocket_New(1, 1) [in]
[2016/05/20 00:52:47 956][Px17e7][Tx6ffd700][DBG] MSPSOCKET  MSPSocket. 326  socket(2,1,) ret=8, detail=101
[2016/05/20 00:52:47 956][Px17e7][Tx6ffd700][TRC] MSPSOCKET  MSPSocket. 411  MSPSocket_New() [out] f83fc810 0
[2016/05/20 00:52:47 957][Px17e7][Tx6ffd700][TRC] MSPSOCKET  MSPSocket. 501  MSPSocket_Connect(f83fc810) [in]
[2016/05/20 00:52:47 958][Px17e7][Tx6ffd700][DBG] MSPSOCKET  MSPSocket. 515  connect(8,116.213.69.195,) ret=-1, hd=f83fc810
[2016/05/20 00:52:47 959][Px17e7][Tx6ffd700][ERR] MSPSOCKET  MSPSocket. 530  connect() failed! f83fc810,8,-1,101
[2016/05/20 00:52:47 959][Px17e7][Tx6ffd700][DBG] MSPTHREAD  MSPThreadP 733  POST l_engine_2:10:2:0
[2016/05/20 00:52:47 960][Px17e7][Tx6ffd700][TRC] MSPSOCKET  MSPSocket. 565  MSPSocket_Connect() [out] 10202
[2016/05/20 00:52:47 961][Px17e7][Tx6ffd700][DBG] LENGINE    leng_rpc.c 527  luacRPCFuncProto_Invoke() [out] ret = 0
[2016/05/20 00:52:47 961][Px17e7][Tx6ffd700][DBG] LENGINE    leng_main. 513  ENGINE_MSG_RPC_ASYNC
[2016/05/20 00:52:47 962][Px17e7][Tx6ffd700][DBG] LENGINE    leng_main. 521  [isr_local], stat = 1
[2016/05/20 00:52:47 962][Px17e7][Tx6ffd700][DBG] LENGINE    leng_rpc.c 413  luacRPCFuncProto_Invoke(f840ead0,fc26dea0) [in]
[2016/05/20 00:52:47 964][Px17e7][Tx6ffd700][INF] LMOD       luac_logge 172  [ns:244:ns soc error  10202  ]
[2016/05/20 00:52:47 965][Px17e7][Tx6ffd700][TRC] MSPSOCKET  MSPSocket. 1014 MSPSocket_Close(f840e220) [in]
[2016/05/20 00:52:47 967][Px17e7][Tx6ffd700][DBG] MSPSOCKET  MSPSocket. 1034 close(7), f840e220
[2016/05/20 00:52:47 968][Px17e7][Tx6ffd700][TRC] MSPSOCKET  MSPSocket. 1068 MSPSocket_Close() [out] 0
[2016/05/20 00:52:47 970][Px17e7][Tx6ffd700][INF] LMOD       luac_logge 172  [ns:407:name server http resp  nil  10202  nil  ]
[2016/05/20 00:52:47 971][Px17e7][Tx6ffd700][INF] LMOD       luac_logge 172  [ns:551:ns response failed, err =  10202  ]
[2016/05/20 00:52:47 972][Px17e7][Tx6ffd700][INF] LMOD       luac_logge 172  [ns:111:ns_host=  open.xf-yun.com  ]
[2016/05/20 00:52:47 973][Px17e7][Tx6ffd700][INF] LMOD       luac_logge 172  [ns:113:use default ip  ]
[2016/05/20 00:52:47 974][Px17e7][Tx6ffd700][INF] LMOD       luac_logge 172  [transport:974:ns_ip =   116.213.69.195  ]
[2016/05/20 00:52:47 975][Px17e7][Tx6ffd700][INF] LMOD       luac_logge 172  [transport:975:ip_type =  def_athopen.xf-yun.com  ]
[2016/05/20 00:52:47 977][Px17e7][Tx6ffd700][INF] LMOD       luac_logge 172  [ns:756:no data in ns_q  ]
[2016/05/20 00:52:47 979][Px17e7][Tx6ffd700][INF] LMOD       luac_logge 172  [ns:757:conti_ns,ns_inprog =   1  ]
[2016/05/20 00:52:47 980][Px17e7][Tx6ffd700][DBG] LENGINE    leng_rpc.c 527  luacRPCFuncProto_Invoke() [out] ret = 0
[2016/05/20 00:52:47 980][Px17e7][Tx6ffd700][DBG] LENGINE    leng_main. 513  ENGINE_MSG_RPC_ASYNC
[2016/05/20 00:52:47 981][Px17e7][Tx6ffd700][DBG] LENGINE    leng_main. 521  [isr_local], stat = 1
[2016/05/20 00:52:47 982][Px17e7][Tx6ffd700][DBG] LENGINE    leng_rpc.c 413  luacRPCFuncProto_Invoke(f84076d0,fc26dea0) [in]
[2016/05/20 00:52:47 983][Px17e7][Tx6ffd700][ERR] LMOD       luac_logge 166  [transport:545:MSC:[soc] [0] error 10202 101!  ]
[2016/05/20 00:52:47 984][Px17e7][Tx6ffd700][TRC] MSPSOCKET  MSPSocket. 1014 MSPSocket_Close(f83fc810) [in]
[2016/05/20 00:52:47 985][Px17e7][Tx6ffd700][DBG] MSPSOCKET  MSPSocket. 1034 close(8), f83fc810
[2016/05/20 00:52:47 985][Px17e7][Tx6ffd700][TRC] MSPSOCKET  MSPSocket. 1068 MSPSocket_Close() [out] 0
[2016/05/20 00:52:47 987][Px17e7][Tx6ffd700][INF] LMOD       luac_logge 172  [transport:57:clear_ip ip_type =  def_athopen.xf-yun.com  ]
[2016/05/20 00:52:47 988][Px17e7][Tx6ffd700][WAR] LMOD       luac_logge 168  [transport:321:soc_conn_failed  ]
[2016/05/20 00:52:47 989][Px17e7][Tx6ffd700][DBG] LMOD       luac_logge 178  [network:88:iptoenv ,  ipcache  open.xf-yun.com  def  nil  ]
[2016/05/20 00:52:47 990][Px17e7][Tx6ffd700][INF] LLOADER    lloader.c  327  load dkjson
[2016/05/20 00:52:47 991][Px17e7][Tx6ffd700][INF] LLOADER    lloader.c  339  a intalled entry
[2016/05/20 00:52:47 991][Px17e7][Tx6ffd700][INF] LLOADER    lloader.c  365  from rom
[2016/05/20 00:52:47 992][Px17e7][Tx6ffd700][PRF] LLOADER    lloader.c  397  load dkjson cost 2 (ms)
[2016/05/20 00:52:47 994][Px17e7][Tx6ffd700][INF] LMOD       luac_logge 172  [transport:390:switch 80  ]
[2016/05/20 00:52:47 995][Px17e7][Tx6ffd700][TRC] LENGINE    leng_shell 109  lEngine_Start(f8095288,f8095288,0,) [in]
[2016/05/20 00:52:47 997][Px17e7][Tx6ffd700][TRC] LENGINE    leng_shell 351  lEngine_PostMessage(f83fc320,1,2,) [in]
[2016/05/20 00:52:47 997][Px17e7][Tx6ffd700][DBG] MSPTHREAD  MSPThreadP 733  POST l_engine_1:10:1:1
[2016/05/20 00:52:47 998][Px17e7][Tx77fe700][DBG] LENGINE    leng_main. 513  ENGINE_MSG_RPC_ASYNC
[2016/05/20 00:52:47 999][Px17e7][Tx77fe700][DBG] LENGINE    leng_main. 521  [waiter], stat = 1
[2016/05/20 00:52:48 000][Px17e7][Tx77fe700][DBG] LENGINE    leng_rpc.c 413  luacRPCFuncProto_Invoke(f8407830,f83fc320) [in]
[2016/05/20 00:52:48 001][Px17e7][Tx6ffd700][TRC] LENGINE    leng_shell 374  lEngine_PostMessage() [out] 0
[2016/05/20 00:52:48 002][Px17e7][Tx77fe700][INF] LMOD       luac_logge 172  [network:380:redns  def  open.xf-yun.com  ]
[2016/05/20 00:52:48 003][Px17e7][Tx77fe700][TRC] MSPADNS    MSPAsyncDn 268  MSPAsyncDns_Start() [in]
[2016/05/20 00:52:48 004][Px17e7][Tx7fff700][DBG] MSPADNS    MSPAsyncDn 184  gethostbyname(open.xf-yun.com) start [id=1289160]
[2016/05/20 00:52:48 006][Px17e7][Tx7fff700][ERR] MSPADNS    MSPAsyncDn 211  gethostbyname(open.xf-yun.com) failed: Temporary failure in name resolution [id=1289160]
[2016/05/20 00:52:48 007][Px17e7][Tx7fff700][DBG] MSPTHREAD  MSPThreadP 733  POST l_engine_1:10:1:0
[2016/05/20 00:52:48 008][Px17e7][Tx6ffd700][TRC] LMOD       luac_logge 170  [transport:1198:[soc] disconnect   ]
[2016/05/20 00:52:48 009][Px17e7][Tx77fe700][INF] LMOD       luac_logge 172  [waiter:196:last gc at  1463730764  ]
[2016/05/20 00:52:48 009][Px17e7][Tx77fe700][DBG] LENGINE    leng_rpc.c 527  luacRPCFuncProto_Invoke() [out] ret = 0
[2016/05/20 00:52:48 010][Px17e7][Tx77fe700][DBG] LENGINE    leng_main. 513  ENGINE_MSG_RPC_ASYNC
[2016/05/20 00:52:48 011][Px17e7][Tx77fe700][DBG] LENGINE    leng_main. 521  [waiter], stat = 1
[2016/05/20 00:52:48 011][Px17e7][Tx77fe700][DBG] LENGINE    leng_rpc.c 413  luacRPCFuncProto_Invoke(e0001a20,f83fc320) [in]
[2016/05/20 00:52:48 012][Px17e7][Tx6ffd700][DBG] LENGINE    leng_rpc.c 527  luacRPCFuncProto_Invoke() [out] ret = 0
[2016/05/20 00:52:48 014][Px17e7][Tx77fe700][INF] LMOD       luac_logge 172  [network:173:dns resp  10214  ]
[2016/05/20 00:52:48 015][Px17e7][Tx77fe700][INF] LMOD       luac_logge 172  [network:397:redns dns resp  nil  10214  nil  nil  ]
[2016/05/20 00:52:48 016][Px17e7][Tx77fe700][DBG] LENGINE    leng_rpc.c 527  luacRPCFuncProto_Invoke() [out] ret = 0
[2016/05/20 00:52:48 209][Px17e7][Tx6ffd700][DBG] LENGINE    leng_rpc.c 413  luacRPCFuncProto_Invoke(f84108c0,fc26dea0) [in]
[2016/05/20 00:52:48 210][Px17e7][Tx6ffd700][INF] LMOD       luac_logge 172  [transport:959:session.domain=  open.xf-yun.com  ]
[2016/05/20 00:52:48 211][Px17e7][Tx6ffd700][INF] LMOD       luac_logge 172  [transport:960:url.host=  open.xf-yun.com  ]
[2016/05/20 00:52:48 211][Px17e7][Tx6ffd700][INF] LLOADER    lloader.c  327  load dkjson
[2016/05/20 00:52:48 212][Px17e7][Tx6ffd700][INF] LLOADER    lloader.c  339  a intalled entry
[2016/05/20 00:52:48 212][Px17e7][Tx6ffd700][INF] LLOADER    lloader.c  365  from rom
[2016/05/20 00:52:48 213][Px17e7][Tx6ffd700][PRF] LLOADER    lloader.c  397  load dkjson cost 3 (ms)
[2016/05/20 00:52:48 215][Px17e7][Tx6ffd700][DBG] LMOD       luac_logge 178  [network:83:ipfromenv ,  ipcache  open.xf-yun.com  def  nil  ]
[2016/05/20 00:52:48 217][Px17e7][Tx6ffd700][TRC] LMOD       luac_logge 170  [transport:994:NAMESERVER START  ]
[2016/05/20 00:52:48 218][Px17e7][Tx6ffd700][INF] LMOD       luac_logge 172  [transport:997:name =   ath  ]
[2016/05/20 00:52:48 219][Px17e7][Tx6ffd700][INF] LMOD       luac_logge 172  [ns:727:ntt=  standard  ]
[2016/05/20 00:52:48 220][Px17e7][Tx6ffd700][INF] LMOD       luac_logge 172  [transport:1000:trans,ns_inprog =  0  ]
[2016/05/20 00:52:48 222][Px17e7][Tx6ffd700][TRC] LMOD       luac_logge 170  [ns:682:name server start  ]
[2016/05/20 00:52:48 223][Px17e7][Tx6ffd700][INF] LMOD       luac_logge 172  [ns:683:ns_sub =   ath  ]
[2016/05/20 00:52:48 224][Px17e7][Tx6ffd700][INF] LMOD       luac_logge 172  [ns:685:ns_host=  open.xf-yun.com  ]
[2016/05/20 00:52:48 225][Px17e7][Tx6ffd700][INF] LMOD       luac_logge 172  [ns:403:ns_host=  open.xf-yun.com  ]
[2016/05/20 00:52:48 226][Px17e7][Tx6ffd700][DBG] LMOD       luac_logge 178  [ns:662:GET /sip/resolver?srand=0520005211.32 HTTP/1.1
Host: hdns.openspeech.cn
Connection: Keep-Alive
X-Par: ver=1.2&appid=583467f7&operator=UNKNOW&nettype=STANDARD&cver=5.0.27.1135&svc=ath&host=open.xf-yun.com&sign=ab5642eee045664edaa7e929fd22b4cc
User-Agent: iFLYCloud

  ]
[2016/05/20 00:52:48 227][Px17e7][Tx6ffd700][INF] LMOD       luac_logge 172  [ns:663:net_type =  standard  ]
[2016/05/20 00:52:48 228][Px17e7][Tx6ffd700][INF] LMOD       luac_logge 172  [ns:664:cmwapascmnet =  ]
[2016/05/20 00:52:48 230][Px17e7][Tx6ffd700][INF] LMOD       luac_logge 172  [ns:665:uniwapasuninet =  ]
[2016/05/20 00:52:48 231][Px17e7][Tx6ffd700][INF] LMOD       luac_logge 172  [ns:666:ctwapasctnet =  ]
[2016/05/20 00:52:48 232][Px17e7][Tx6ffd700][INF] LMOD       luac_logge 172  [ns:676:host=  hdns.openspeech.cn  ]
[2016/05/20 00:52:48 232][Px17e7][Tx6ffd700][TRC] MSPADNS    MSPAsyncDn 268  MSPAsyncDns_Start() [in]
[2016/05/20 00:52:48 233][Px17e7][Tx7fff700][DBG] MSPADNS    MSPAsyncDn 184  gethostbyname(hdns.openspeech.cn) start [id=-130003080]
[2016/05/20 00:52:48 234][Px17e7][Tx7fff700][ERR] MSPADNS    MSPAsyncDn 211  gethostbyname(hdns.openspeech.cn) failed: Temporary failure in name resolution [id=-130003080]
[2016/05/20 00:52:48 234][Px17e7][Tx7fff700][DBG] MSPTHREAD  MSPThreadP 733  POST l_engine_2:10:1:1
[2016/05/20 00:52:48 234][Px17e7][Tx6ffd700][TRC] MSPADNS    MSPAsyncDn 268  MSPAsyncDns_Start() [in]
[2016/05/20 00:52:48 235][Px17e7][Tx7fff700][DBG] MSPADNS    MSPAsyncDn 184  gethostbyname(open.xf-yun.com) start [id=-133582120]
[2016/05/20 00:52:48 235][Px17e7][Tx7fff700][ERR] MSPADNS    MSPAsyncDn 211  gethostbyname(open.xf-yun.com) failed: Temporary failure in name resolution [id=-133582120]
[2016/05/20 00:52:48 236][Px17e7][Tx7fff700][DBG] MSPTHREAD  MSPThreadP 733  POST l_engine_2:10:2:0
[2016/05/20 00:52:48 236][Px17e7][Tx6ffd700][DBG] LENGINE    leng_rpc.c 527  luacRPCFuncProto_Invoke() [out] ret = 0
[2016/05/20 00:52:48 237][Px17e7][Tx6ffd700][DBG] LENGINE    leng_main. 513  ENGINE_MSG_RPC_ASYNC
[2016/05/20 00:52:48 238][Px17e7][Tx6ffd700][DBG] LENGINE    leng_main. 521  [isr_local], stat = 1
[2016/05/20 00:52:48 238][Px17e7][Tx6ffd700][DBG] LENGINE    leng_rpc.c 413  luacRPCFuncProto_Invoke(e0001a20,fc26dea0) [in]
[2016/05/20 00:52:48 239][Px17e7][Tx6ffd700][INF] LMOD       luac_logge 172  [ns:290:ns dns resp  10214  ]
[2016/05/20 00:52:48 240][Px17e7][Tx6ffd700][INF] LMOD       luac_logge 172  [ns:564:ns dns failed, err =   10214  ]
[2016/05/20 00:52:48 241][Px17e7][Tx6ffd700][INF] LMOD       luac_logge 172  [ns:174:ns gethttpresp  117.121.48.5  80  ]
[2016/05/20 00:52:48 241][Px17e7][Tx6ffd700][TRC] MSPSOCKET  MSPSocket. 269  MSPSocket_New(1, 1) [in]
[2016/05/20 00:52:48 242][Px17e7][Tx6ffd700][DBG] MSPSOCKET  MSPSocket. 326  socket(2,1,) ret=7, detail=101
[2016/05/20 00:52:48 242][Px17e7][Tx6ffd700][TRC] MSPSOCKET  MSPSocket. 411  MSPSocket_New() [out] f8401d70 0
[2016/05/20 00:52:48 243][Px17e7][Tx6ffd700][TRC] MSPSOCKET  MSPSocket. 501  MSPSocket_Connect(f8401d70) [in]
[2016/05/20 00:52:48 244][Px17e7][Tx6ffd700][DBG] MSPSOCKET  MSPSocket. 515  connect(7,117.121.48.5,) ret=-1, hd=f8401d70
[2016/05/20 00:52:48 246][Px17e7][Tx6ffd700][ERR] MSPSOCKET  MSPSocket. 530  connect() failed! f8401d70,7,-1,101
[2016/05/20 00:52:48 247][Px17e7][Tx6ffd700][DBG] MSPTHREAD  MSPThreadP 733  POST l_engine_2:10:2:0
[2016/05/20 00:52:48 248][Px17e7][Tx6ffd700][TRC] MSPSOCKET  MSPSocket. 565  MSPSocket_Connect() [out] 10202
[2016/05/20 00:52:48 249][Px17e7][Tx6ffd700][DBG] LENGINE    leng_rpc.c 527  luacRPCFuncProto_Invoke() [out] ret = 0
[2016/05/20 00:52:48 250][Px17e7][Tx6ffd700][DBG] LENGINE    leng_main. 513  ENGINE_MSG_RPC_ASYNC
[2016/05/20 00:52:48 250][Px17e7][Tx6ffd700][DBG] LENGINE    leng_main. 521  [isr_local], stat = 1
[2016/05/20 00:52:48 251][Px17e7][Tx6ffd700][DBG] LENGINE    leng_rpc.c 413  luacRPCFuncProto_Invoke(e0002d10,fc26dea0) [in]
[2016/05/20 00:52:48 253][Px17e7][Tx6ffd700][ERR] LMOD       luac_logge 166  [transport:295:[dns] [0] failed! 10214  ]
[2016/05/20 00:52:48 253][Px17e7][Tx6ffd700][INF] LLOADER    lloader.c  327  load dkjson
[2016/05/20 00:52:48 254][Px17e7][Tx6ffd700][INF] LLOADER    lloader.c  339  a intalled entry
[2016/05/20 00:52:48 255][Px17e7][Tx6ffd700][INF] LLOADER    lloader.c  365  from rom
[2016/05/20 00:52:48 255][Px17e7][Tx6ffd700][PRF] LLOADER    lloader.c  397  load dkjson cost 3 (ms)
[2016/05/20 00:52:48 258][Px17e7][Tx6ffd700][DBG] LMOD       luac_logge 178  [network:83:ipfromenv ,  ipcache  open.xf-yun.com  def  nil  ]
[2016/05/20 00:52:48 258][Px17e7][Tx6ffd700][INF] LLOADER    lloader.c  327  load dkjson
[2016/05/20 00:52:48 259][Px17e7][Tx6ffd700][INF] LLOADER    lloader.c  339  a intalled entry
[2016/05/20 00:52:48 259][Px17e7][Tx6ffd700][INF] LLOADER    lloader.c  365  from rom
[2016/05/20 00:52:48 260][Px17e7][Tx6ffd700][PRF] LLOADER    lloader.c  397  load dkjson cost 2 (ms)
[2016/05/20 00:52:48 262][Px17e7][Tx6ffd700][DBG] LMOD       luac_logge 178  [network:83:ipfromenv ,  ipcfg  open.xf-yun.com  def  nil  ]
[2016/05/20 00:52:48 263][Px17e7][Tx6ffd700][TRC] LMOD       luac_logge 170  [transport:1166:[soc] connect   116.213.69.195  80  ]
[2016/05/20 00:52:48 263][Px17e7][Tx6ffd700][TRC] MSPSOCKET  MSPSocket. 1593 MSPSocketTCPConnPool_Query(116.213.69.195, 80) [in]
[2016/05/20 00:52:48 264][Px17e7][Tx6ffd700][TRC] MSPSOCKET  MSPSocket. 1618 MSPSocketTCPConnPool_Query() [out] ret=0
[2016/05/20 00:52:48 265][Px17e7][Tx6ffd700][INF] LMOD       luac_logge 172  [transport:1183:mspsoc.open,prot_type=  tcp  ]
[2016/05/20 00:52:48 265][Px17e7][Tx6ffd700][TRC] MSPSOCKET  MSPSocket. 269  MSPSocket_New(1, 1) [in]
[2016/05/20 00:52:48 266][Px17e7][Tx6ffd700][DBG] MSPSOCKET  MSPSocket. 326  socket(2,1,) ret=8, detail=101
[2016/05/20 00:52:48 266][Px17e7][Tx6ffd700][TRC] MSPSOCKET  MSPSocket. 411  MSPSocket_New() [out] f83f6db0 0
[2016/05/20 00:52:48 267][Px17e7][Tx6ffd700][TRC] MSPSOCKET  MSPSocket. 501  MSPSocket_Connect(f83f6db0) [in]
[2016/05/20 00:52:48 268][Px17e7][Tx6ffd700][DBG] MSPSOCKET  MSPSocket. 515  connect(8,116.213.69.195,) ret=-1, hd=f83f6db0
[2016/05/20 00:52:48 268][Px17e7][Tx6ffd700][ERR] MSPSOCKET  MSPSocket. 530  connect() failed! f83f6db0,8,-1,101
[2016/05/20 00:52:48 269][Px17e7][Tx6ffd700][DBG] MSPTHREAD  MSPThreadP 733  POST l_engine_2:10:2:0
[2016/05/20 00:52:48 269][Px17e7][Tx6ffd700][TRC] MSPSOCKET  MSPSocket. 565  MSPSocket_Connect() [out] 10202
[2016/05/20 00:52:48 270][Px17e7][Tx6ffd700][DBG] LENGINE    leng_rpc.c 527  luacRPCFuncProto_Invoke() [out] ret = 0
[2016/05/20 00:52:48 270][Px17e7][Tx6ffd700][DBG] LENGINE    leng_main. 513  ENGINE_MSG_RPC_ASYNC
[2016/05/20 00:52:48 271][Px17e7][Tx6ffd700][DBG] LENGINE    leng_main. 521  [isr_local], stat = 1
[2016/05/20 00:52:48 271][Px17e7][Tx6ffd700][DBG] LENGINE    leng_rpc.c 413  luacRPCFuncProto_Invoke(f840ead0,fc26dea0) [in]
[2016/05/20 00:52:48 273][Px17e7][Tx6ffd700][INF] LMOD       luac_logge 172  [ns:244:ns soc error  10202  ]
[2016/05/20 00:52:48 274][Px17e7][Tx6ffd700][TRC] MSPSOCKET  MSPSocket. 1014 MSPSocket_Close(f8401d70) [in]
[2016/05/20 00:52:48 275][Px17e7][Tx6ffd700][DBG] MSPSOCKET  MSPSocket. 1034 close(7), f8401d70
[2016/05/20 00:52:48 275][Px17e7][Tx6ffd700][TRC] MSPSOCKET  MSPSocket. 1068 MSPSocket_Close() [out] 0
[2016/05/20 00:52:48 277][Px17e7][Tx6ffd700][INF] LMOD       luac_logge 172  [ns:407:name server http resp  nil  10202  nil  ]
[2016/05/20 00:52:48 278][Px17e7][Tx6ffd700][INF] LMOD       luac_logge 172  [ns:551:ns response failed, err =  10202  ]
[2016/05/20 00:52:48 279][Px17e7][Tx6ffd700][INF] LMOD       luac_logge 172  [ns:111:ns_host=  open.xf-yun.com  ]
[2016/05/20 00:52:48 280][Px17e7][Tx6ffd700][INF] LMOD       luac_logge 172  [ns:113:use default ip  ]
[2016/05/20 00:52:48 281][Px17e7][Tx6ffd700][INF] LMOD       luac_logge 172  [transport:974:ns_ip =   116.213.69.195  ]
[2016/05/20 00:52:48 282][Px17e7][Tx6ffd700][INF] LMOD       luac_logge 172  [transport:975:ip_type =  def_athopen.xf-yun.com  ]
[2016/05/20 00:52:48 284][Px17e7][Tx6ffd700][INF] LMOD       luac_logge 172  [ns:756:no data in ns_q  ]
[2016/05/20 00:52:48 285][Px17e7][Tx6ffd700][INF] LMOD       luac_logge 172  [ns:757:conti_ns,ns_inprog =   1  ]
[2016/05/20 00:52:48 285][Px17e7][Tx6ffd700][DBG] LENGINE    leng_rpc.c 527  luacRPCFuncProto_Invoke() [out] ret = 0
[2016/05/20 00:52:48 286][Px17e7][Tx6ffd700][DBG] LENGINE    leng_main. 513  ENGINE_MSG_RPC_ASYNC
[2016/05/20 00:52:48 287][Px17e7][Tx6ffd700][DBG] LENGINE    leng_main. 521  [isr_local], stat = 1
[2016/05/20 00:52:48 287][Px17e7][Tx6ffd700][DBG] LENGINE    leng_rpc.c 413  luacRPCFuncProto_Invoke(f8404f50,fc26dea0) [in]
[2016/05/20 00:52:48 288][Px17e7][Tx6ffd700][ERR] LMOD       luac_logge 166  [transport:545:MSC:[soc] [0] error 10202 101!  ]
[2016/05/20 00:52:48 289][Px17e7][Tx6ffd700][TRC] MSPSOCKET  MSPSocket. 1014 MSPSocket_Close(f83f6db0) [in]
[2016/05/20 00:52:48 289][Px17e7][Tx6ffd700][DBG] MSPSOCKET  MSPSocket. 1034 close(8), f83f6db0
[2016/05/20 00:52:48 290][Px17e7][Tx6ffd700][TRC] MSPSOCKET  MSPSocket. 1068 MSPSocket_Close() [out] 0
[2016/05/20 00:52:48 292][Px17e7][Tx6ffd700][INF] LMOD       luac_logge 172  [transport:57:clear_ip ip_type =  def_athopen.xf-yun.com  ]
[2016/05/20 00:52:48 293][Px17e7][Tx6ffd700][WAR] LMOD       luac_logge 168  [transport:321:soc_conn_failed  ]
[2016/05/20 00:52:48 294][Px17e7][Tx6ffd700][DBG] LMOD       luac_logge 178  [network:88:iptoenv ,  ipcache  open.xf-yun.com  def  nil  ]
[2016/05/20 00:52:48 295][Px17e7][Tx6ffd700][INF] LLOADER    lloader.c  327  load dkjson
[2016/05/20 00:52:48 296][Px17e7][Tx6ffd700][INF] LLOADER    lloader.c  339  a intalled entry
[2016/05/20 00:52:48 296][Px17e7][Tx6ffd700][INF] LLOADER    lloader.c  365  from rom
[2016/05/20 00:52:48 297][Px17e7][Tx6ffd700][PRF] LLOADER    lloader.c  397  load dkjson cost 2 (ms)
[2016/05/20 00:52:48 299][Px17e7][Tx6ffd700][INF] LMOD       luac_logge 172  [transport:390:switch 80  ]
[2016/05/20 00:52:48 299][Px17e7][Tx6ffd700][TRC] LENGINE    leng_shell 109  lEngine_Start(f8095288,f8095288,0,) [in]
[2016/05/20 00:52:48 300][Px17e7][Tx6ffd700][TRC] LENGINE    leng_shell 351  lEngine_PostMessage(f83fc320,1,2,) [in]
[2016/05/20 00:52:48 300][Px17e7][Tx6ffd700][DBG] MSPTHREAD  MSPThreadP 733  POST l_engine_1:10:1:1
[2016/05/20 00:52:48 301][Px17e7][Tx77fe700][DBG] LENGINE    leng_main. 513  ENGINE_MSG_RPC_ASYNC
[2016/05/20 00:52:48 302][Px17e7][Tx77fe700][DBG] LENGINE    leng_main. 521  [waiter], stat = 1
[2016/05/20 00:52:48 302][Px17e7][Tx77fe700][DBG] LENGINE    leng_rpc.c 413  luacRPCFuncProto_Invoke(f8407830,f83fc320) [in]
[2016/05/20 00:52:48 303][Px17e7][Tx6ffd700][TRC] LENGINE    leng_shell 374  lEngine_PostMessage() [out] 0
[2016/05/20 00:52:48 305][Px17e7][Tx77fe700][INF] LMOD       luac_logge 172  [network:380:redns  def  open.xf-yun.com  ]
[2016/05/20 00:52:48 307][Px17e7][Tx77fe700][TRC] MSPADNS    MSPAsyncDn 268  MSPAsyncDns_Start() [in]
[2016/05/20 00:52:48 307][Px17e7][Tx7fff700][DBG] MSPADNS    MSPAsyncDn 184  gethostbyname(open.xf-yun.com) start [id=1290888]
[2016/05/20 00:52:48 309][Px17e7][Tx7fff700][ERR] MSPADNS    MSPAsyncDn 211  gethostbyname(open.xf-yun.com) failed: Temporary failure in name resolution [id=1290888]
[2016/05/20 00:52:48 309][Px17e7][Tx7fff700][DBG] MSPTHREAD  MSPThreadP 733  POST l_engine_1:10:1:0
[2016/05/20 00:52:48 310][Px17e7][Tx6ffd700][TRC] LMOD       luac_logge 170  [transport:1198:[soc] disconnect   ]
[2016/05/20 00:52:48 310][Px17e7][Tx77fe700][INF] LMOD       luac_logge 172  [waiter:196:last gc at  1463730764  ]
[2016/05/20 00:52:48 311][Px17e7][Tx77fe700][DBG] LENGINE    leng_rpc.c 527  luacRPCFuncProto_Invoke() [out] ret = 0
[2016/05/20 00:52:48 311][Px17e7][Tx77fe700][DBG] LENGINE    leng_main. 513  ENGINE_MSG_RPC_ASYNC
[2016/05/20 00:52:48 312][Px17e7][Tx77fe700][DBG] LENGINE    leng_main. 521  [waiter], stat = 1
[2016/05/20 00:52:48 312][Px17e7][Tx77fe700][DBG] LENGINE    leng_rpc.c 413  luacRPCFuncProto_Invoke(e0001a20,f83fc320) [in]
[2016/05/20 00:52:48 313][Px17e7][Tx6ffd700][DBG] LENGINE    leng_rpc.c 527  luacRPCFuncProto_Invoke() [out] ret = 0
[2016/05/20 00:52:48 314][Px17e7][Tx77fe700][INF] LMOD       luac_logge 172  [network:173:dns resp  10214  ]
[2016/05/20 00:52:48 315][Px17e7][Tx77fe700][INF] LMOD       luac_logge 172  [network:397:redns dns resp  nil  10214  nil  nil  ]
[2016/05/20 00:52:48 315][Px17e7][Tx77fe700][DBG] LENGINE    leng_rpc.c 527  luacRPCFuncProto_Invoke() [out] ret = 0
[2016/05/20 00:52:48 511][Px17e7][Tx6ffd700][DBG] LENGINE    leng_rpc.c 413  luacRPCFuncProto_Invoke(f84076d0,fc26dea0) [in]
[2016/05/20 00:52:48 514][Px17e7][Tx6ffd700][INF] LMOD       luac_logge 172  [transport:959:session.domain=  open.xf-yun.com  ]
[2016/05/20 00:52:48 516][Px17e7][Tx6ffd700][INF] LMOD       luac_logge 172  [transport:960:url.host=  open.xf-yun.com  ]
[2016/05/20 00:52:48 517][Px17e7][Tx6ffd700][INF] LLOADER    lloader.c  327  load dkjson
[2016/05/20 00:52:48 518][Px17e7][Tx6ffd700][INF] LLOADER    lloader.c  339  a intalled entry
[2016/05/20 00:52:48 519][Px17e7][Tx6ffd700][INF] LLOADER    lloader.c  365  from rom
[2016/05/20 00:52:48 520][Px17e7][Tx6ffd700][PRF] LLOADER    lloader.c  397  load dkjson cost 4 (ms)
[2016/05/20 00:52:48 524][Px17e7][Tx6ffd700][DBG] LMOD       luac_logge 178  [network:83:ipfromenv ,  ipcache  open.xf-yun.com  def  nil  ]
[2016/05/20 00:52:48 525][Px17e7][Tx6ffd700][TRC] LMOD       luac_logge 170  [transport:994:NAMESERVER START  ]
[2016/05/20 00:52:48 526][Px17e7][Tx6ffd700][INF] LMOD       luac_logge 172  [transport:997:name =   ath  ]
[2016/05/20 00:52:48 527][Px17e7][Tx6ffd700][INF] LMOD       luac_logge 172  [ns:727:ntt=  standard  ]
[2016/05/20 00:52:48 529][Px17e7][Tx6ffd700][INF] LMOD       luac_logge 172  [transport:1000:trans,ns_inprog =  0  ]
[2016/05/20 00:52:48 530][Px17e7][Tx6ffd700][TRC] LMOD       luac_logge 170  [ns:682:name server start  ]
[2016/05/20 00:52:48 530][Px17e7][Tx6ffd700][INF] LMOD       luac_logge 172  [ns:683:ns_sub =   ath  ]
[2016/05/20 00:52:48 531][Px17e7][Tx6ffd700][INF] LMOD       luac_logge 172  [ns:685:ns_host=  open.xf-yun.com  ]
[2016/05/20 00:52:48 533][Px17e7][Tx6ffd700][INF] LMOD       luac_logge 172  [ns:403:ns_host=  open.xf-yun.com  ]
[2016/05/20 00:52:48 534][Px17e7][Tx6ffd700][DBG] LMOD       luac_logge 178  [ns:662:GET /sip/resolver?srand=0520005211.32 HTTP/1.1
Host: hdns.openspeech.cn
Connection: Keep-Alive
X-Par: ver=1.2&appid=583467f7&operator=UNKNOW&nettype=STANDARD&cver=5.0.27.1135&svc=ath&host=open.xf-yun.com&sign=ab5642eee045664edaa7e929fd22b4cc
User-Agent: iFLYCloud

  ]
[2016/05/20 00:52:48 535][Px17e7][Tx6ffd700][INF] LMOD       luac_logge 172  [ns:663:net_type =  standard  ]
[2016/05/20 00:52:48 535][Px17e7][Tx6ffd700][INF] LMOD       luac_logge 172  [ns:664:cmwapascmnet =  ]
[2016/05/20 00:52:48 536][Px17e7][Tx6ffd700][INF] LMOD       luac_logge 172  [ns:665:uniwapasuninet =  ]
[2016/05/20 00:52:48 537][Px17e7][Tx6ffd700][INF] LMOD       luac_logge 172  [ns:666:ctwapasctnet =  ]
[2016/05/20 00:52:48 538][Px17e7][Tx6ffd700][INF] LMOD       luac_logge 172  [ns:676:host=  hdns.openspeech.cn  ]
[2016/05/20 00:52:48 539][Px17e7][Tx6ffd700][TRC] MSPADNS    MSPAsyncDn 268  MSPAsyncDns_Start() [in]
[2016/05/20 00:52:48 539][Px17e7][Tx7fff700][DBG] MSPADNS    MSPAsyncDn 184  gethostbyname(hdns.openspeech.cn) start [id=-133582120]
[2016/05/20 00:52:48 539][Px17e7][Tx7fff700][ERR] MSPADNS    MSPAsyncDn 211  gethostbyname(hdns.openspeech.cn) failed: Temporary failure in name resolution [id=-133582120]
[2016/05/20 00:52:48 540][Px17e7][Tx7fff700][DBG] MSPTHREAD  MSPThreadP 733  POST l_engine_2:10:1:1
[2016/05/20 00:52:48 540][Px17e7][Tx6ffd700][TRC] MSPADNS    MSPAsyncDn 268  MSPAsyncDns_Start() [in]
[2016/05/20 00:52:48 540][Px17e7][Tx7fff700][DBG] MSPADNS    MSPAsyncDn 184  gethostbyname(open.xf-yun.com) start [id=-129994360]
[2016/05/20 00:52:48 541][Px17e7][Tx7fff700][ERR] MSPADNS    MSPAsyncDn 211  gethostbyname(open.xf-yun.com) failed: Temporary failure in name resolution [id=-129994360]
[2016/05/20 00:52:48 541][Px17e7][Tx7fff700][DBG] MSPTHREAD  MSPThreadP 733  POST l_engine_2:10:2:0
[2016/05/20 00:52:48 542][Px17e7][Tx6ffd700][DBG] LENGINE    leng_rpc.c 527  luacRPCFuncProto_Invoke() [out] ret = 0
[2016/05/20 00:52:48 542][Px17e7][Tx6ffd700][DBG] LENGINE    leng_main. 513  ENGINE_MSG_RPC_ASYNC
[2016/05/20 00:52:48 542][Px17e7][Tx6ffd700][DBG] LENGINE    leng_main. 521  [isr_local], stat = 1
[2016/05/20 00:52:48 542][Px17e7][Tx6ffd700][DBG] LENGINE    leng_rpc.c 413  luacRPCFuncProto_Invoke(e0001a20,fc26dea0) [in]
[2016/05/20 00:52:48 543][Px17e7][Tx6ffd700][INF] LMOD       luac_logge 172  [ns:290:ns dns resp  10214  ]
[2016/05/20 00:52:48 544][Px17e7][Tx6ffd700][INF] LMOD       luac_logge 172  [ns:564:ns dns failed, err =   10214  ]
[2016/05/20 00:52:48 544][Px17e7][Tx6ffd700][INF] LMOD       luac_logge 172  [ns:174:ns gethttpresp  117.121.48.5  80  ]
[2016/05/20 00:52:48 545][Px17e7][Tx6ffd700][TRC] MSPSOCKET  MSPSocket. 269  MSPSocket_New(1, 1) [in]
[2016/05/20 00:52:48 545][Px17e7][Tx6ffd700][DBG] MSPSOCKET  MSPSocket. 326  socket(2,1,) ret=7, detail=101
[2016/05/20 00:52:48 545][Px17e7][Tx6ffd700][TRC] MSPSOCKET  MSPSocket. 411  MSPSocket_New() [out] f8416730 0
[2016/05/20 00:52:48 546][Px17e7][Tx6ffd700][TRC] MSPSOCKET  MSPSocket. 501  MSPSocket_Connect(f8416730) [in]
[2016/05/20 00:52:48 546][Px17e7][Tx6ffd700][DBG] MSPSOCKET  MSPSocket. 515  connect(7,117.121.48.5,) ret=-1, hd=f8416730
[2016/05/20 00:52:48 546][Px17e7][Tx6ffd700][ERR] MSPSOCKET  MSPSocket. 530  connect() failed! f8416730,7,-1,101
[2016/05/20 00:52:48 547][Px17e7][Tx6ffd700][DBG] MSPTHREAD  MSPThreadP 733  POST l_engine_2:10:2:0
[2016/05/20 00:52:48 547][Px17e7][Tx6ffd700][TRC] MSPSOCKET  MSPSocket. 565  MSPSocket_Connect() [out] 10202
[2016/05/20 00:52:48 547][Px17e7][Tx6ffd700][DBG] LENGINE    leng_rpc.c 527  luacRPCFuncProto_Invoke() [out] ret = 0
[2016/05/20 00:52:48 547][Px17e7][Tx6ffd700][DBG] LENGINE    leng_main. 513  ENGINE_MSG_RPC_ASYNC
[2016/05/20 00:52:48 548][Px17e7][Tx6ffd700][DBG] LENGINE    leng_main. 521  [isr_local], stat = 1
[2016/05/20 00:52:48 548][Px17e7][Tx6ffd700][DBG] LENGINE    leng_rpc.c 413  luacRPCFuncProto_Invoke(e0002d10,fc26dea0) [in]
[2016/05/20 00:52:48 549][Px17e7][Tx6ffd700][ERR] LMOD       luac_logge 166  [transport:295:[dns] [0] failed! 10214  ]
[2016/05/20 00:52:48 549][Px17e7][Tx6ffd700][INF] LLOADER    lloader.c  327  load dkjson
[2016/05/20 00:52:48 550][Px17e7][Tx6ffd700][INF] LLOADER    lloader.c  339  a intalled entry
[2016/05/20 00:52:48 550][Px17e7][Tx6ffd700][INF] LLOADER    lloader.c  365  from rom
[2016/05/20 00:52:48 550][Px17e7][Tx6ffd700][PRF] LLOADER    lloader.c  397  load dkjson cost 1 (ms)
[2016/05/20 00:52:48 551][Px17e7][Tx6ffd700][DBG] LMOD       luac_logge 178  [network:83:ipfromenv ,  ipcache  open.xf-yun.com  def  nil  ]
[2016/05/20 00:52:48 551][Px17e7][Tx6ffd700][INF] LLOADER    lloader.c  327  load dkjson
[2016/05/20 00:52:48 552][Px17e7][Tx6ffd700][INF] LLOADER    lloader.c  339  a intalled entry
[2016/05/20 00:52:48 553][Px17e7][Tx6ffd700][INF] LLOADER    lloader.c  365  from rom
[2016/05/20 00:52:48 554][Px17e7][Tx6ffd700][PRF] LLOADER    lloader.c  397  load dkjson cost 2 (ms)
[2016/05/20 00:52:48 555][Px17e7][Tx6ffd700][DBG] LMOD       luac_logge 178  [network:83:ipfromenv ,  ipcfg  open.xf-yun.com  def  nil  ]
[2016/05/20 00:52:48 556][Px17e7][Tx6ffd700][TRC] LMOD       luac_logge 170  [transport:1166:[soc] connect   116.213.69.195  80  ]
[2016/05/20 00:52:48 556][Px17e7][Tx6ffd700][TRC] MSPSOCKET  MSPSocket. 1593 MSPSocketTCPConnPool_Query(116.213.69.195, 80) [in]
[2016/05/20 00:52:48 556][Px17e7][Tx6ffd700][TRC] MSPSOCKET  MSPSocket. 1618 MSPSocketTCPConnPool_Query() [out] ret=0
[2016/05/20 00:52:48 557][Px17e7][Tx6ffd700][INF] LMOD       luac_logge 172  [transport:1183:mspsoc.open,prot_type=  tcp  ]
[2016/05/20 00:52:48 558][Px17e7][Tx6ffd700][TRC] MSPSOCKET  MSPSocket. 269  MSPSocket_New(1, 1) [in]
[2016/05/20 00:52:48 558][Px17e7][Tx6ffd700][DBG] MSPSOCKET  MSPSocket. 326  socket(2,1,) ret=8, detail=101
[2016/05/20 00:52:48 558][Px17e7][Tx6ffd700][TRC] MSPSOCKET  MSPSocket. 411  MSPSocket_New() [out] f8415400 0
[2016/05/20 00:52:48 559][Px17e7][Tx6ffd700][TRC] MSPSOCKET  MSPSocket. 501  MSPSocket_Connect(f8415400) [in]
[2016/05/20 00:52:48 559][Px17e7][Tx6ffd700][DBG] MSPSOCKET  MSPSocket. 515  connect(8,116.213.69.195,) ret=-1, hd=f8415400
[2016/05/20 00:52:48 559][Px17e7][Tx6ffd700][ERR] MSPSOCKET  MSPSocket. 530  connect() failed! f8415400,8,-1,101
[2016/05/20 00:52:48 560][Px17e7][Tx6ffd700][DBG] MSPTHREAD  MSPThreadP 733  POST l_engine_2:10:2:0
[2016/05/20 00:52:48 560][Px17e7][Tx6ffd700][TRC] MSPSOCKET  MSPSocket. 565  MSPSocket_Connect() [out] 10202
[2016/05/20 00:52:48 560][Px17e7][Tx6ffd700][DBG] LENGINE    leng_rpc.c 527  luacRPCFuncProto_Invoke() [out] ret = 0
[2016/05/20 00:52:48 561][Px17e7][Tx6ffd700][DBG] LENGINE    leng_main. 513  ENGINE_MSG_RPC_ASYNC
[2016/05/20 00:52:48 561][Px17e7][Tx6ffd700][DBG] LENGINE    leng_main. 521  [isr_local], stat = 1
[2016/05/20 00:52:48 561][Px17e7][Tx6ffd700][DBG] LENGINE    leng_rpc.c 413  luacRPCFuncProto_Invoke(f840f510,fc26dea0) [in]
[2016/05/20 00:52:48 562][Px17e7][Tx6ffd700][INF] LMOD       luac_logge 172  [ns:244:ns soc error  10202  ]
[2016/05/20 00:52:48 563][Px17e7][Tx6ffd700][TRC] MSPSOCKET  MSPSocket. 1014 MSPSocket_Close(f8416730) [in]
[2016/05/20 00:52:48 563][Px17e7][Tx6ffd700][DBG] MSPSOCKET  MSPSocket. 1034 close(7), f8416730
[2016/05/20 00:52:48 563][Px17e7][Tx6ffd700][TRC] MSPSOCKET  MSPSocket. 1068 MSPSocket_Close() [out] 0
[2016/05/20 00:52:48 564][Px17e7][Tx6ffd700][INF] LMOD       luac_logge 172  [ns:407:name server http resp  nil  10202  nil  ]
[2016/05/20 00:52:48 565][Px17e7][Tx6ffd700][INF] LMOD       luac_logge 172  [ns:551:ns response failed, err =  10202  ]
[2016/05/20 00:52:48 565][Px17e7][Tx6ffd700][INF] LMOD       luac_logge 172  [ns:111:ns_host=  open.xf-yun.com  ]
[2016/05/20 00:52:48 566][Px17e7][Tx6ffd700][INF] LMOD       luac_logge 172  [ns:113:use default ip  ]
[2016/05/20 00:52:48 567][Px17e7][Tx6ffd700][INF] LMOD       luac_logge 172  [transport:974:ns_ip =   116.213.69.195  ]
[2016/05/20 00:52:48 571][Px17e7][Tx6ffd700][INF] LMOD       luac_logge 172  [transport:975:ip_type =  def_athopen.xf-yun.com  ]
[2016/05/20 00:52:48 572][Px17e7][Tx6ffd700][INF] LMOD       luac_logge 172  [ns:756:no data in ns_q  ]
[2016/05/20 00:52:48 573][Px17e7][Tx6ffd700][INF] LMOD       luac_logge 172  [ns:757:conti_ns,ns_inprog =   1  ]
[2016/05/20 00:52:48 574][Px17e7][Tx6ffd700][DBG] LENGINE    leng_rpc.c 527  luacRPCFuncProto_Invoke() [out] ret = 0
[2016/05/20 00:52:48 574][Px17e7][Tx6ffd700][DBG] LENGINE    leng_main. 513  ENGINE_MSG_RPC_ASYNC
[2016/05/20 00:52:48 575][Px17e7][Tx6ffd700][DBG] LENGINE    leng_main. 521  [isr_local], stat = 1
[2016/05/20 00:52:48 575][Px17e7][Tx6ffd700][DBG] LENGINE    leng_rpc.c 413  luacRPCFuncProto_Invoke(f809b2b0,fc26dea0) [in]
[2016/05/20 00:52:48 576][Px17e7][Tx6ffd700][ERR] LMOD       luac_logge 166  [transport:545:MSC:[soc] [0] error 10202 101!  ]
[2016/05/20 00:52:48 577][Px17e7][Tx6ffd700][TRC] MSPSOCKET  MSPSocket. 1014 MSPSocket_Close(f8415400) [in]
[2016/05/20 00:52:48 578][Px17e7][Tx6ffd700][DBG] MSPSOCKET  MSPSocket. 1034 close(8), f8415400
[2016/05/20 00:52:48 578][Px17e7][Tx6ffd700][TRC] MSPSOCKET  MSPSocket. 1068 MSPSocket_Close() [out] 0
[2016/05/20 00:52:48 579][Px17e7][Tx6ffd700][INF] LMOD       luac_logge 172  [transport:57:clear_ip ip_type =  def_athopen.xf-yun.com  ]
[2016/05/20 00:52:48 580][Px17e7][Tx6ffd700][WAR] LMOD       luac_logge 168  [transport:321:soc_conn_failed  ]
[2016/05/20 00:52:48 581][Px17e7][Tx6ffd700][DBG] LMOD       luac_logge 178  [network:88:iptoenv ,  ipcache  open.xf-yun.com  def  nil  ]
[2016/05/20 00:52:48 581][Px17e7][Tx6ffd700][INF] LLOADER    lloader.c  327  load dkjson
[2016/05/20 00:52:48 582][Px17e7][Tx6ffd700][INF] LLOADER    lloader.c  339  a intalled entry
[2016/05/20 00:52:48 582][Px17e7][Tx6ffd700][INF] LLOADER    lloader.c  365  from rom
[2016/05/20 00:52:48 582][Px17e7][Tx6ffd700][PRF] LLOADER    lloader.c  397  load dkjson cost 2 (ms)
[2016/05/20 00:52:48 584][Px17e7][Tx6ffd700][INF] LMOD       luac_logge 172  [transport:390:switch 80  ]
[2016/05/20 00:52:48 585][Px17e7][Tx6ffd700][TRC] LENGINE    leng_shell 109  lEngine_Start(f8095288,f8095288,0,) [in]
[2016/05/20 00:52:48 585][Px17e7][Tx6ffd700][TRC] LENGINE    leng_shell 351  lEngine_PostMessage(f83fc320,1,2,) [in]
[2016/05/20 00:52:48 586][Px17e7][Tx6ffd700][DBG] MSPTHREAD  MSPThreadP 733  POST l_engine_1:10:1:1
[2016/05/20 00:52:48 586][Px17e7][Tx77fe700][DBG] LENGINE    leng_main. 513  ENGINE_MSG_RPC_ASYNC
[2016/05/20 00:52:48 586][Px17e7][Tx77fe700][DBG] LENGINE    leng_main. 521  [waiter], stat = 1
[2016/05/20 00:52:48 587][Px17e7][Tx77fe700][DBG] LENGINE    leng_rpc.c 413  luacRPCFuncProto_Invoke(f8407830,f83fc320) [in]
[2016/05/20 00:52:48 587][Px17e7][Tx6ffd700][TRC] LENGINE    leng_shell 374  lEngine_PostMessage() [out] 0
[2016/05/20 00:52:48 588][Px17e7][Tx77fe700][INF] LMOD       luac_logge 172  [network:380:redns  def  open.xf-yun.com  ]
[2016/05/20 00:52:48 588][Px17e7][Tx77fe700][TRC] MSPADNS    MSPAsyncDn 268  MSPAsyncDns_Start() [in]
[2016/05/20 00:52:48 590][Px17e7][Tx7fff700][DBG] MSPADNS    MSPAsyncDn 184  gethostbyname(open.xf-yun.com) start [id=1292664]
[2016/05/20 00:52:48 591][Px17e7][Tx7fff700][ERR] MSPADNS    MSPAsyncDn 211  gethostbyname(open.xf-yun.com) failed: Temporary failure in name resolution [id=1292664]
[2016/05/20 00:52:48 591][Px17e7][Tx7fff700][DBG] MSPTHREAD  MSPThreadP 733  POST l_engine_1:10:1:0
[2016/05/20 00:52:48 592][Px17e7][Tx6ffd700][TRC] LMOD       luac_logge 170  [transport:1198:[soc] disconnect   ]
[2016/05/20 00:52:48 592][Px17e7][Tx77fe700][INF] LMOD       luac_logge 172  [waiter:196:last gc at  1463730764  ]
[2016/05/20 00:52:48 593][Px17e7][Tx77fe700][DBG] LENGINE    leng_rpc.c 527  luacRPCFuncProto_Invoke() [out] ret = 0
[2016/05/20 00:52:48 593][Px17e7][Tx77fe700][DBG] LENGINE    leng_main. 513  ENGINE_MSG_RPC_ASYNC
[2016/05/20 00:52:48 593][Px17e7][Tx77fe700][DBG] LENGINE    leng_main. 521  [waiter], stat = 1
[2016/05/20 00:52:48 594][Px17e7][Tx77fe700][DBG] LENGINE    leng_rpc.c 413  luacRPCFuncProto_Invoke(e0001a20,f83fc320) [in]
[2016/05/20 00:52:48 594][Px17e7][Tx6ffd700][DBG] LENGINE    leng_rpc.c 527  luacRPCFuncProto_Invoke() [out] ret = 0
[2016/05/20 00:52:48 595][Px17e7][Tx77fe700][INF] LMOD       luac_logge 172  [network:173:dns resp  10214  ]
[2016/05/20 00:52:48 596][Px17e7][Tx77fe700][INF] LMOD       luac_logge 172  [network:397:redns dns resp  nil  10214  nil  nil  ]
[2016/05/20 00:52:48 596][Px17e7][Tx77fe700][DBG] LENGINE    leng_rpc.c 527  luacRPCFuncProto_Invoke() [out] ret = 0
[2016/05/20 00:52:48 793][Px17e7][Tx6ffd700][DBG] LENGINE    leng_rpc.c 413  luacRPCFuncProto_Invoke(f8407830,fc26dea0) [in]
[2016/05/20 00:52:48 794][Px17e7][Tx6ffd700][INF] LMOD       luac_logge 172  [transport:959:session.domain=  open.xf-yun.com  ]
[2016/05/20 00:52:48 796][Px17e7][Tx6ffd700][INF] LMOD       luac_logge 172  [transport:960:url.host=  open.xf-yun.com  ]
[2016/05/20 00:52:48 796][Px17e7][Tx6ffd700][INF] LLOADER    lloader.c  327  load dkjson
[2016/05/20 00:52:48 798][Px17e7][Tx6ffd700][INF] LLOADER    lloader.c  339  a intalled entry
[2016/05/20 00:52:48 799][Px17e7][Tx6ffd700][INF] LLOADER    lloader.c  365  from rom
[2016/05/20 00:52:48 799][Px17e7][Tx6ffd700][PRF] LLOADER    lloader.c  397  load dkjson cost 3 (ms)
[2016/05/20 00:52:48 801][Px17e7][Tx6ffd700][DBG] LMOD       luac_logge 178  [network:83:ipfromenv ,  ipcache  open.xf-yun.com  def  nil  ]
[2016/05/20 00:52:48 802][Px17e7][Tx6ffd700][TRC] LMOD       luac_logge 170  [transport:994:NAMESERVER START  ]
[2016/05/20 00:52:48 803][Px17e7][Tx6ffd700][INF] LMOD       luac_logge 172  [transport:997:name =   ath  ]
[2016/05/20 00:52:48 804][Px17e7][Tx6ffd700][INF] LMOD       luac_logge 172  [ns:727:ntt=  standard  ]
[2016/05/20 00:52:48 805][Px17e7][Tx6ffd700][INF] LMOD       luac_logge 172  [transport:1000:trans,ns_inprog =  0  ]
[2016/05/20 00:52:48 805][Px17e7][Tx6ffd700][TRC] LMOD       luac_logge 170  [ns:682:name server start  ]
[2016/05/20 00:52:48 806][Px17e7][Tx6ffd700][INF] LMOD       luac_logge 172  [ns:683:ns_sub =   ath  ]
[2016/05/20 00:52:48 807][Px17e7][Tx6ffd700][INF] LMOD       luac_logge 172  [ns:685:ns_host=  open.xf-yun.com  ]
[2016/05/20 00:52:48 808][Px17e7][Tx6ffd700][INF] LMOD       luac_logge 172  [ns:403:ns_host=  open.xf-yun.com  ]
[2016/05/20 00:52:48 809][Px17e7][Tx6ffd700][DBG] LMOD       luac_logge 178  [ns:662:GET /sip/resolver?srand=0520005211.32 HTTP/1.1
Host: hdns.openspeech.cn
Connection: Keep-Alive
X-Par: ver=1.2&appid=583467f7&operator=UNKNOW&nettype=STANDARD&cver=5.0.27.1135&svc=ath&host=open.xf-yun.com&sign=ab5642eee045664edaa7e929fd22b4cc
User-Agent: iFLYCloud

  ]
[2016/05/20 00:52:48 809][Px17e7][Tx6ffd700][INF] LMOD       luac_logge 172  [ns:663:net_type =  standard  ]
[2016/05/20 00:52:48 810][Px17e7][Tx6ffd700][INF] LMOD       luac_logge 172  [ns:664:cmwapascmnet =  ]
[2016/05/20 00:52:48 811][Px17e7][Tx6ffd700][INF] LMOD       luac_logge 172  [ns:665:uniwapasuninet =  ]
[2016/05/20 00:52:48 811][Px17e7][Tx6ffd700][INF] LMOD       luac_logge 172  [ns:666:ctwapasctnet =  ]
[2016/05/20 00:52:48 812][Px17e7][Tx6ffd700][INF] LMOD       luac_logge 172  [ns:676:host=  hdns.openspeech.cn  ]
[2016/05/20 00:52:48 813][Px17e7][Tx6ffd700][TRC] MSPADNS    MSPAsyncDn 268  MSPAsyncDns_Start() [in]
[2016/05/20 00:52:48 813][Px17e7][Tx7fff700][DBG] MSPADNS    MSPAsyncDn 184  gethostbyname(hdns.openspeech.cn) start [id=-129960648]
[2016/05/20 00:52:48 814][Px17e7][Tx7fff700][ERR] MSPADNS    MSPAsyncDn 211  gethostbyname(hdns.openspeech.cn) failed: Temporary failure in name resolution [id=-129960648]
[2016/05/20 00:52:48 814][Px17e7][Tx7fff700][DBG] MSPTHREAD  MSPThreadP 733  POST l_engine_2:10:1:1
[2016/05/20 00:52:48 815][Px17e7][Tx6ffd700][TRC] MSPADNS    MSPAsyncDn 268  MSPAsyncDns_Start() [in]
[2016/05/20 00:52:48 815][Px17e7][Tx7fff700][DBG] MSPADNS    MSPAsyncDn 184  gethostbyname(open.xf-yun.com) start [id=-129931432]
[2016/05/20 00:52:48 816][Px17e7][Tx7fff700][ERR] MSPADNS    MSPAsyncDn 211  gethostbyname(open.xf-yun.com) failed: Temporary failure in name resolution [id=-129931432]
[2016/05/20 00:52:48 817][Px17e7][Tx7fff700][DBG] MSPTHREAD  MSPThreadP 733  POST l_engine_2:10:2:0
[2016/05/20 00:52:48 817][Px17e7][Tx6ffd700][DBG] LENGINE    leng_rpc.c 527  luacRPCFuncProto_Invoke() [out] ret = 0
[2016/05/20 00:52:48 817][Px17e7][Tx6ffd700][DBG] LENGINE    leng_main. 513  ENGINE_MSG_RPC_ASYNC
[2016/05/20 00:52:48 818][Px17e7][Tx6ffd700][DBG] LENGINE    leng_main. 521  [isr_local], stat = 1
[2016/05/20 00:52:48 818][Px17e7][Tx6ffd700][DBG] LENGINE    leng_rpc.c 413  luacRPCFuncProto_Invoke(e0001a20,fc26dea0) [in]
[2016/05/20 00:52:48 819][Px17e7][Tx6ffd700][INF] LMOD       luac_logge 172  [ns:290:ns dns resp  10214  ]
[2016/05/20 00:52:48 820][Px17e7][Tx6ffd700][INF] LMOD       luac_logge 172  [ns:564:ns dns failed, err =   10214  ]
[2016/05/20 00:52:48 821][Px17e7][Tx6ffd700][INF] LMOD       luac_logge 172  [ns:174:ns gethttpresp  117.121.48.5  80  ]
[2016/05/20 00:52:48 821][Px17e7][Tx6ffd700][TRC] MSPSOCKET  MSPSocket. 269  MSPSocket_New(1, 1) [in]
[2016/05/20 00:52:48 823][Px17e7][Tx6ffd700][DBG] MSPSOCKET  MSPSocket. 326  socket(2,1,) ret=7, detail=101
[2016/05/20 00:52:48 823][Px17e7][Tx6ffd700][TRC] MSPSOCKET  MSPSocket. 411  MSPSocket_New() [out] f807e4d0 0
[2016/05/20 00:52:48 823][Px17e7][Tx6ffd700][TRC] MSPSOCKET  MSPSocket. 501  MSPSocket_Connect(f807e4d0) [in]
[2016/05/20 00:52:48 824][Px17e7][Tx6ffd700][DBG] MSPSOCKET  MSPSocket. 515  connect(7,117.121.48.5,) ret=-1, hd=f807e4d0
[2016/05/20 00:52:48 824][Px17e7][Tx6ffd700][ERR] MSPSOCKET  MSPSocket. 530  connect() failed! f807e4d0,7,-1,101
[2016/05/20 00:52:48 825][Px17e7][Tx6ffd700][DBG] MSPTHREAD  MSPThreadP 733  POST l_engine_2:10:2:0
[2016/05/20 00:52:48 825][Px17e7][Tx6ffd700][TRC] MSPSOCKET  MSPSocket. 565  MSPSocket_Connect() [out] 10202
[2016/05/20 00:52:48 826][Px17e7][Tx6ffd700][DBG] LENGINE    leng_rpc.c 527  luacRPCFuncProto_Invoke() [out] ret = 0
[2016/05/20 00:52:48 826][Px17e7][Tx6ffd700][DBG] LENGINE    leng_main. 513  ENGINE_MSG_RPC_ASYNC
[2016/05/20 00:52:48 827][Px17e7][Tx6ffd700][DBG] LENGINE    leng_main. 521  [isr_local], stat = 1
[2016/05/20 00:52:48 828][Px17e7][Tx6ffd700][DBG] LENGINE    leng_rpc.c 413  luacRPCFuncProto_Invoke(e0002d10,fc26dea0) [in]
[2016/05/20 00:52:48 829][Px17e7][Tx6ffd700][ERR] LMOD       luac_logge 166  [transport:295:[dns] [0] failed! 10214  ]
[2016/05/20 00:52:48 830][Px17e7][Tx6ffd700][INF] LLOADER    lloader.c  327  load dkjson
[2016/05/20 00:52:48 830][Px17e7][Tx6ffd700][INF] LLOADER    lloader.c  339  a intalled entry
[2016/05/20 00:52:48 831][Px17e7][Tx6ffd700][INF] LLOADER    lloader.c  365  from rom
[2016/05/20 00:52:48 831][Px17e7][Tx6ffd700][PRF] LLOADER    lloader.c  397  load dkjson cost 1 (ms)
[2016/05/20 00:52:48 833][Px17e7][Tx6ffd700][DBG] LMOD       luac_logge 178  [network:83:ipfromenv ,  ipcache  open.xf-yun.com  def  nil  ]
[2016/05/20 00:52:48 833][Px17e7][Tx6ffd700][INF] LLOADER    lloader.c  327  load dkjson
[2016/05/20 00:52:48 834][Px17e7][Tx6ffd700][INF] LLOADER    lloader.c  339  a intalled entry
[2016/05/20 00:52:48 835][Px17e7][Tx6ffd700][INF] LLOADER    lloader.c  365  from rom
[2016/05/20 00:52:48 835][Px17e7][Tx6ffd700][PRF] LLOADER    lloader.c  397  load dkjson cost 1 (ms)
[2016/05/20 00:52:48 837][Px17e7][Tx6ffd700][DBG] LMOD       luac_logge 178  [network:83:ipfromenv ,  ipcfg  open.xf-yun.com  def  nil  ]
[2016/05/20 00:52:48 837][Px17e7][Tx6ffd700][TRC] LMOD       luac_logge 170  [transport:1166:[soc] connect   116.213.69.195  80  ]
[2016/05/20 00:52:48 838][Px17e7][Tx6ffd700][TRC] MSPSOCKET  MSPSocket. 1593 MSPSocketTCPConnPool_Query(116.213.69.195, 80) [in]
[2016/05/20 00:52:48 838][Px17e7][Tx6ffd700][TRC] MSPSOCKET  MSPSocket. 1618 MSPSocketTCPConnPool_Query() [out] ret=0
[2016/05/20 00:52:48 840][Px17e7][Tx6ffd700][INF] LMOD       luac_logge 172  [transport:1183:mspsoc.open,prot_type=  tcp  ]
[2016/05/20 00:52:48 840][Px17e7][Tx6ffd700][TRC] MSPSOCKET  MSPSocket. 269  MSPSocket_New(1, 1) [in]
[2016/05/20 00:52:48 840][Px17e7][Tx6ffd700][DBG] MSPSOCKET  MSPSocket. 326  socket(2,1,) ret=8, detail=101
[2016/05/20 00:52:48 841][Px17e7][Tx6ffd700][TRC] MSPSOCKET  MSPSocket. 411  MSPSocket_New() [out] f8416540 0
[2016/05/20 00:52:48 842][Px17e7][Tx6ffd700][TRC] MSPSOCKET  MSPSocket. 501  MSPSocket_Connect(f8416540) [in]
[2016/05/20 00:52:48 842][Px17e7][Tx6ffd700][DBG] MSPSOCKET  MSPSocket. 515  connect(8,116.213.69.195,) ret=-1, hd=f8416540
[2016/05/20 00:52:48 843][Px17e7][Tx6ffd700][ERR] MSPSOCKET  MSPSocket. 530  connect() failed! f8416540,8,-1,101
[2016/05/20 00:52:48 843][Px17e7][Tx6ffd700][DBG] MSPTHREAD  MSPThreadP 733  POST l_engine_2:10:2:0
[2016/05/20 00:52:48 843][Px17e7][Tx6ffd700][TRC] MSPSOCKET  MSPSocket. 565  MSPSocket_Connect() [out] 10202
[2016/05/20 00:52:48 844][Px17e7][Tx6ffd700][DBG] LENGINE    leng_rpc.c 527  luacRPCFuncProto_Invoke() [out] ret = 0
[2016/05/20 00:52:48 844][Px17e7][Tx6ffd700][DBG] LENGINE    leng_main. 513  ENGINE_MSG_RPC_ASYNC
[2016/05/20 00:52:48 845][Px17e7][Tx6ffd700][DBG] LENGINE    leng_main. 521  [isr_local], stat = 1
[2016/05/20 00:52:48 846][Px17e7][Tx6ffd700][DBG] LENGINE    leng_rpc.c 413  luacRPCFuncProto_Invoke(f8407830,fc26dea0) [in]
[2016/05/20 00:52:48 847][Px17e7][Tx6ffd700][INF] LMOD       luac_logge 172  [ns:244:ns soc error  10202  ]
[2016/05/20 00:52:48 847][Px17e7][Tx6ffd700][TRC] MSPSOCKET  MSPSocket. 1014 MSPSocket_Close(f807e4d0) [in]
[2016/05/20 00:52:48 848][Px17e7][Tx6ffd700][DBG] MSPSOCKET  MSPSocket. 1034 close(7), f807e4d0
[2016/05/20 00:52:48 848][Px17e7][Tx6ffd700][TRC] MSPSOCKET  MSPSocket. 1068 MSPSocket_Close() [out] 0
[2016/05/20 00:52:48 849][Px17e7][Tx6ffd700][INF] LMOD       luac_logge 172  [ns:407:name server http resp  nil  10202  nil  ]
[2016/05/20 00:52:48 850][Px17e7][Tx6ffd700][INF] LMOD       luac_logge 172  [ns:551:ns response failed, err =  10202  ]
[2016/05/20 00:52:48 851][Px17e7][Tx6ffd700][INF] LMOD       luac_logge 172  [ns:111:ns_host=  open.xf-yun.com  ]
[2016/05/20 00:52:48 852][Px17e7][Tx6ffd700][INF] LMOD       luac_logge 172  [ns:113:use default ip  ]
[2016/05/20 00:52:48 854][Px17e7][Tx6ffd700][INF] LMOD       luac_logge 172  [transport:974:ns_ip =   116.213.69.195  ]
[2016/05/20 00:52:48 855][Px17e7][Tx6ffd700][INF] LMOD       luac_logge 172  [transport:975:ip_type =  def_athopen.xf-yun.com  ]
[2016/05/20 00:52:48 856][Px17e7][Tx6ffd700][INF] LMOD       luac_logge 172  [ns:756:no data in ns_q  ]
[2016/05/20 00:52:48 857][Px17e7][Tx6ffd700][INF] LMOD       luac_logge 172  [ns:757:conti_ns,ns_inprog =   1  ]
[2016/05/20 00:52:48 857][Px17e7][Tx6ffd700][DBG] LENGINE    leng_rpc.c 527  luacRPCFuncProto_Invoke() [out] ret = 0
[2016/05/20 00:52:48 858][Px17e7][Tx6ffd700][DBG] LENGINE    leng_main. 513  ENGINE_MSG_RPC_ASYNC
[2016/05/20 00:52:48 858][Px17e7][Tx6ffd700][DBG] LENGINE    leng_main. 521  [isr_local], stat = 1
[2016/05/20 00:52:48 858][Px17e7][Tx6ffd700][DBG] LENGINE    leng_rpc.c 413  luacRPCFuncProto_Invoke(f840f510,fc26dea0) [in]
[2016/05/20 00:52:48 860][Px17e7][Tx6ffd700][ERR] LMOD       luac_logge 166  [transport:545:MSC:[soc] [0] error 10202 101!  ]
[2016/05/20 00:52:48 861][Px17e7][Tx6ffd700][TRC] MSPSOCKET  MSPSocket. 1014 MSPSocket_Close(f8416540) [in]
[2016/05/20 00:52:48 861][Px17e7][Tx6ffd700][DBG] MSPSOCKET  MSPSocket. 1034 close(8), f8416540
[2016/05/20 00:52:48 862][Px17e7][Tx6ffd700][TRC] MSPSOCKET  MSPSocket. 1068 MSPSocket_Close() [out] 0
[2016/05/20 00:52:48 863][Px17e7][Tx6ffd700][INF] LMOD       luac_logge 172  [transport:57:clear_ip ip_type =  def_athopen.xf-yun.com  ]
[2016/05/20 00:52:48 864][Px17e7][Tx6ffd700][WAR] LMOD       luac_logge 168  [transport:321:soc_conn_failed  ]
[2016/05/20 00:52:48 865][Px17e7][Tx6ffd700][DBG] LMOD       luac_logge 178  [network:88:iptoenv ,  ipcache  open.xf-yun.com  def  nil  ]
[2016/05/20 00:52:48 865][Px17e7][Tx6ffd700][INF] LLOADER    lloader.c  327  load dkjson
[2016/05/20 00:52:48 866][Px17e7][Tx6ffd700][INF] LLOADER    lloader.c  339  a intalled entry
[2016/05/20 00:52:48 866][Px17e7][Tx6ffd700][INF] LLOADER    lloader.c  365  from rom
[2016/05/20 00:52:48 867][Px17e7][Tx6ffd700][PRF] LLOADER    lloader.c  397  load dkjson cost 1 (ms)
[2016/05/20 00:52:48 870][Px17e7][Tx6ffd700][INF] LMOD       luac_logge 172  [transport:390:switch 80  ]
[2016/05/20 00:52:48 870][Px17e7][Tx6ffd700][TRC] LENGINE    leng_shell 109  lEngine_Start(f8095288,f8095288,0,) [in]
[2016/05/20 00:52:48 871][Px17e7][Tx6ffd700][TRC] LENGINE    leng_shell 351  lEngine_PostMessage(f83fc320,1,2,) [in]
[2016/05/20 00:52:48 872][Px17e7][Tx6ffd700][DBG] MSPTHREAD  MSPThreadP 733  POST l_engine_1:10:1:1
[2016/05/20 00:52:48 872][Px17e7][Tx77fe700][DBG] LENGINE    leng_main. 513  ENGINE_MSG_RPC_ASYNC
[2016/05/20 00:52:48 873][Px17e7][Tx77fe700][DBG] LENGINE    leng_main. 521  [waiter], stat = 1
[2016/05/20 00:52:48 873][Px17e7][Tx77fe700][DBG] LENGINE    leng_rpc.c 413  luacRPCFuncProto_Invoke(f809b2b0,f83fc320) [in]
[2016/05/20 00:52:48 874][Px17e7][Tx6ffd700][TRC] LENGINE    leng_shell 374  lEngine_PostMessage() [out] 0
[2016/05/20 00:52:48 875][Px17e7][Tx77fe700][INF] LMOD       luac_logge 172  [network:380:redns  def  open.xf-yun.com  ]
[2016/05/20 00:52:48 877][Px17e7][Tx77fe700][TRC] MSPADNS    MSPAsyncDn 268  MSPAsyncDns_Start() [in]
[2016/05/20 00:52:48 878][Px17e7][Tx7fff700][DBG] MSPADNS    MSPAsyncDn 184  gethostbyname(open.xf-yun.com) start [id=1294376]
[2016/05/20 00:52:48 879][Px17e7][Tx7fff700][ERR] MSPADNS    MSPAsyncDn 211  gethostbyname(open.xf-yun.com) failed: Temporary failure in name resolution [id=1294376]
[2016/05/20 00:52:48 880][Px17e7][Tx7fff700][DBG] MSPTHREAD  MSPThreadP 733  POST l_engine_1:10:1:0
[2016/05/20 00:52:48 880][Px17e7][Tx6ffd700][TRC] LMOD       luac_logge 170  [transport:1198:[soc] disconnect   ]
[2016/05/20 00:52:48 881][Px17e7][Tx77fe700][INF] LMOD       luac_logge 172  [waiter:196:last gc at  1463730764  ]
[2016/05/20 00:52:48 881][Px17e7][Tx77fe700][DBG] LENGINE    leng_rpc.c 527  luacRPCFuncProto_Invoke() [out] ret = 0
[2016/05/20 00:52:48 882][Px17e7][Tx77fe700][DBG] LENGINE    leng_main. 513  ENGINE_MSG_RPC_ASYNC
[2016/05/20 00:52:48 882][Px17e7][Tx77fe700][DBG] LENGINE    leng_main. 521  [waiter], stat = 1
[2016/05/20 00:52:48 883][Px17e7][Tx77fe700][DBG] LENGINE    leng_rpc.c 413  luacRPCFuncProto_Invoke(e0001a20,f83fc320) [in]
[2016/05/20 00:52:48 884][Px17e7][Tx6ffd700][DBG] LENGINE    leng_rpc.c 527  luacRPCFuncProto_Invoke() [out] ret = 0
[2016/05/20 00:52:48 885][Px17e7][Tx77fe700][INF] LMOD       luac_logge 172  [network:173:dns resp  10214  ]
[2016/05/20 00:52:48 886][Px17e7][Tx77fe700][INF] LMOD       luac_logge 172  [network:397:redns dns resp  nil  10214  nil  nil  ]
[2016/05/20 00:52:48 887][Px17e7][Tx77fe700][DBG] LENGINE    leng_rpc.c 527  luacRPCFuncProto_Invoke() [out] ret = 0
[2016/05/20 00:52:49 081][Px17e7][Tx6ffd700][DBG] LENGINE    leng_rpc.c 413  luacRPCFuncProto_Invoke(f809b2b0,fc26dea0) [in]
[2016/05/20 00:52:49 082][Px17e7][Tx6ffd700][INF] LMOD       luac_logge 172  [transport:959:session.domain=  open.xf-yun.com  ]
[2016/05/20 00:52:49 083][Px17e7][Tx6ffd700][INF] LMOD       luac_logge 172  [transport:960:url.host=  open.xf-yun.com  ]
[2016/05/20 00:52:49 083][Px17e7][Tx6ffd700][INF] LLOADER    lloader.c  327  load dkjson
[2016/05/20 00:52:49 084][Px17e7][Tx6ffd700][INF] LLOADER    lloader.c  339  a intalled entry
[2016/05/20 00:52:49 084][Px17e7][Tx6ffd700][INF] LLOADER    lloader.c  365  from rom
[2016/05/20 00:52:49 084][Px17e7][Tx6ffd700][PRF] LLOADER    lloader.c  397  load dkjson cost 1 (ms)
[2016/05/20 00:52:49 085][Px17e7][Tx6ffd700][DBG] LMOD       luac_logge 178  [network:83:ipfromenv ,  ipcache  open.xf-yun.com  def  nil  ]
[2016/05/20 00:52:49 086][Px17e7][Tx6ffd700][TRC] LMOD       luac_logge 170  [transport:994:NAMESERVER START  ]
[2016/05/20 00:52:49 087][Px17e7][Tx6ffd700][INF] LMOD       luac_logge 172  [transport:997:name =   ath  ]
[2016/05/20 00:52:49 087][Px17e7][Tx6ffd700][INF] LMOD       luac_logge 172  [ns:727:ntt=  standard  ]
[2016/05/20 00:52:49 088][Px17e7][Tx6ffd700][INF] LMOD       luac_logge 172  [transport:1000:trans,ns_inprog =  0  ]
[2016/05/20 00:52:49 088][Px17e7][Tx6ffd700][TRC] LMOD       luac_logge 170  [ns:682:name server start  ]
[2016/05/20 00:52:49 089][Px17e7][Tx6ffd700][INF] LMOD       luac_logge 172  [ns:683:ns_sub =   ath  ]
[2016/05/20 00:52:49 090][Px17e7][Tx6ffd700][INF] LMOD       luac_logge 172  [ns:685:ns_host=  open.xf-yun.com  ]
[2016/05/20 00:52:49 090][Px17e7][Tx6ffd700][INF] LMOD       luac_logge 172  [ns:403:ns_host=  open.xf-yun.com  ]
[2016/05/20 00:52:49 092][Px17e7][Tx6ffd700][DBG] LMOD       luac_logge 178  [ns:662:GET /sip/resolver?srand=0520005211.32 HTTP/1.1
Host: hdns.openspeech.cn
Connection: Keep-Alive
X-Par: ver=1.2&appid=583467f7&operator=UNKNOW&nettype=STANDARD&cver=5.0.27.1135&svc=ath&host=open.xf-yun.com&sign=ab5642eee045664edaa7e929fd22b4cc
User-Agent: iFLYCloud

  ]
[2016/05/20 00:52:49 092][Px17e7][Tx6ffd700][INF] LMOD       luac_logge 172  [ns:663:net_type =  standard  ]
[2016/05/20 00:52:49 093][Px17e7][Tx6ffd700][INF] LMOD       luac_logge 172  [ns:664:cmwapascmnet =  ]
[2016/05/20 00:52:49 093][Px17e7][Tx6ffd700][INF] LMOD       luac_logge 172  [ns:665:uniwapasuninet =  ]
[2016/05/20 00:52:49 094][Px17e7][Tx6ffd700][INF] LMOD       luac_logge 172  [ns:666:ctwapasctnet =  ]
[2016/05/20 00:52:49 095][Px17e7][Tx6ffd700][INF] LMOD       luac_logge 172  [ns:676:host=  hdns.openspeech.cn  ]
[2016/05/20 00:52:49 095][Px17e7][Tx6ffd700][TRC] MSPADNS    MSPAsyncDn 268  MSPAsyncDns_Start() [in]
[2016/05/20 00:52:49 095][Px17e7][Tx7fff700][DBG] MSPADNS    MSPAsyncDn 184  gethostbyname(hdns.openspeech.cn) start [id=-129995832]
[2016/05/20 00:52:49 096][Px17e7][Tx7fff700][ERR] MSPADNS    MSPAsyncDn 211  gethostbyname(hdns.openspeech.cn) failed: Temporary failure in name resolution [id=-129995832]
[2016/05/20 00:52:49 096][Px17e7][Tx7fff700][DBG] MSPTHREAD  MSPThreadP 733  POST l_engine_2:10:1:1
[2016/05/20 00:52:49 096][Px17e7][Tx6ffd700][TRC] MSPADNS    MSPAsyncDn 268  MSPAsyncDns_Start() [in]
[2016/05/20 00:52:49 097][Px17e7][Tx7fff700][DBG] MSPADNS    MSPAsyncDn 184  gethostbyname(open.xf-yun.com) start [id=-129959576]
[2016/05/20 00:52:49 097][Px17e7][Tx7fff700][ERR] MSPADNS    MSPAsyncDn 211  gethostbyname(open.xf-yun.com) failed: Temporary failure in name resolution [id=-129959576]
[2016/05/20 00:52:49 097][Px17e7][Tx7fff700][DBG] MSPTHREAD  MSPThreadP 733  POST l_engine_2:10:2:0
[2016/05/20 00:52:49 098][Px17e7][Tx6ffd700][DBG] LENGINE    leng_rpc.c 527  luacRPCFuncProto_Invoke() [out] ret = 0
[2016/05/20 00:52:49 098][Px17e7][Tx6ffd700][DBG] LENGINE    leng_main. 513  ENGINE_MSG_RPC_ASYNC
[2016/05/20 00:52:49 098][Px17e7][Tx6ffd700][DBG] LENGINE    leng_main. 521  [isr_local], stat = 1
[2016/05/20 00:52:49 098][Px17e7][Tx6ffd700][DBG] LENGINE    leng_rpc.c 413  luacRPCFuncProto_Invoke(e0001a20,fc26dea0) [in]
[2016/05/20 00:52:49 099][Px17e7][Tx6ffd700][INF] LMOD       luac_logge 172  [ns:290:ns dns resp  10214  ]
[2016/05/20 00:52:49 099][Px17e7][Tx6ffd700][INF] LMOD       luac_logge 172  [ns:564:ns dns failed, err =   10214  ]
[2016/05/20 00:52:49 100][Px17e7][Tx6ffd700][INF] LMOD       luac_logge 172  [ns:174:ns gethttpresp  117.121.48.5  80  ]
[2016/05/20 00:52:49 100][Px17e7][Tx6ffd700][TRC] MSPSOCKET  MSPSocket. 269  MSPSocket_New(1, 1) [in]
[2016/05/20 00:52:49 101][Px17e7][Tx6ffd700][DBG] MSPSOCKET  MSPSocket. 326  socket(2,1,) ret=7, detail=101
[2016/05/20 00:52:49 101][Px17e7][Tx6ffd700][TRC] MSPSOCKET  MSPSocket. 411  MSPSocket_New() [out] f8417ec0 0
[2016/05/20 00:52:49 101][Px17e7][Tx6ffd700][TRC] MSPSOCKET  MSPSocket. 501  MSPSocket_Connect(f8417ec0) [in]
[2016/05/20 00:52:49 101][Px17e7][Tx6ffd700][DBG] MSPSOCKET  MSPSocket. 515  connect(7,117.121.48.5,) ret=-1, hd=f8417ec0
[2016/05/20 00:52:49 102][Px17e7][Tx6ffd700][ERR] MSPSOCKET  MSPSocket. 530  connect() failed! f8417ec0,7,-1,101
[2016/05/20 00:52:49 102][Px17e7][Tx6ffd700][DBG] MSPTHREAD  MSPThreadP 733  POST l_engine_2:10:2:0
[2016/05/20 00:52:49 102][Px17e7][Tx6ffd700][TRC] MSPSOCKET  MSPSocket. 565  MSPSocket_Connect() [out] 10202
[2016/05/20 00:52:49 102][Px17e7][Tx6ffd700][DBG] LENGINE    leng_rpc.c 527  luacRPCFuncProto_Invoke() [out] ret = 0
[2016/05/20 00:52:49 103][Px17e7][Tx6ffd700][DBG] LENGINE    leng_main. 513  ENGINE_MSG_RPC_ASYNC
[2016/05/20 00:52:49 103][Px17e7][Tx6ffd700][DBG] LENGINE    leng_main. 521  [isr_local], stat = 1
[2016/05/20 00:52:49 103][Px17e7][Tx6ffd700][DBG] LENGINE    leng_rpc.c 413  luacRPCFuncProto_Invoke(e0002d10,fc26dea0) [in]
[2016/05/20 00:52:49 104][Px17e7][Tx6ffd700][ERR] LMOD       luac_logge 166  [transport:295:[dns] [0] failed! 10214  ]
[2016/05/20 00:52:49 104][Px17e7][Tx6ffd700][INF] LLOADER    lloader.c  327  load dkjson
[2016/05/20 00:52:49 104][Px17e7][Tx6ffd700][INF] LLOADER    lloader.c  339  a intalled entry
[2016/05/20 00:52:49 105][Px17e7][Tx6ffd700][INF] LLOADER    lloader.c  365  from rom
[2016/05/20 00:52:49 105][Px17e7][Tx6ffd700][PRF] LLOADER    lloader.c  397  load dkjson cost 1 (ms)
[2016/05/20 00:52:49 106][Px17e7][Tx6ffd700][DBG] LMOD       luac_logge 178  [network:83:ipfromenv ,  ipcache  open.xf-yun.com  def  nil  ]
[2016/05/20 00:52:49 106][Px17e7][Tx6ffd700][INF] LLOADER    lloader.c  327  load dkjson
[2016/05/20 00:52:49 107][Px17e7][Tx6ffd700][INF] LLOADER    lloader.c  339  a intalled entry
[2016/05/20 00:52:49 107][Px17e7][Tx6ffd700][INF] LLOADER    lloader.c  365  from rom
[2016/05/20 00:52:49 108][Px17e7][Tx6ffd700][PRF] LLOADER    lloader.c  397  load dkjson cost 1 (ms)
[2016/05/20 00:52:49 108][Px17e7][Tx6ffd700][DBG] LMOD       luac_logge 178  [network:83:ipfromenv ,  ipcfg  open.xf-yun.com  def  nil  ]
[2016/05/20 00:52:49 109][Px17e7][Tx6ffd700][TRC] LMOD       luac_logge 170  [transport:1166:[soc] connect   116.213.69.195  80  ]
[2016/05/20 00:52:49 109][Px17e7][Tx6ffd700][TRC] MSPSOCKET  MSPSocket. 1593 MSPSocketTCPConnPool_Query(116.213.69.195, 80) [in]
[2016/05/20 00:52:49 110][Px17e7][Tx6ffd700][TRC] MSPSOCKET  MSPSocket. 1618 MSPSocketTCPConnPool_Query() [out] ret=0
[2016/05/20 00:52:49 110][Px17e7][Tx6ffd700][INF] LMOD       luac_logge 172  [transport:1183:mspsoc.open,prot_type=  tcp  ]
[2016/05/20 00:52:49 111][Px17e7][Tx6ffd700][TRC] MSPSOCKET  MSPSocket. 269  MSPSocket_New(1, 1) [in]
[2016/05/20 00:52:49 111][Px17e7][Tx6ffd700][DBG] MSPSOCKET  MSPSocket. 326  socket(2,1,) ret=8, detail=101
[2016/05/20 00:52:49 111][Px17e7][Tx6ffd700][TRC] MSPSOCKET  MSPSocket. 411  MSPSocket_New() [out] f8414640 0
[2016/05/20 00:52:49 112][Px17e7][Tx6ffd700][TRC] MSPSOCKET  MSPSocket. 501  MSPSocket_Connect(f8414640) [in]
[2016/05/20 00:52:49 112][Px17e7][Tx6ffd700][DBG] MSPSOCKET  MSPSocket. 515  connect(8,116.213.69.195,) ret=-1, hd=f8414640
[2016/05/20 00:52:49 112][Px17e7][Tx6ffd700][ERR] MSPSOCKET  MSPSocket. 530  connect() failed! f8414640,8,-1,101
[2016/05/20 00:52:49 112][Px17e7][Tx6ffd700][DBG] MSPTHREAD  MSPThreadP 733  POST l_engine_2:10:2:0
[2016/05/20 00:52:49 113][Px17e7][Tx6ffd700][TRC] MSPSOCKET  MSPSocket. 565  MSPSocket_Connect() [out] 10202
[2016/05/20 00:52:49 113][Px17e7][Tx6ffd700][DBG] LENGINE    leng_rpc.c 527  luacRPCFuncProto_Invoke() [out] ret = 0
[2016/05/20 00:52:49 113][Px17e7][Tx6ffd700][DBG] LENGINE    leng_main. 513  ENGINE_MSG_RPC_ASYNC
[2016/05/20 00:52:49 114][Px17e7][Tx6ffd700][DBG] LENGINE    leng_main. 521  [isr_local], stat = 1
[2016/05/20 00:52:49 114][Px17e7][Tx6ffd700][DBG] LENGINE    leng_rpc.c 413  luacRPCFuncProto_Invoke(f809b2b0,fc26dea0) [in]
[2016/05/20 00:52:49 115][Px17e7][Tx6ffd700][INF] LMOD       luac_logge 172  [ns:244:ns soc error  10202  ]
[2016/05/20 00:52:49 115][Px17e7][Tx6ffd700][TRC] MSPSOCKET  MSPSocket. 1014 MSPSocket_Close(f8417ec0) [in]
[2016/05/20 00:52:49 115][Px17e7][Tx6ffd700][DBG] MSPSOCKET  MSPSocket. 1034 close(7), f8417ec0
[2016/05/20 00:52:49 115][Px17e7][Tx6ffd700][TRC] MSPSOCKET  MSPSocket. 1068 MSPSocket_Close() [out] 0
[2016/05/20 00:52:49 116][Px17e7][Tx6ffd700][INF] LMOD       luac_logge 172  [ns:407:name server http resp  nil  10202  nil  ]
[2016/05/20 00:52:49 117][Px17e7][Tx6ffd700][INF] LMOD       luac_logge 172  [ns:551:ns response failed, err =  10202  ]
[2016/05/20 00:52:49 117][Px17e7][Tx6ffd700][INF] LMOD       luac_logge 172  [ns:111:ns_host=  open.xf-yun.com  ]
[2016/05/20 00:52:49 118][Px17e7][Tx6ffd700][INF] LMOD       luac_logge 172  [ns:113:use default ip  ]
[2016/05/20 00:52:49 119][Px17e7][Tx6ffd700][INF] LMOD       luac_logge 172  [transport:974:ns_ip =   116.213.69.195  ]
[2016/05/20 00:52:49 119][Px17e7][Tx6ffd700][INF] LMOD       luac_logge 172  [transport:975:ip_type =  def_athopen.xf-yun.com  ]
[2016/05/20 00:52:49 120][Px17e7][Tx6ffd700][INF] LMOD       luac_logge 172  [ns:756:no data in ns_q  ]
[2016/05/20 00:52:49 120][Px17e7][Tx6ffd700][INF] LMOD       luac_logge 172  [ns:757:conti_ns,ns_inprog =   1  ]
[2016/05/20 00:52:49 121][Px17e7][Tx6ffd700][DBG] LENGINE    leng_rpc.c 527  luacRPCFuncProto_Invoke() [out] ret = 0
[2016/05/20 00:52:49 122][Px17e7][Tx6ffd700][DBG] LENGINE    leng_main. 513  ENGINE_MSG_RPC_ASYNC
[2016/05/20 00:52:49 122][Px17e7][Tx6ffd700][DBG] LENGINE    leng_main. 521  [isr_local], stat = 1
[2016/05/20 00:52:49 122][Px17e7][Tx6ffd700][DBG] LENGINE    leng_rpc.c 413  luacRPCFuncProto_Invoke(f8406ba0,fc26dea0) [in]
[2016/05/20 00:52:49 124][Px17e7][Tx6ffd700][ERR] LMOD       luac_logge 166  [transport:545:MSC:[soc] [0] error 10202 101!  ]
[2016/05/20 00:52:49 124][Px17e7][Tx6ffd700][TRC] MSPSOCKET  MSPSocket. 1014 MSPSocket_Close(f8414640) [in]
[2016/05/20 00:52:49 125][Px17e7][Tx6ffd700][DBG] MSPSOCKET  MSPSocket. 1034 close(8), f8414640
[2016/05/20 00:52:49 125][Px17e7][Tx6ffd700][TRC] MSPSOCKET  MSPSocket. 1068 MSPSocket_Close() [out] 0
[2016/05/20 00:52:49 126][Px17e7][Tx6ffd700][INF] LMOD       luac_logge 172  [transport:57:clear_ip ip_type =  def_athopen.xf-yun.com  ]
[2016/05/20 00:52:49 126][Px17e7][Tx6ffd700][WAR] LMOD       luac_logge 168  [transport:321:soc_conn_failed  ]
[2016/05/20 00:52:49 127][Px17e7][Tx6ffd700][DBG] LMOD       luac_logge 178  [network:88:iptoenv ,  ipcache  open.xf-yun.com  def  nil  ]
[2016/05/20 00:52:49 127][Px17e7][Tx6ffd700][INF] LLOADER    lloader.c  327  load dkjson
[2016/05/20 00:52:49 128][Px17e7][Tx6ffd700][INF] LLOADER    lloader.c  339  a intalled entry
[2016/05/20 00:52:49 128][Px17e7][Tx6ffd700][INF] LLOADER    lloader.c  365  from rom
[2016/05/20 00:52:49 129][Px17e7][Tx6ffd700][PRF] LLOADER    lloader.c  397  load dkjson cost 1 (ms)
[2016/05/20 00:52:49 130][Px17e7][Tx6ffd700][INF] LMOD       luac_logge 172  [transport:390:switch 80  ]
[2016/05/20 00:52:49 131][Px17e7][Tx6ffd700][TRC] LENGINE    leng_shell 109  lEngine_Start(f8095288,f8095288,0,) [in]
[2016/05/20 00:52:49 131][Px17e7][Tx6ffd700][TRC] LENGINE    leng_shell 351  lEngine_PostMessage(f83fc320,1,2,) [in]
[2016/05/20 00:52:49 131][Px17e7][Tx6ffd700][DBG] MSPTHREAD  MSPThreadP 733  POST l_engine_1:10:1:1
[2016/05/20 00:52:49 132][Px17e7][Tx77fe700][DBG] LENGINE    leng_main. 513  ENGINE_MSG_RPC_ASYNC
[2016/05/20 00:52:49 132][Px17e7][Tx77fe700][DBG] LENGINE    leng_main. 521  [waiter], stat = 1
[2016/05/20 00:52:49 132][Px17e7][Tx77fe700][DBG] LENGINE    leng_rpc.c 413  luacRPCFuncProto_Invoke(f8401920,f83fc320) [in]
[2016/05/20 00:52:49 133][Px17e7][Tx6ffd700][TRC] LENGINE    leng_shell 374  lEngine_PostMessage() [out] 0
[2016/05/20 00:52:49 134][Px17e7][Tx77fe700][INF] LMOD       luac_logge 172  [network:380:redns  def  open.xf-yun.com  ]
[2016/05/20 00:52:49 134][Px17e7][Tx77fe700][TRC] MSPADNS    MSPAsyncDn 268  MSPAsyncDns_Start() [in]
[2016/05/20 00:52:49 135][Px17e7][Tx7fff700][DBG] MSPADNS    MSPAsyncDn 184  gethostbyname(open.xf-yun.com) start [id=1296248]
[2016/05/20 00:52:49 135][Px17e7][Tx7fff700][ERR] MSPADNS    MSPAsyncDn 211  gethostbyname(open.xf-yun.com) failed: Temporary failure in name resolution [id=1296248]
[2016/05/20 00:52:49 136][Px17e7][Tx7fff700][DBG] MSPTHREAD  MSPThreadP 733  POST l_engine_1:10:1:0
[2016/05/20 00:52:49 136][Px17e7][Tx6ffd700][TRC] LMOD       luac_logge 170  [transport:1198:[soc] disconnect   ]
[2016/05/20 00:52:49 137][Px17e7][Tx77fe700][INF] LMOD       luac_logge 172  [waiter:196:last gc at  1463730764  ]
[2016/05/20 00:52:49 137][Px17e7][Tx77fe700][DBG] LENGINE    leng_rpc.c 527  luacRPCFuncProto_Invoke() [out] ret = 0
[2016/05/20 00:52:49 138][Px17e7][Tx77fe700][DBG] LENGINE    leng_main. 513  ENGINE_MSG_RPC_ASYNC
[2016/05/20 00:52:49 139][Px17e7][Tx77fe700][DBG] LENGINE    leng_main. 521  [waiter], stat = 1
[2016/05/20 00:52:49 139][Px17e7][Tx77fe700][DBG] LENGINE    leng_rpc.c 413  luacRPCFuncProto_Invoke(e0001a20,f83fc320) [in]
[2016/05/20 00:52:49 139][Px17e7][Tx6ffd700][DBG] LENGINE    leng_rpc.c 527  luacRPCFuncProto_Invoke() [out] ret = 0
[2016/05/20 00:52:49 141][Px17e7][Tx77fe700][INF] LMOD       luac_logge 172  [network:173:dns resp  10214  ]
[2016/05/20 00:52:49 141][Px17e7][Tx77fe700][INF] LMOD       luac_logge 172  [network:397:redns dns resp  nil  10214  nil  nil  ]
[2016/05/20 00:52:49 142][Px17e7][Tx77fe700][DBG] LENGINE    leng_rpc.c 527  luacRPCFuncProto_Invoke() [out] ret = 0
[2016/05/20 00:52:49 337][Px17e7][Tx6ffd700][DBG] LENGINE    leng_rpc.c 413  luacRPCFuncProto_Invoke(f8406ba0,fc26dea0) [in]
[2016/05/20 00:52:49 339][Px17e7][Tx6ffd700][INF] LMOD       luac_logge 172  [transport:959:session.domain=  open.xf-yun.com  ]
[2016/05/20 00:52:49 340][Px17e7][Tx6ffd700][INF] LMOD       luac_logge 172  [transport:960:url.host=  open.xf-yun.com  ]
[2016/05/20 00:52:49 341][Px17e7][Tx6ffd700][INF] LLOADER    lloader.c  327  load dkjson
[2016/05/20 00:52:49 341][Px17e7][Tx6ffd700][INF] LLOADER    lloader.c  339  a intalled entry
[2016/05/20 00:52:49 341][Px17e7][Tx6ffd700][INF] LLOADER    lloader.c  365  from rom
[2016/05/20 00:52:49 342][Px17e7][Tx6ffd700][PRF] LLOADER    lloader.c  397  load dkjson cost 1 (ms)
[2016/05/20 00:52:49 343][Px17e7][Tx6ffd700][DBG] LMOD       luac_logge 178  [network:83:ipfromenv ,  ipcache  open.xf-yun.com  def  nil  ]
[2016/05/20 00:52:49 345][Px17e7][Tx6ffd700][TRC] LMOD       luac_logge 170  [transport:994:NAMESERVER START  ]
[2016/05/20 00:52:49 346][Px17e7][Tx6ffd700][INF] LMOD       luac_logge 172  [transport:997:name =   ath  ]
[2016/05/20 00:52:49 347][Px17e7][Tx6ffd700][INF] LMOD       luac_logge 172  [ns:727:ntt=  standard  ]
[2016/05/20 00:52:49 348][Px17e7][Tx6ffd700][INF] LMOD       luac_logge 172  [transport:1000:trans,ns_inprog =  0  ]
[2016/05/20 00:52:49 349][Px17e7][Tx6ffd700][TRC] LMOD       luac_logge 170  [ns:682:name server start  ]
[2016/05/20 00:52:49 350][Px17e7][Tx6ffd700][INF] LMOD       luac_logge 172  [ns:683:ns_sub =   ath  ]
[2016/05/20 00:52:49 350][Px17e7][Tx6ffd700][INF] LMOD       luac_logge 172  [ns:685:ns_host=  open.xf-yun.com  ]
[2016/05/20 00:52:49 351][Px17e7][Tx6ffd700][INF] LMOD       luac_logge 172  [ns:403:ns_host=  open.xf-yun.com  ]
[2016/05/20 00:52:49 352][Px17e7][Tx6ffd700][DBG] LMOD       luac_logge 178  [ns:662:GET /sip/resolver?srand=0520005211.32 HTTP/1.1
Host: hdns.openspeech.cn
Connection: Keep-Alive
X-Par: ver=1.2&appid=583467f7&operator=UNKNOW&nettype=STANDARD&cver=5.0.27.1135&svc=ath&host=open.xf-yun.com&sign=ab5642eee045664edaa7e929fd22b4cc
User-Agent: iFLYCloud

  ]
[2016/05/20 00:52:49 352][Px17e7][Tx6ffd700][INF] LMOD       luac_logge 172  [ns:663:net_type =  standard  ]
[2016/05/20 00:52:49 353][Px17e7][Tx6ffd700][INF] LMOD       luac_logge 172  [ns:664:cmwapascmnet =  ]
[2016/05/20 00:52:49 354][Px17e7][Tx6ffd700][INF] LMOD       luac_logge 172  [ns:665:uniwapasuninet =  ]
[2016/05/20 00:52:49 354][Px17e7][Tx6ffd700][INF] LMOD       luac_logge 172  [ns:666:ctwapasctnet =  ]
[2016/05/20 00:52:49 355][Px17e7][Tx6ffd700][INF] LMOD       luac_logge 172  [ns:676:host=  hdns.openspeech.cn  ]
[2016/05/20 00:52:49 355][Px17e7][Tx6ffd700][TRC] MSPADNS    MSPAsyncDn 268  MSPAsyncDns_Start() [in]
[2016/05/20 00:52:49 355][Px17e7][Tx7fff700][DBG] MSPADNS    MSPAsyncDn 184  gethostbyname(hdns.openspeech.cn) start [id=-133582120]
[2016/05/20 00:52:49 356][Px17e7][Tx7fff700][ERR] MSPADNS    MSPAsyncDn 211  gethostbyname(hdns.openspeech.cn) failed: Temporary failure in name resolution [id=-133582120]
[2016/05/20 00:52:49 356][Px17e7][Tx7fff700][DBG] MSPTHREAD  MSPThreadP 733  POST l_engine_2:10:1:1
[2016/05/20 00:52:49 356][Px17e7][Tx6ffd700][TRC] MSPADNS    MSPAsyncDn 268  MSPAsyncDns_Start() [in]
[2016/05/20 00:52:49 356][Px17e7][Tx7fff700][DBG] MSPADNS    MSPAsyncDn 184  gethostbyname(open.xf-yun.com) start [id=-130062344]
[2016/05/20 00:52:49 357][Px17e7][Tx7fff700][ERR] MSPADNS    MSPAsyncDn 211  gethostbyname(open.xf-yun.com) failed: Temporary failure in name resolution [id=-130062344]
[2016/05/20 00:52:49 357][Px17e7][Tx7fff700][DBG] MSPTHREAD  MSPThreadP 733  POST l_engine_2:10:2:0
[2016/05/20 00:52:49 357][Px17e7][Tx6ffd700][DBG] LENGINE    leng_rpc.c 527  luacRPCFuncProto_Invoke() [out] ret = 0
[2016/05/20 00:52:49 358][Px17e7][Tx6ffd700][DBG] LENGINE    leng_main. 513  ENGINE_MSG_RPC_ASYNC
[2016/05/20 00:52:49 358][Px17e7][Tx6ffd700][DBG] LENGINE    leng_main. 521  [isr_local], stat = 1
[2016/05/20 00:52:49 358][Px17e7][Tx6ffd700][DBG] LENGINE    leng_rpc.c 413  luacRPCFuncProto_Invoke(e0001a20,fc26dea0) [in]
[2016/05/20 00:52:49 359][Px17e7][Tx6ffd700][INF] LMOD       luac_logge 172  [ns:290:ns dns resp  10214  ]
[2016/05/20 00:52:49 359][Px17e7][Tx6ffd700][INF] LMOD       luac_logge 172  [ns:564:ns dns failed, err =   10214  ]
[2016/05/20 00:52:49 360][Px17e7][Tx6ffd700][INF] LMOD       luac_logge 172  [ns:174:ns gethttpresp  117.121.48.5  80  ]
[2016/05/20 00:52:49 360][Px17e7][Tx6ffd700][TRC] MSPSOCKET  MSPSocket. 269  MSPSocket_New(1, 1) [in]
[2016/05/20 00:52:49 361][Px17e7][Tx6ffd700][DBG] MSPSOCKET  MSPSocket. 326  socket(2,1,) ret=7, detail=101
[2016/05/20 00:52:49 361][Px17e7][Tx6ffd700][TRC] MSPSOCKET  MSPSocket. 411  MSPSocket_New() [out] f8418bd0 0
[2016/05/20 00:52:49 361][Px17e7][Tx6ffd700][TRC] MSPSOCKET  MSPSocket. 501  MSPSocket_Connect(f8418bd0) [in]
[2016/05/20 00:52:49 361][Px17e7][Tx6ffd700][DBG] MSPSOCKET  MSPSocket. 515  connect(7,117.121.48.5,) ret=-1, hd=f8418bd0
[2016/05/20 00:52:49 362][Px17e7][Tx6ffd700][ERR] MSPSOCKET  MSPSocket. 530  connect() failed! f8418bd0,7,-1,101
[2016/05/20 00:52:49 362][Px17e7][Tx6ffd700][DBG] MSPTHREAD  MSPThreadP 733  POST l_engine_2:10:2:0
[2016/05/20 00:52:49 362][Px17e7][Tx6ffd700][TRC] MSPSOCKET  MSPSocket. 565  MSPSocket_Connect() [out] 10202
[2016/05/20 00:52:49 363][Px17e7][Tx6ffd700][DBG] LENGINE    leng_rpc.c 527  luacRPCFuncProto_Invoke() [out] ret = 0
[2016/05/20 00:52:49 363][Px17e7][Tx6ffd700][DBG] LENGINE    leng_main. 513  ENGINE_MSG_RPC_ASYNC
[2016/05/20 00:52:49 363][Px17e7][Tx6ffd700][DBG] LENGINE    leng_main. 521  [isr_local], stat = 1
[2016/05/20 00:52:49 363][Px17e7][Tx6ffd700][DBG] LENGINE    leng_rpc.c 413  luacRPCFuncProto_Invoke(e0002d10,fc26dea0) [in]
[2016/05/20 00:52:49 364][Px17e7][Tx6ffd700][ERR] LMOD       luac_logge 166  [transport:295:[dns] [0] failed! 10214  ]
[2016/05/20 00:52:49 364][Px17e7][Tx6ffd700][INF] LLOADER    lloader.c  327  load dkjson
[2016/05/20 00:52:49 364][Px17e7][Tx6ffd700][INF] LLOADER    lloader.c  339  a intalled entry
[2016/05/20 00:52:49 365][Px17e7][Tx6ffd700][INF] LLOADER    lloader.c  365  from rom
[2016/05/20 00:52:49 365][Px17e7][Tx6ffd700][PRF] LLOADER    lloader.c  397  load dkjson cost 1 (ms)
[2016/05/20 00:52:49 366][Px17e7][Tx6ffd700][DBG] LMOD       luac_logge 178  [network:83:ipfromenv ,  ipcache  open.xf-yun.com  def  nil  ]
[2016/05/20 00:52:49 366][Px17e7][Tx6ffd700][INF] LLOADER    lloader.c  327  load dkjson
[2016/05/20 00:52:49 366][Px17e7][Tx6ffd700][INF] LLOADER    lloader.c  339  a intalled entry
[2016/05/20 00:52:49 367][Px17e7][Tx6ffd700][INF] LLOADER    lloader.c  365  from rom
[2016/05/20 00:52:49 367][Px17e7][Tx6ffd700][PRF] LLOADER    lloader.c  397  load dkjson cost 1 (ms)
[2016/05/20 00:52:49 368][Px17e7][Tx6ffd700][DBG] LMOD       luac_logge 178  [network:83:ipfromenv ,  ipcfg  open.xf-yun.com  def  nil  ]
[2016/05/20 00:52:49 369][Px17e7][Tx6ffd700][TRC] LMOD       luac_logge 170  [transport:1166:[soc] connect   116.213.69.195  80  ]
[2016/05/20 00:52:49 369][Px17e7][Tx6ffd700][TRC] MSPSOCKET  MSPSocket. 1593 MSPSocketTCPConnPool_Query(116.213.69.195, 80) [in]
[2016/05/20 00:52:49 369][Px17e7][Tx6ffd700][TRC] MSPSOCKET  MSPSocket. 1618 MSPSocketTCPConnPool_Query() [out] ret=0
[2016/05/20 00:52:49 370][Px17e7][Tx6ffd700][INF] LMOD       luac_logge 172  [transport:1183:mspsoc.open,prot_type=  tcp  ]
[2016/05/20 00:52:49 371][Px17e7][Tx6ffd700][TRC] MSPSOCKET  MSPSocket. 269  MSPSocket_New(1, 1) [in]
[2016/05/20 00:52:49 371][Px17e7][Tx6ffd700][DBG] MSPSOCKET  MSPSocket. 326  socket(2,1,) ret=8, detail=101
[2016/05/20 00:52:49 371][Px17e7][Tx6ffd700][TRC] MSPSOCKET  MSPSocket. 411  MSPSocket_New() [out] f8412fe0 0
[2016/05/20 00:52:49 372][Px17e7][Tx6ffd700][TRC] MSPSOCKET  MSPSocket. 501  MSPSocket_Connect(f8412fe0) [in]
[2016/05/20 00:52:49 372][Px17e7][Tx6ffd700][DBG] MSPSOCKET  MSPSocket. 515  connect(8,116.213.69.195,) ret=-1, hd=f8412fe0
[2016/05/20 00:52:49 372][Px17e7][Tx6ffd700][ERR] MSPSOCKET  MSPSocket. 530  connect() failed! f8412fe0,8,-1,101
[2016/05/20 00:52:49 373][Px17e7][Tx6ffd700][DBG] MSPTHREAD  MSPThreadP 733  POST l_engine_2:10:2:0
[2016/05/20 00:52:49 373][Px17e7][Tx6ffd700][TRC] MSPSOCKET  MSPSocket. 565  MSPSocket_Connect() [out] 10202
[2016/05/20 00:52:49 373][Px17e7][Tx6ffd700][DBG] LENGINE    leng_rpc.c 527  luacRPCFuncProto_Invoke() [out] ret = 0
[2016/05/20 00:52:49 374][Px17e7][Tx6ffd700][DBG] LENGINE    leng_main. 513  ENGINE_MSG_RPC_ASYNC
[2016/05/20 00:52:49 374][Px17e7][Tx6ffd700][DBG] LENGINE    leng_main. 521  [isr_local], stat = 1
[2016/05/20 00:52:49 374][Px17e7][Tx6ffd700][DBG] LENGINE    leng_rpc.c 413  luacRPCFuncProto_Invoke(f8406ba0,fc26dea0) [in]
[2016/05/20 00:52:49 375][Px17e7][Tx6ffd700][INF] LMOD       luac_logge 172  [ns:244:ns soc error  10202  ]
[2016/05/20 00:52:49 375][Px17e7][Tx6ffd700][TRC] MSPSOCKET  MSPSocket. 1014 MSPSocket_Close(f8418bd0) [in]
[2016/05/20 00:52:49 375][Px17e7][Tx6ffd700][DBG] MSPSOCKET  MSPSocket. 1034 close(7), f8418bd0
[2016/05/20 00:52:49 375][Px17e7][Tx6ffd700][TRC] MSPSOCKET  MSPSocket. 1068 MSPSocket_Close() [out] 0
[2016/05/20 00:52:49 376][Px17e7][Tx6ffd700][INF] LMOD       luac_logge 172  [ns:407:name server http resp  nil  10202  nil  ]
[2016/05/20 00:52:49 376][Px17e7][Tx6ffd700][INF] LMOD       luac_logge 172  [ns:551:ns response failed, err =  10202  ]
[2016/05/20 00:52:49 377][Px17e7][Tx6ffd700][INF] LMOD       luac_logge 172  [ns:111:ns_host=  open.xf-yun.com  ]
[2016/05/20 00:52:49 378][Px17e7][Tx6ffd700][INF] LMOD       luac_logge 172  [ns:113:use default ip  ]
[2016/05/20 00:52:49 378][Px17e7][Tx6ffd700][INF] LMOD       luac_logge 172  [transport:974:ns_ip =   116.213.69.195  ]
[2016/05/20 00:52:49 379][Px17e7][Tx6ffd700][INF] LMOD       luac_logge 172  [transport:975:ip_type =  def_athopen.xf-yun.com  ]
[2016/05/20 00:52:49 379][Px17e7][Tx6ffd700][INF] LMOD       luac_logge 172  [ns:756:no data in ns_q  ]
[2016/05/20 00:52:49 380][Px17e7][Tx6ffd700][INF] LMOD       luac_logge 172  [ns:757:conti_ns,ns_inprog =   1  ]
[2016/05/20 00:52:49 380][Px17e7][Tx6ffd700][DBG] LENGINE    leng_rpc.c 527  luacRPCFuncProto_Invoke() [out] ret = 0
[2016/05/20 00:52:49 380][Px17e7][Tx6ffd700][DBG] LENGINE    leng_main. 513  ENGINE_MSG_RPC_ASYNC
[2016/05/20 00:52:49 381][Px17e7][Tx6ffd700][DBG] LENGINE    leng_main. 521  [isr_local], stat = 1
[2016/05/20 00:52:49 381][Px17e7][Tx6ffd700][DBG] LENGINE    leng_rpc.c 413  luacRPCFuncProto_Invoke(f809b2b0,fc26dea0) [in]
[2016/05/20 00:52:49 382][Px17e7][Tx6ffd700][ERR] LMOD       luac_logge 166  [transport:545:MSC:[soc] [0] error 10202 101!  ]
[2016/05/20 00:52:49 382][Px17e7][Tx6ffd700][TRC] MSPSOCKET  MSPSocket. 1014 MSPSocket_Close(f8412fe0) [in]
[2016/05/20 00:52:49 382][Px17e7][Tx6ffd700][DBG] MSPSOCKET  MSPSocket. 1034 close(8), f8412fe0
[2016/05/20 00:52:49 383][Px17e7][Tx6ffd700][TRC] MSPSOCKET  MSPSocket. 1068 MSPSocket_Close() [out] 0
[2016/05/20 00:52:49 384][Px17e7][Tx6ffd700][INF] LMOD       luac_logge 172  [transport:57:clear_ip ip_type =  def_athopen.xf-yun.com  ]
[2016/05/20 00:52:49 384][Px17e7][Tx6ffd700][WAR] LMOD       luac_logge 168  [transport:321:soc_conn_failed  ]
[2016/05/20 00:52:49 385][Px17e7][Tx6ffd700][DBG] LMOD       luac_logge 178  [network:88:iptoenv ,  ipcache  open.xf-yun.com  def  nil  ]
[2016/05/20 00:52:49 385][Px17e7][Tx6ffd700][INF] LLOADER    lloader.c  327  load dkjson
[2016/05/20 00:52:49 386][Px17e7][Tx6ffd700][INF] LLOADER    lloader.c  339  a intalled entry
[2016/05/20 00:52:49 386][Px17e7][Tx6ffd700][INF] LLOADER    lloader.c  365  from rom
[2016/05/20 00:52:49 386][Px17e7][Tx6ffd700][PRF] LLOADER    lloader.c  397  load dkjson cost 2 (ms)
[2016/05/20 00:52:49 388][Px17e7][Tx6ffd700][INF] LMOD       luac_logge 172  [transport:390:switch 80  ]
[2016/05/20 00:52:49 388][Px17e7][Tx6ffd700][TRC] LENGINE    leng_shell 109  lEngine_Start(f8095288,f8095288,0,) [in]
[2016/05/20 00:52:49 388][Px17e7][Tx6ffd700][TRC] LENGINE    leng_shell 351  lEngine_PostMessage(f83fc320,1,2,) [in]
[2016/05/20 00:52:49 389][Px17e7][Tx6ffd700][DBG] MSPTHREAD  MSPThreadP 733  POST l_engine_1:10:1:1
[2016/05/20 00:52:49 389][Px17e7][Tx77fe700][DBG] LENGINE    leng_main. 513  ENGINE_MSG_RPC_ASYNC
[2016/05/20 00:52:49 389][Px17e7][Tx77fe700][DBG] LENGINE    leng_main. 521  [waiter], stat = 1
[2016/05/20 00:52:49 390][Px17e7][Tx77fe700][DBG] LENGINE    leng_rpc.c 413  luacRPCFuncProto_Invoke(f8006e80,f83fc320) [in]
[2016/05/20 00:52:49 390][Px17e7][Tx6ffd700][TRC] LENGINE    leng_shell 374  lEngine_PostMessage() [out] 0
[2016/05/20 00:52:49 391][Px17e7][Tx77fe700][INF] LMOD       luac_logge 172  [network:380:redns  def  open.xf-yun.com  ]
[2016/05/20 00:52:49 391][Px17e7][Tx77fe700][TRC] MSPADNS    MSPAsyncDn 268  MSPAsyncDns_Start() [in]
[2016/05/20 00:52:49 392][Px17e7][Tx7fff700][DBG] MSPADNS    MSPAsyncDn 184  gethostbyname(open.xf-yun.com) start [id=1298024]
[2016/05/20 00:52:49 393][Px17e7][Tx7fff700][ERR] MSPADNS    MSPAsyncDn 211  gethostbyname(open.xf-yun.com) failed: Temporary failure in name resolution [id=1298024]
[2016/05/20 00:52:49 393][Px17e7][Tx7fff700][DBG] MSPTHREAD  MSPThreadP 733  POST l_engine_1:10:1:0
[2016/05/20 00:52:49 393][Px17e7][Tx6ffd700][TRC] LMOD       luac_logge 170  [transport:1198:[soc] disconnect   ]
[2016/05/20 00:52:49 393][Px17e7][Tx77fe700][INF] LMOD       luac_logge 172  [waiter:196:last gc at  1463730764  ]
[2016/05/20 00:52:49 394][Px17e7][Tx77fe700][DBG] LENGINE    leng_rpc.c 527  luacRPCFuncProto_Invoke() [out] ret = 0
[2016/05/20 00:52:49 394][Px17e7][Tx77fe700][DBG] LENGINE    leng_main. 513  ENGINE_MSG_RPC_ASYNC
[2016/05/20 00:52:49 395][Px17e7][Tx77fe700][DBG] LENGINE    leng_main. 521  [waiter], stat = 1
[2016/05/20 00:52:49 395][Px17e7][Tx77fe700][DBG] LENGINE    leng_rpc.c 413  luacRPCFuncProto_Invoke(e0001a20,f83fc320) [in]
[2016/05/20 00:52:49 395][Px17e7][Tx6ffd700][DBG] LENGINE    leng_rpc.c 527  luacRPCFuncProto_Invoke() [out] ret = 0
[2016/05/20 00:52:49 396][Px17e7][Tx77fe700][INF] LMOD       luac_logge 172  [network:173:dns resp  10214  ]
[2016/05/20 00:52:49 397][Px17e7][Tx77fe700][INF] LMOD       luac_logge 172  [network:397:redns dns resp  nil  10214  nil  nil  ]
[2016/05/20 00:52:49 397][Px17e7][Tx77fe700][DBG] LENGINE    leng_rpc.c 527  luacRPCFuncProto_Invoke() [out] ret = 0
[2016/05/20 00:52:49 543][Px17e7][Tx6ffd700][DBG] LENGINE    leng_rpc.c 413  luacRPCFuncProto_Invoke(f809b2b0,fc26dea0) [in]
[2016/05/20 00:52:49 544][Px17e7][Tx6ffd700][DBG] LENGINE    leng_rpc.c 527  luacRPCFuncProto_Invoke() [out] ret = 0
[2016/05/20 00:52:49 595][Px17e7][Tx6ffd700][DBG] LENGINE    leng_rpc.c 413  luacRPCFuncProto_Invoke(f809b2b0,fc26dea0) [in]
[2016/05/20 00:52:49 596][Px17e7][Tx6ffd700][INF] LMOD       luac_logge 172  [transport:959:session.domain=  open.xf-yun.com  ]
[2016/05/20 00:52:49 596][Px17e7][Tx6ffd700][INF] LMOD       luac_logge 172  [transport:960:url.host=  open.xf-yun.com  ]
[2016/05/20 00:52:49 597][Px17e7][Tx6ffd700][INF] LLOADER    lloader.c  327  load dkjson
[2016/05/20 00:52:49 598][Px17e7][Tx6ffd700][INF] LLOADER    lloader.c  339  a intalled entry
[2016/05/20 00:52:49 598][Px17e7][Tx6ffd700][INF] LLOADER    lloader.c  365  from rom
[2016/05/20 00:52:49 599][Px17e7][Tx6ffd700][PRF] LLOADER    lloader.c  397  load dkjson cost 2 (ms)
[2016/05/20 00:52:49 600][Px17e7][Tx6ffd700][DBG] LMOD       luac_logge 178  [network:83:ipfromenv ,  ipcache  open.xf-yun.com  def  nil  ]
[2016/05/20 00:52:49 600][Px17e7][Tx6ffd700][TRC] LMOD       luac_logge 170  [transport:994:NAMESERVER START  ]
[2016/05/20 00:52:49 602][Px17e7][Tx6ffd700][INF] LMOD       luac_logge 172  [transport:997:name =   ath  ]
[2016/05/20 00:52:49 602][Px17e7][Tx6ffd700][INF] LMOD       luac_logge 172  [ns:727:ntt=  standard  ]
[2016/05/20 00:52:49 603][Px17e7][Tx6ffd700][INF] LMOD       luac_logge 172  [transport:1000:trans,ns_inprog =  0  ]
[2016/05/20 00:52:49 604][Px17e7][Tx6ffd700][TRC] LMOD       luac_logge 170  [ns:682:name server start  ]
[2016/05/20 00:52:49 605][Px17e7][Tx6ffd700][INF] LMOD       luac_logge 172  [ns:683:ns_sub =   ath  ]
[2016/05/20 00:52:49 605][Px17e7][Tx6ffd700][INF] LMOD       luac_logge 172  [ns:685:ns_host=  open.xf-yun.com  ]
[2016/05/20 00:52:49 606][Px17e7][Tx6ffd700][INF] LMOD       luac_logge 172  [ns:403:ns_host=  open.xf-yun.com  ]
[2016/05/20 00:52:49 608][Px17e7][Tx6ffd700][DBG] LMOD       luac_logge 178  [ns:662:GET /sip/resolver?srand=0520005211.32 HTTP/1.1
Host: hdns.openspeech.cn
Connection: Keep-Alive
X-Par: ver=1.2&appid=583467f7&operator=UNKNOW&nettype=STANDARD&cver=5.0.27.1135&svc=ath&host=open.xf-yun.com&sign=ab5642eee045664edaa7e929fd22b4cc
User-Agent: iFLYCloud

  ]
[2016/05/20 00:52:49 609][Px17e7][Tx6ffd700][INF] LMOD       luac_logge 172  [ns:663:net_type =  standard  ]
[2016/05/20 00:52:49 610][Px17e7][Tx6ffd700][INF] LMOD       luac_logge 172  [ns:664:cmwapascmnet =  ]
[2016/05/20 00:52:49 611][Px17e7][Tx6ffd700][INF] LMOD       luac_logge 172  [ns:665:uniwapasuninet =  ]
[2016/05/20 00:52:49 611][Px17e7][Tx6ffd700][INF] LMOD       luac_logge 172  [ns:666:ctwapasctnet =  ]
[2016/05/20 00:52:49 612][Px17e7][Tx6ffd700][INF] LMOD       luac_logge 172  [ns:676:host=  hdns.openspeech.cn  ]
[2016/05/20 00:52:49 613][Px17e7][Tx6ffd700][TRC] MSPADNS    MSPAsyncDn 268  MSPAsyncDns_Start() [in]
[2016/05/20 00:52:49 613][Px17e7][Tx7fff700][DBG] MSPADNS    MSPAsyncDn 184  gethostbyname(hdns.openspeech.cn) start [id=-129995832]
[2016/05/20 00:52:49 614][Px17e7][Tx7fff700][ERR] MSPADNS    MSPAsyncDn 211  gethostbyname(hdns.openspeech.cn) failed: Temporary failure in name resolution [id=-129995832]
[2016/05/20 00:52:49 615][Px17e7][Tx7fff700][DBG] MSPTHREAD  MSPThreadP 733  POST l_engine_2:10:1:1
[2016/05/20 00:52:49 615][Px17e7][Tx6ffd700][TRC] MSPADNS    MSPAsyncDn 268  MSPAsyncDns_Start() [in]
[2016/05/20 00:52:49 616][Px17e7][Tx7fff700][DBG] MSPADNS    MSPAsyncDn 184  gethostbyname(open.xf-yun.com) start [id=-130003080]
[2016/05/20 00:52:49 616][Px17e7][Tx7fff700][ERR] MSPADNS    MSPAsyncDn 211  gethostbyname(open.xf-yun.com) failed: Temporary failure in name resolution [id=-130003080]
[2016/05/20 00:52:49 617][Px17e7][Tx7fff700][DBG] MSPTHREAD  MSPThreadP 733  POST l_engine_2:10:2:0
[2016/05/20 00:52:49 617][Px17e7][Tx6ffd700][DBG] LENGINE    leng_rpc.c 527  luacRPCFuncProto_Invoke() [out] ret = 0
[2016/05/20 00:52:49 618][Px17e7][Tx6ffd700][DBG] LENGINE    leng_main. 513  ENGINE_MSG_RPC_ASYNC
[2016/05/20 00:52:49 618][Px17e7][Tx6ffd700][DBG] LENGINE    leng_main. 521  [isr_local], stat = 1
[2016/05/20 00:52:49 619][Px17e7][Tx6ffd700][DBG] LENGINE    leng_rpc.c 413  luacRPCFuncProto_Invoke(e0001a20,fc26dea0) [in]
[2016/05/20 00:52:49 620][Px17e7][Tx6ffd700][INF] LMOD       luac_logge 172  [ns:290:ns dns resp  10214  ]
[2016/05/20 00:52:49 621][Px17e7][Tx6ffd700][INF] LMOD       luac_logge 172  [ns:564:ns dns failed, err =   10214  ]
[2016/05/20 00:52:49 622][Px17e7][Tx6ffd700][INF] LMOD       luac_logge 172  [ns:174:ns gethttpresp  117.121.48.5  80  ]
[2016/05/20 00:52:49 623][Px17e7][Tx6ffd700][TRC] MSPSOCKET  MSPSocket. 269  MSPSocket_New(1, 1) [in]
[2016/05/20 00:52:49 624][Px17e7][Tx6ffd700][DBG] MSPSOCKET  MSPSocket. 326  socket(2,1,) ret=7, detail=101
[2016/05/20 00:52:49 624][Px17e7][Tx6ffd700][TRC] MSPSOCKET  MSPSocket. 411  MSPSocket_New() [out] f809b2b0 0
[2016/05/20 00:52:49 625][Px17e7][Tx6ffd700][TRC] MSPSOCKET  MSPSocket. 501  MSPSocket_Connect(f809b2b0) [in]
[2016/05/20 00:52:49 625][Px17e7][Tx6ffd700][DBG] MSPSOCKET  MSPSocket. 515  connect(7,117.121.48.5,) ret=-1, hd=f809b2b0
[2016/05/20 00:52:49 626][Px17e7][Tx6ffd700][ERR] MSPSOCKET  MSPSocket. 530  connect() failed! f809b2b0,7,-1,101
[2016/05/20 00:52:49 627][Px17e7][Tx6ffd700][DBG] MSPTHREAD  MSPThreadP 733  POST l_engine_2:10:2:0
[2016/05/20 00:52:49 627][Px17e7][Tx6ffd700][TRC] MSPSOCKET  MSPSocket. 565  MSPSocket_Connect() [out] 10202
[2016/05/20 00:52:49 628][Px17e7][Tx6ffd700][DBG] LENGINE    leng_rpc.c 527  luacRPCFuncProto_Invoke() [out] ret = 0
[2016/05/20 00:52:49 629][Px17e7][Tx6ffd700][DBG] LENGINE    leng_main. 513  ENGINE_MSG_RPC_ASYNC
[2016/05/20 00:52:49 629][Px17e7][Tx6ffd700][DBG] LENGINE    leng_main. 521  [isr_local], stat = 1
[2016/05/20 00:52:49 630][Px17e7][Tx6ffd700][DBG] LENGINE    leng_rpc.c 413  luacRPCFuncProto_Invoke(e0002d10,fc26dea0) [in]
[2016/05/20 00:52:49 631][Px17e7][Tx6ffd700][ERR] LMOD       luac_logge 166  [transport:295:[dns] [0] failed! 10214  ]
[2016/05/20 00:52:49 631][Px17e7][Tx6ffd700][INF] LLOADER    lloader.c  327  load dkjson
[2016/05/20 00:52:49 632][Px17e7][Tx6ffd700][INF] LLOADER    lloader.c  339  a intalled entry
[2016/05/20 00:52:49 633][Px17e7][Tx6ffd700][INF] LLOADER    lloader.c  365  from rom
[2016/05/20 00:52:49 634][Px17e7][Tx6ffd700][PRF] LLOADER    lloader.c  397  load dkjson cost 2 (ms)
[2016/05/20 00:52:49 635][Px17e7][Tx6ffd700][DBG] LMOD       luac_logge 178  [network:83:ipfromenv ,  ipcache  open.xf-yun.com  def  nil  ]
[2016/05/20 00:52:49 636][Px17e7][Tx6ffd700][INF] LLOADER    lloader.c  327  load dkjson
[2016/05/20 00:52:49 637][Px17e7][Tx6ffd700][INF] LLOADER    lloader.c  339  a intalled entry
[2016/05/20 00:52:49 637][Px17e7][Tx6ffd700][INF] LLOADER    lloader.c  365  from rom
[2016/05/20 00:52:49 638][Px17e7][Tx6ffd700][PRF] LLOADER    lloader.c  397  load dkjson cost 2 (ms)
[2016/05/20 00:52:49 643][Px17e7][Tx6ffd700][DBG] LMOD       luac_logge 178  [network:83:ipfromenv ,  ipcfg  open.xf-yun.com  def  nil  ]
[2016/05/20 00:52:49 645][Px17e7][Tx6ffd700][TRC] LMOD       luac_logge 170  [transport:1166:[soc] connect   116.213.69.195  80  ]
[2016/05/20 00:52:49 648][Px17e7][Tx6ffd700][TRC] MSPSOCKET  MSPSocket. 1593 MSPSocketTCPConnPool_Query(116.213.69.195, 80) [in]
[2016/05/20 00:52:49 649][Px17e7][Tx6ffd700][TRC] MSPSOCKET  MSPSocket. 1618 MSPSocketTCPConnPool_Query() [out] ret=0
[2016/05/20 00:52:49 651][Px17e7][Tx6ffd700][INF] LMOD       luac_logge 172  [transport:1183:mspsoc.open,prot_type=  tcp  ]
[2016/05/20 00:52:49 651][Px17e7][Tx6ffd700][TRC] MSPSOCKET  MSPSocket. 269  MSPSocket_New(1, 1) [in]
[2016/05/20 00:52:49 652][Px17e7][Tx6ffd700][DBG] MSPSOCKET  MSPSocket. 326  socket(2,1,) ret=8, detail=101
[2016/05/20 00:52:49 653][Px17e7][Tx6ffd700][TRC] MSPSOCKET  MSPSocket. 411  MSPSocket_New() [out] f83fc810 0
[2016/05/20 00:52:49 654][Px17e7][Tx6ffd700][TRC] MSPSOCKET  MSPSocket. 501  MSPSocket_Connect(f83fc810) [in]
[2016/05/20 00:52:49 654][Px17e7][Tx6ffd700][DBG] MSPSOCKET  MSPSocket. 515  connect(8,116.213.69.195,) ret=-1, hd=f83fc810
[2016/05/20 00:52:49 655][Px17e7][Tx6ffd700][ERR] MSPSOCKET  MSPSocket. 530  connect() failed! f83fc810,8,-1,101
[2016/05/20 00:52:49 656][Px17e7][Tx6ffd700][DBG] MSPTHREAD  MSPThreadP 733  POST l_engine_2:10:2:0
[2016/05/20 00:52:49 657][Px17e7][Tx6ffd700][TRC] MSPSOCKET  MSPSocket. 565  MSPSocket_Connect() [out] 10202
[2016/05/20 00:52:49 658][Px17e7][Tx6ffd700][DBG] LENGINE    leng_rpc.c 527  luacRPCFuncProto_Invoke() [out] ret = 0
[2016/05/20 00:52:49 658][Px17e7][Tx6ffd700][DBG] LENGINE    leng_main. 513  ENGINE_MSG_RPC_ASYNC
[2016/05/20 00:52:49 659][Px17e7][Tx6ffd700][DBG] LENGINE    leng_main. 521  [isr_local], stat = 1
[2016/05/20 00:52:49 660][Px17e7][Tx6ffd700][DBG] LENGINE    leng_rpc.c 413  luacRPCFuncProto_Invoke(f83f67d0,fc26dea0) [in]
[2016/05/20 00:52:49 661][Px17e7][Tx6ffd700][INF] LMOD       luac_logge 172  [ns:244:ns soc error  10202  ]
[2016/05/20 00:52:49 662][Px17e7][Tx6ffd700][TRC] MSPSOCKET  MSPSocket. 1014 MSPSocket_Close(f809b2b0) [in]
[2016/05/20 00:52:49 662][Px17e7][Tx6ffd700][DBG] MSPSOCKET  MSPSocket. 1034 close(7), f809b2b0
[2016/05/20 00:52:49 663][Px17e7][Tx6ffd700][TRC] MSPSOCKET  MSPSocket. 1068 MSPSocket_Close() [out] 0
[2016/05/20 00:52:49 665][Px17e7][Tx6ffd700][INF] LMOD       luac_logge 172  [ns:407:name server http resp  nil  10202  nil  ]
[2016/05/20 00:52:49 666][Px17e7][Tx6ffd700][INF] LMOD       luac_logge 172  [ns:551:ns response failed, err =  10202  ]
[2016/05/20 00:52:49 667][Px17e7][Tx6ffd700][INF] LMOD       luac_logge 172  [ns:111:ns_host=  open.xf-yun.com  ]
[2016/05/20 00:52:49 668][Px17e7][Tx6ffd700][INF] LMOD       luac_logge 172  [ns:113:use default ip  ]
[2016/05/20 00:52:49 669][Px17e7][Tx6ffd700][INF] LMOD       luac_logge 172  [transport:974:ns_ip =   116.213.69.195  ]
[2016/05/20 00:52:49 670][Px17e7][Tx6ffd700][INF] LMOD       luac_logge 172  [transport:975:ip_type =  def_athopen.xf-yun.com  ]
[2016/05/20 00:52:49 671][Px17e7][Tx6ffd700][INF] LMOD       luac_logge 172  [ns:756:no data in ns_q  ]
[2016/05/20 00:52:49 672][Px17e7][Tx6ffd700][INF] LMOD       luac_logge 172  [ns:757:conti_ns,ns_inprog =   1  ]
[2016/05/20 00:52:49 673][Px17e7][Tx6ffd700][DBG] LENGINE    leng_rpc.c 527  luacRPCFuncProto_Invoke() [out] ret = 0
[2016/05/20 00:52:49 673][Px17e7][Tx6ffd700][DBG] LENGINE    leng_main. 513  ENGINE_MSG_RPC_ASYNC
[2016/05/20 00:52:49 674][Px17e7][Tx6ffd700][DBG] LENGINE    leng_main. 521  [isr_local], stat = 1
[2016/05/20 00:52:49 674][Px17e7][Tx6ffd700][DBG] LENGINE    leng_rpc.c 413  luacRPCFuncProto_Invoke(f8406ba0,fc26dea0) [in]
[2016/05/20 00:52:49 676][Px17e7][Tx6ffd700][ERR] LMOD       luac_logge 166  [transport:545:MSC:[soc] [0] error 10202 101!  ]
[2016/05/20 00:52:49 676][Px17e7][Tx6ffd700][TRC] MSPSOCKET  MSPSocket. 1014 MSPSocket_Close(f83fc810) [in]
[2016/05/20 00:52:49 677][Px17e7][Tx6ffd700][DBG] MSPSOCKET  MSPSocket. 1034 close(8), f83fc810
[2016/05/20 00:52:49 678][Px17e7][Tx6ffd700][TRC] MSPSOCKET  MSPSocket. 1068 MSPSocket_Close() [out] 0
[2016/05/20 00:52:49 679][Px17e7][Tx6ffd700][INF] LMOD       luac_logge 172  [transport:57:clear_ip ip_type =  def_athopen.xf-yun.com  ]
[2016/05/20 00:52:49 680][Px17e7][Tx6ffd700][WAR] LMOD       luac_logge 168  [transport:321:soc_conn_failed  ]
[2016/05/20 00:52:49 681][Px17e7][Tx6ffd700][DBG] LMOD       luac_logge 178  [network:88:iptoenv ,  ipcache  open.xf-yun.com  def  nil  ]
[2016/05/20 00:52:49 681][Px17e7][Tx6ffd700][INF] LLOADER    lloader.c  327  load dkjson
[2016/05/20 00:52:49 682][Px17e7][Tx6ffd700][INF] LLOADER    lloader.c  339  a intalled entry
[2016/05/20 00:52:49 682][Px17e7][Tx6ffd700][INF] LLOADER    lloader.c  365  from rom
[2016/05/20 00:52:49 683][Px17e7][Tx6ffd700][PRF] LLOADER    lloader.c  397  load dkjson cost 1 (ms)
[2016/05/20 00:52:49 685][Px17e7][Tx6ffd700][INF] LMOD       luac_logge 172  [transport:390:switch 80  ]
[2016/05/20 00:52:49 685][Px17e7][Tx6ffd700][TRC] LENGINE    leng_shell 109  lEngine_Start(f8095288,f8095288,0,) [in]
[2016/05/20 00:52:49 686][Px17e7][Tx6ffd700][TRC] LENGINE    leng_shell 351  lEngine_PostMessage(f83fc320,1,2,) [in]
[2016/05/20 00:52:49 686][Px17e7][Tx6ffd700][DBG] MSPTHREAD  MSPThreadP 733  POST l_engine_1:10:1:1
[2016/05/20 00:52:49 687][Px17e7][Tx77fe700][DBG] LENGINE    leng_main. 513  ENGINE_MSG_RPC_ASYNC
[2016/05/20 00:52:49 687][Px17e7][Tx77fe700][DBG] LENGINE    leng_main. 521  [waiter], stat = 1
[2016/05/20 00:52:49 688][Px17e7][Tx77fe700][DBG] LENGINE    leng_rpc.c 413  luacRPCFuncProto_Invoke(f8418c10,f83fc320) [in]
[2016/05/20 00:52:49 688][Px17e7][Tx6ffd700][TRC] LENGINE    leng_shell 374  lEngine_PostMessage() [out] 0
[2016/05/20 00:52:49 689][Px17e7][Tx77fe700][INF] LMOD       luac_logge 172  [network:380:redns  def  open.xf-yun.com  ]
[2016/05/20 00:52:49 690][Px17e7][Tx77fe700][TRC] MSPADNS    MSPAsyncDn 268  MSPAsyncDns_Start() [in]
[2016/05/20 00:52:49 690][Px17e7][Tx7fff700][DBG] MSPADNS    MSPAsyncDn 184  gethostbyname(open.xf-yun.com) start [id=1299832]
[2016/05/20 00:52:49 691][Px17e7][Tx7fff700][ERR] MSPADNS    MSPAsyncDn 211  gethostbyname(open.xf-yun.com) failed: Temporary failure in name resolution [id=1299832]
[2016/05/20 00:52:49 692][Px17e7][Tx7fff700][DBG] MSPTHREAD  MSPThreadP 733  POST l_engine_1:10:1:0
[2016/05/20 00:52:49 693][Px17e7][Tx6ffd700][TRC] LMOD       luac_logge 170  [transport:1198:[soc] disconnect   ]
[2016/05/20 00:52:49 693][Px17e7][Tx77fe700][INF] LMOD       luac_logge 172  [waiter:196:last gc at  1463730764  ]
[2016/05/20 00:52:49 693][Px17e7][Tx77fe700][DBG] LENGINE    leng_rpc.c 527  luacRPCFuncProto_Invoke() [out] ret = 0
[2016/05/20 00:52:49 694][Px17e7][Tx77fe700][DBG] LENGINE    leng_main. 513  ENGINE_MSG_RPC_ASYNC
[2016/05/20 00:52:49 694][Px17e7][Tx77fe700][DBG] LENGINE    leng_main. 521  [waiter], stat = 1
[2016/05/20 00:52:49 695][Px17e7][Tx77fe700][DBG] LENGINE    leng_rpc.c 413  luacRPCFuncProto_Invoke(e0001a20,f83fc320) [in]
[2016/05/20 00:52:49 695][Px17e7][Tx6ffd700][DBG] LENGINE    leng_rpc.c 527  luacRPCFuncProto_Invoke() [out] ret = 0
[2016/05/20 00:52:49 696][Px17e7][Tx77fe700][INF] LMOD       luac_logge 172  [network:173:dns resp  10214  ]
[2016/05/20 00:52:49 697][Px17e7][Tx77fe700][INF] LMOD       luac_logge 172  [network:397:redns dns resp  nil  10214  nil  nil  ]
[2016/05/20 00:52:49 698][Px17e7][Tx77fe700][DBG] LENGINE    leng_rpc.c 527  luacRPCFuncProto_Invoke() [out] ret = 0
[2016/05/20 00:52:49 893][Px17e7][Tx6ffd700][DBG] LENGINE    leng_rpc.c 413  luacRPCFuncProto_Invoke(f8418c10,fc26dea0) [in]
[2016/05/20 00:52:49 896][Px17e7][Tx6ffd700][INF] LMOD       luac_logge 172  [transport:959:session.domain=  open.xf-yun.com  ]
[2016/05/20 00:52:49 899][Px17e7][Tx6ffd700][INF] LMOD       luac_logge 172  [transport:960:url.host=  open.xf-yun.com  ]
[2016/05/20 00:52:49 900][Px17e7][Tx6ffd700][INF] LLOADER    lloader.c  327  load dkjson
[2016/05/20 00:52:49 901][Px17e7][Tx6ffd700][INF] LLOADER    lloader.c  339  a intalled entry
[2016/05/20 00:52:49 902][Px17e7][Tx6ffd700][INF] LLOADER    lloader.c  365  from rom
[2016/05/20 00:52:49 903][Px17e7][Tx6ffd700][PRF] LLOADER    lloader.c  397  load dkjson cost 3 (ms)
[2016/05/20 00:52:49 905][Px17e7][Tx6ffd700][DBG] LMOD       luac_logge 178  [network:83:ipfromenv ,  ipcache  open.xf-yun.com  def  nil  ]
[2016/05/20 00:52:49 908][Px17e7][Tx6ffd700][TRC] LMOD       luac_logge 170  [transport:994:NAMESERVER START  ]
[2016/05/20 00:52:49 909][Px17e7][Tx6ffd700][INF] LMOD       luac_logge 172  [transport:997:name =   ath  ]
[2016/05/20 00:52:49 910][Px17e7][Tx6ffd700][INF] LMOD       luac_logge 172  [ns:727:ntt=  standard  ]
[2016/05/20 00:52:49 911][Px17e7][Tx6ffd700][INF] LMOD       luac_logge 172  [transport:1000:trans,ns_inprog =  0  ]
[2016/05/20 00:52:49 911][Px17e7][Tx6ffd700][TRC] LMOD       luac_logge 170  [ns:682:name server start  ]
[2016/05/20 00:52:49 912][Px17e7][Tx6ffd700][INF] LMOD       luac_logge 172  [ns:683:ns_sub =   ath  ]
[2016/05/20 00:52:49 912][Px17e7][Tx6ffd700][INF] LMOD       luac_logge 172  [ns:685:ns_host=  open.xf-yun.com  ]
[2016/05/20 00:52:49 913][Px17e7][Tx6ffd700][INF] LMOD       luac_logge 172  [ns:403:ns_host=  open.xf-yun.com  ]
[2016/05/20 00:52:49 913][Px17e7][Tx6ffd700][DBG] LMOD       luac_logge 178  [ns:662:GET /sip/resolver?srand=0520005211.32 HTTP/1.1
Host: hdns.openspeech.cn
Connection: Keep-Alive
X-Par: ver=1.2&appid=583467f7&operator=UNKNOW&nettype=STANDARD&cver=5.0.27.1135&svc=ath&host=open.xf-yun.com&sign=ab5642eee045664edaa7e929fd22b4cc
User-Agent: iFLYCloud

  ]
[2016/05/20 00:52:49 914][Px17e7][Tx6ffd700][INF] LMOD       luac_logge 172  [ns:663:net_type =  standard  ]
[2016/05/20 00:52:49 915][Px17e7][Tx6ffd700][INF] LMOD       luac_logge 172  [ns:664:cmwapascmnet =  ]
[2016/05/20 00:52:49 915][Px17e7][Tx6ffd700][INF] LMOD       luac_logge 172  [ns:665:uniwapasuninet =  ]
[2016/05/20 00:52:49 916][Px17e7][Tx6ffd700][INF] LMOD       luac_logge 172  [ns:666:ctwapasctnet =  ]
[2016/05/20 00:52:49 916][Px17e7][Tx6ffd700][INF] LMOD       luac_logge 172  [ns:676:host=  hdns.openspeech.cn  ]
[2016/05/20 00:52:49 916][Px17e7][Tx6ffd700][TRC] MSPADNS    MSPAsyncDn 268  MSPAsyncDns_Start() [in]
[2016/05/20 00:52:49 917][Px17e7][Tx7fff700][DBG] MSPADNS    MSPAsyncDn 184  gethostbyname(hdns.openspeech.cn) start [id=-133628696]
[2016/05/20 00:52:49 917][Px17e7][Tx7fff700][ERR] MSPADNS    MSPAsyncDn 211  gethostbyname(hdns.openspeech.cn) failed: Temporary failure in name resolution [id=-133628696]
[2016/05/20 00:52:49 917][Px17e7][Tx7fff700][DBG] MSPTHREAD  MSPThreadP 733  POST l_engine_2:10:1:1
[2016/05/20 00:52:49 918][Px17e7][Tx6ffd700][TRC] MSPADNS    MSPAsyncDn 268  MSPAsyncDns_Start() [in]
[2016/05/20 00:52:49 918][Px17e7][Tx7fff700][DBG] MSPADNS    MSPAsyncDn 184  gethostbyname(open.xf-yun.com) start [id=-133582120]
[2016/05/20 00:52:49 918][Px17e7][Tx7fff700][ERR] MSPADNS    MSPAsyncDn 211  gethostbyname(open.xf-yun.com) failed: Temporary failure in name resolution [id=-133582120]
[2016/05/20 00:52:49 919][Px17e7][Tx7fff700][DBG] MSPTHREAD  MSPThreadP 733  POST l_engine_2:10:2:0
[2016/05/20 00:52:49 919][Px17e7][Tx6ffd700][DBG] LENGINE    leng_rpc.c 527  luacRPCFuncProto_Invoke() [out] ret = 0
[2016/05/20 00:52:49 919][Px17e7][Tx6ffd700][DBG] LENGINE    leng_main. 513  ENGINE_MSG_RPC_ASYNC
[2016/05/20 00:52:49 920][Px17e7][Tx6ffd700][DBG] LENGINE    leng_main. 521  [isr_local], stat = 1
[2016/05/20 00:52:49 920][Px17e7][Tx6ffd700][DBG] LENGINE    leng_rpc.c 413  luacRPCFuncProto_Invoke(e0001a20,fc26dea0) [in]
[2016/05/20 00:52:49 921][Px17e7][Tx6ffd700][INF] LMOD       luac_logge 172  [ns:290:ns dns resp  10214  ]
[2016/05/20 00:52:49 922][Px17e7][Tx6ffd700][INF] LMOD       luac_logge 172  [ns:564:ns dns failed, err =   10214  ]
[2016/05/20 00:52:49 922][Px17e7][Tx6ffd700][INF] LMOD       luac_logge 172  [ns:174:ns gethttpresp  117.121.48.5  80  ]
[2016/05/20 00:52:49 923][Px17e7][Tx6ffd700][TRC] MSPSOCKET  MSPSocket. 269  MSPSocket_New(1, 1) [in]
[2016/05/20 00:52:49 923][Px17e7][Tx6ffd700][DBG] MSPSOCKET  MSPSocket. 326  socket(2,1,) ret=7, detail=101
[2016/05/20 00:52:49 923][Px17e7][Tx6ffd700][TRC] MSPSOCKET  MSPSocket. 411  MSPSocket_New() [out] f841ba60 0
[2016/05/20 00:52:49 924][Px17e7][Tx6ffd700][TRC] MSPSOCKET  MSPSocket. 501  MSPSocket_Connect(f841ba60) [in]
[2016/05/20 00:52:49 924][Px17e7][Tx6ffd700][DBG] MSPSOCKET  MSPSocket. 515  connect(7,117.121.48.5,) ret=-1, hd=f841ba60
[2016/05/20 00:52:49 925][Px17e7][Tx6ffd700][ERR] MSPSOCKET  MSPSocket. 530  connect() failed! f841ba60,7,-1,101
[2016/05/20 00:52:49 925][Px17e7][Tx6ffd700][DBG] MSPTHREAD  MSPThreadP 733  POST l_engine_2:10:2:0
[2016/05/20 00:52:49 925][Px17e7][Tx6ffd700][TRC] MSPSOCKET  MSPSocket. 565  MSPSocket_Connect() [out] 10202
[2016/05/20 00:52:49 926][Px17e7][Tx6ffd700][DBG] LENGINE    leng_rpc.c 527  luacRPCFuncProto_Invoke() [out] ret = 0
[2016/05/20 00:52:49 926][Px17e7][Tx6ffd700][DBG] LENGINE    leng_main. 513  ENGINE_MSG_RPC_ASYNC
[2016/05/20 00:52:49 926][Px17e7][Tx6ffd700][DBG] LENGINE    leng_main. 521  [isr_local], stat = 1
[2016/05/20 00:52:49 927][Px17e7][Tx6ffd700][DBG] LENGINE    leng_rpc.c 413  luacRPCFuncProto_Invoke(e0002d10,fc26dea0) [in]
[2016/05/20 00:52:49 928][Px17e7][Tx6ffd700][ERR] LMOD       luac_logge 166  [transport:295:[dns] [0] failed! 10214  ]
[2016/05/20 00:52:49 928][Px17e7][Tx6ffd700][INF] LLOADER    lloader.c  327  load dkjson
[2016/05/20 00:52:49 929][Px17e7][Tx6ffd700][INF] LLOADER    lloader.c  339  a intalled entry
[2016/05/20 00:52:49 929][Px17e7][Tx6ffd700][INF] LLOADER    lloader.c  365  from rom
[2016/05/20 00:52:49 930][Px17e7][Tx6ffd700][PRF] LLOADER    lloader.c  397  load dkjson cost 2 (ms)
[2016/05/20 00:52:49 930][Px17e7][Tx6ffd700][DBG] LMOD       luac_logge 178  [network:83:ipfromenv ,  ipcache  open.xf-yun.com  def  nil  ]
[2016/05/20 00:52:49 931][Px17e7][Tx6ffd700][INF] LLOADER    lloader.c  327  load dkjson
[2016/05/20 00:52:49 931][Px17e7][Tx6ffd700][INF] LLOADER    lloader.c  339  a intalled entry
[2016/05/20 00:52:49 931][Px17e7][Tx6ffd700][INF] LLOADER    lloader.c  365  from rom
[2016/05/20 00:52:49 932][Px17e7][Tx6ffd700][PRF] LLOADER    lloader.c  397  load dkjson cost 1 (ms)
[2016/05/20 00:52:49 932][Px17e7][Tx6ffd700][DBG] LMOD       luac_logge 178  [network:83:ipfromenv ,  ipcfg  open.xf-yun.com  def  nil  ]
[2016/05/20 00:52:49 933][Px17e7][Tx6ffd700][TRC] LMOD       luac_logge 170  [transport:1166:[soc] connect   116.213.69.195  80  ]
[2016/05/20 00:52:49 933][Px17e7][Tx6ffd700][TRC] MSPSOCKET  MSPSocket. 1593 MSPSocketTCPConnPool_Query(116.213.69.195, 80) [in]
[2016/05/20 00:52:49 934][Px17e7][Tx6ffd700][TRC] MSPSOCKET  MSPSocket. 1618 MSPSocketTCPConnPool_Query() [out] ret=0
[2016/05/20 00:52:49 934][Px17e7][Tx6ffd700][INF] LMOD       luac_logge 172  [transport:1183:mspsoc.open,prot_type=  tcp  ]
[2016/05/20 00:52:49 935][Px17e7][Tx6ffd700][TRC] MSPSOCKET  MSPSocket. 269  MSPSocket_New(1, 1) [in]
[2016/05/20 00:52:49 935][Px17e7][Tx6ffd700][DBG] MSPSOCKET  MSPSocket. 326  socket(2,1,) ret=8, detail=101
[2016/05/20 00:52:49 935][Px17e7][Tx6ffd700][TRC] MSPSOCKET  MSPSocket. 411  MSPSocket_New() [out] f84180e0 0
[2016/05/20 00:52:49 935][Px17e7][Tx6ffd700][TRC] MSPSOCKET  MSPSocket. 501  MSPSocket_Connect(f84180e0) [in]
[2016/05/20 00:52:49 936][Px17e7][Tx6ffd700][DBG] MSPSOCKET  MSPSocket. 515  connect(8,116.213.69.195,) ret=-1, hd=f84180e0
[2016/05/20 00:52:49 937][Px17e7][Tx6ffd700][ERR] MSPSOCKET  MSPSocket. 530  connect() failed! f84180e0,8,-1,101
[2016/05/20 00:52:49 937][Px17e7][Tx6ffd700][DBG] MSPTHREAD  MSPThreadP 733  POST l_engine_2:10:2:0
[2016/05/20 00:52:49 938][Px17e7][Tx6ffd700][TRC] MSPSOCKET  MSPSocket. 565  MSPSocket_Connect() [out] 10202
[2016/05/20 00:52:49 938][Px17e7][Tx6ffd700][DBG] LENGINE    leng_rpc.c 527  luacRPCFuncProto_Invoke() [out] ret = 0
[2016/05/20 00:52:49 938][Px17e7][Tx6ffd700][DBG] LENGINE    leng_main. 513  ENGINE_MSG_RPC_ASYNC
[2016/05/20 00:52:49 938][Px17e7][Tx6ffd700][DBG] LENGINE    leng_main. 521  [isr_local], stat = 1
[2016/05/20 00:52:49 939][Px17e7][Tx6ffd700][DBG] LENGINE    leng_rpc.c 413  luacRPCFuncProto_Invoke(f8404f50,fc26dea0) [in]
[2016/05/20 00:52:49 939][Px17e7][Tx6ffd700][INF] LMOD       luac_logge 172  [ns:244:ns soc error  10202  ]
[2016/05/20 00:52:49 940][Px17e7][Tx6ffd700][TRC] MSPSOCKET  MSPSocket. 1014 MSPSocket_Close(f841ba60) [in]
[2016/05/20 00:52:49 940][Px17e7][Tx6ffd700][DBG] MSPSOCKET  MSPSocket. 1034 close(7), f841ba60
[2016/05/20 00:52:49 941][Px17e7][Tx6ffd700][TRC] MSPSOCKET  MSPSocket. 1068 MSPSocket_Close() [out] 0
[2016/05/20 00:52:49 941][Px17e7][Tx6ffd700][INF] LMOD       luac_logge 172  [ns:407:name server http resp  nil  10202  nil  ]
[2016/05/20 00:52:49 942][Px17e7][Tx6ffd700][INF] LMOD       luac_logge 172  [ns:551:ns response failed, err =  10202  ]
[2016/05/20 00:52:49 942][Px17e7][Tx6ffd700][INF] LMOD       luac_logge 172  [ns:111:ns_host=  open.xf-yun.com  ]
[2016/05/20 00:52:49 943][Px17e7][Tx6ffd700][INF] LMOD       luac_logge 172  [ns:113:use default ip  ]
[2016/05/20 00:52:49 943][Px17e7][Tx6ffd700][INF] LMOD       luac_logge 172  [transport:974:ns_ip =   116.213.69.195  ]
[2016/05/20 00:52:49 944][Px17e7][Tx6ffd700][INF] LMOD       luac_logge 172  [transport:975:ip_type =  def_athopen.xf-yun.com  ]
[2016/05/20 00:52:49 945][Px17e7][Tx6ffd700][INF] LMOD       luac_logge 172  [ns:756:no data in ns_q  ]
[2016/05/20 00:52:49 945][Px17e7][Tx6ffd700][INF] LMOD       luac_logge 172  [ns:757:conti_ns,ns_inprog =   1  ]
[2016/05/20 00:52:49 946][Px17e7][Tx6ffd700][DBG] LENGINE    leng_rpc.c 527  luacRPCFuncProto_Invoke() [out] ret = 0
[2016/05/20 00:52:49 946][Px17e7][Tx6ffd700][DBG] LENGINE    leng_main. 513  ENGINE_MSG_RPC_ASYNC
[2016/05/20 00:52:49 946][Px17e7][Tx6ffd700][DBG] LENGINE    leng_main. 521  [isr_local], stat = 1
[2016/05/20 00:52:49 947][Px17e7][Tx6ffd700][DBG] LENGINE    leng_rpc.c 413  luacRPCFuncProto_Invoke(f808fcc0,fc26dea0) [in]
[2016/05/20 00:52:49 947][Px17e7][Tx6ffd700][ERR] LMOD       luac_logge 166  [transport:545:MSC:[soc] [0] error 10202 101!  ]
[2016/05/20 00:52:49 948][Px17e7][Tx6ffd700][TRC] MSPSOCKET  MSPSocket. 1014 MSPSocket_Close(f84180e0) [in]
[2016/05/20 00:52:49 948][Px17e7][Tx6ffd700][DBG] MSPSOCKET  MSPSocket. 1034 close(8), f84180e0
[2016/05/20 00:52:49 948][Px17e7][Tx6ffd700][TRC] MSPSOCKET  MSPSocket. 1068 MSPSocket_Close() [out] 0
[2016/05/20 00:52:49 949][Px17e7][Tx6ffd700][INF] LMOD       luac_logge 172  [transport:57:clear_ip ip_type =  def_athopen.xf-yun.com  ]
[2016/05/20 00:52:49 950][Px17e7][Tx6ffd700][WAR] LMOD       luac_logge 168  [transport:321:soc_conn_failed  ]
[2016/05/20 00:52:49 950][Px17e7][Tx6ffd700][DBG] LMOD       luac_logge 178  [network:88:iptoenv ,  ipcache  open.xf-yun.com  def  nil  ]
[2016/05/20 00:52:49 951][Px17e7][Tx6ffd700][INF] LLOADER    lloader.c  327  load dkjson
[2016/05/20 00:52:49 951][Px17e7][Tx6ffd700][INF] LLOADER    lloader.c  339  a intalled entry
[2016/05/20 00:52:49 952][Px17e7][Tx6ffd700][INF] LLOADER    lloader.c  365  from rom
[2016/05/20 00:52:49 952][Px17e7][Tx6ffd700][PRF] LLOADER    lloader.c  397  load dkjson cost 1 (ms)
[2016/05/20 00:52:49 953][Px17e7][Tx6ffd700][INF] LMOD       luac_logge 172  [transport:390:switch 80  ]
[2016/05/20 00:52:49 954][Px17e7][Tx6ffd700][TRC] LENGINE    leng_shell 109  lEngine_Start(f8095288,f8095288,0,) [in]
[2016/05/20 00:52:49 954][Px17e7][Tx6ffd700][TRC] LENGINE    leng_shell 351  lEngine_PostMessage(f83fc320,1,2,) [in]
[2016/05/20 00:52:49 955][Px17e7][Tx6ffd700][DBG] MSPTHREAD  MSPThreadP 733  POST l_engine_1:10:1:1
[2016/05/20 00:52:49 955][Px17e7][Tx77fe700][DBG] LENGINE    leng_main. 513  ENGINE_MSG_RPC_ASYNC
[2016/05/20 00:52:49 956][Px17e7][Tx77fe700][DBG] LENGINE    leng_main. 521  [waiter], stat = 1
[2016/05/20 00:52:49 956][Px17e7][Tx77fe700][DBG] LENGINE    leng_rpc.c 413  luacRPCFuncProto_Invoke(f841bc50,f83fc320) [in]
[2016/05/20 00:52:49 956][Px17e7][Tx6ffd700][TRC] LENGINE    leng_shell 374  lEngine_PostMessage() [out] 0
[2016/05/20 00:52:49 957][Px17e7][Tx77fe700][INF] LMOD       luac_logge 172  [network:380:redns  def  open.xf-yun.com  ]
[2016/05/20 00:52:49 957][Px17e7][Tx77fe700][TRC] MSPADNS    MSPAsyncDn 268  MSPAsyncDns_Start() [in]
[2016/05/20 00:52:49 958][Px17e7][Tx7fff700][DBG] MSPADNS    MSPAsyncDn 184  gethostbyname(open.xf-yun.com) start [id=1301608]
[2016/05/20 00:52:49 958][Px17e7][Tx7fff700][ERR] MSPADNS    MSPAsyncDn 211  gethostbyname(open.xf-yun.com) failed: Temporary failure in name resolution [id=1301608]
[2016/05/20 00:52:49 959][Px17e7][Tx7fff700][DBG] MSPTHREAD  MSPThreadP 733  POST l_engine_1:10:1:0
[2016/05/20 00:52:49 959][Px17e7][Tx6ffd700][TRC] LMOD       luac_logge 170  [transport:1198:[soc] disconnect   ]
[2016/05/20 00:52:49 960][Px17e7][Tx77fe700][INF] LMOD       luac_logge 172  [waiter:196:last gc at  1463730764  ]
[2016/05/20 00:52:49 960][Px17e7][Tx77fe700][DBG] LENGINE    leng_rpc.c 527  luacRPCFuncProto_Invoke() [out] ret = 0
[2016/05/20 00:52:49 960][Px17e7][Tx77fe700][DBG] LENGINE    leng_main. 513  ENGINE_MSG_RPC_ASYNC
[2016/05/20 00:52:49 960][Px17e7][Tx77fe700][DBG] LENGINE    leng_main. 521  [waiter], stat = 1
[2016/05/20 00:52:49 961][Px17e7][Tx77fe700][DBG] LENGINE    leng_rpc.c 413  luacRPCFuncProto_Invoke(e0001a20,f83fc320) [in]
[2016/05/20 00:52:49 961][Px17e7][Tx6ffd700][DBG] LENGINE    leng_rpc.c 527  luacRPCFuncProto_Invoke() [out] ret = 0
[2016/05/20 00:52:49 962][Px17e7][Tx77fe700][INF] LMOD       luac_logge 172  [network:173:dns resp  10214  ]
[2016/05/20 00:52:49 963][Px17e7][Tx77fe700][INF] LMOD       luac_logge 172  [network:397:redns dns resp  nil  10214  nil  nil  ]
[2016/05/20 00:52:49 963][Px17e7][Tx77fe700][DBG] LENGINE    leng_rpc.c 527  luacRPCFuncProto_Invoke() [out] ret = 0
[2016/05/20 00:52:50 160][Px17e7][Tx6ffd700][DBG] LENGINE    leng_rpc.c 413  luacRPCFuncProto_Invoke(f841bc50,fc26dea0) [in]
[2016/05/20 00:52:50 162][Px17e7][Tx6ffd700][INF] LMOD       luac_logge 172  [transport:959:session.domain=  open.xf-yun.com  ]
[2016/05/20 00:52:50 163][Px17e7][Tx6ffd700][INF] LMOD       luac_logge 172  [transport:960:url.host=  open.xf-yun.com  ]
[2016/05/20 00:52:50 164][Px17e7][Tx6ffd700][INF] LLOADER    lloader.c  327  load dkjson
[2016/05/20 00:52:50 165][Px17e7][Tx6ffd700][INF] LLOADER    lloader.c  339  a intalled entry
[2016/05/20 00:52:50 165][Px17e7][Tx6ffd700][INF] LLOADER    lloader.c  365  from rom
[2016/05/20 00:52:50 166][Px17e7][Tx6ffd700][PRF] LLOADER    lloader.c  397  load dkjson cost 2 (ms)
[2016/05/20 00:52:50 169][Px17e7][Tx6ffd700][DBG] LMOD       luac_logge 178  [network:83:ipfromenv ,  ipcache  open.xf-yun.com  def  nil  ]
[2016/05/20 00:52:50 170][Px17e7][Tx6ffd700][TRC] LMOD       luac_logge 170  [transport:994:NAMESERVER START  ]
[2016/05/20 00:52:50 171][Px17e7][Tx6ffd700][INF] LMOD       luac_logge 172  [transport:997:name =   ath  ]
[2016/05/20 00:52:50 172][Px17e7][Tx6ffd700][INF] LMOD       luac_logge 172  [ns:727:ntt=  standard  ]
[2016/05/20 00:52:50 173][Px17e7][Tx6ffd700][INF] LMOD       luac_logge 172  [transport:1000:trans,ns_inprog =  0  ]
[2016/05/20 00:52:50 173][Px17e7][Tx6ffd700][TRC] LMOD       luac_logge 170  [ns:682:name server start  ]
[2016/05/20 00:52:50 174][Px17e7][Tx6ffd700][INF] LMOD       luac_logge 172  [ns:683:ns_sub =   ath  ]
[2016/05/20 00:52:50 175][Px17e7][Tx6ffd700][INF] LMOD       luac_logge 172  [ns:685:ns_host=  open.xf-yun.com  ]
[2016/05/20 00:52:50 176][Px17e7][Tx6ffd700][INF] LMOD       luac_logge 172  [ns:403:ns_host=  open.xf-yun.com  ]
[2016/05/20 00:52:50 177][Px17e7][Tx6ffd700][DBG] LMOD       luac_logge 178  [ns:662:GET /sip/resolver?srand=0520005211.32 HTTP/1.1
Host: hdns.openspeech.cn
Connection: Keep-Alive
X-Par: ver=1.2&appid=583467f7&operator=UNKNOW&nettype=STANDARD&cver=5.0.27.1135&svc=ath&host=open.xf-yun.com&sign=ab5642eee045664edaa7e929fd22b4cc
User-Agent: iFLYCloud

  ]
[2016/05/20 00:52:50 178][Px17e7][Tx6ffd700][INF] LMOD       luac_logge 172  [ns:663:net_type =  standard  ]
[2016/05/20 00:52:50 179][Px17e7][Tx6ffd700][INF] LMOD       luac_logge 172  [ns:664:cmwapascmnet =  ]
[2016/05/20 00:52:50 179][Px17e7][Tx6ffd700][INF] LMOD       luac_logge 172  [ns:665:uniwapasuninet =  ]
[2016/05/20 00:52:50 180][Px17e7][Tx6ffd700][INF] LMOD       luac_logge 172  [ns:666:ctwapasctnet =  ]
[2016/05/20 00:52:50 181][Px17e7][Tx6ffd700][INF] LMOD       luac_logge 172  [ns:676:host=  hdns.openspeech.cn  ]
[2016/05/20 00:52:50 181][Px17e7][Tx6ffd700][TRC] MSPADNS    MSPAsyncDn 268  MSPAsyncDns_Start() [in]
[2016/05/20 00:52:50 182][Px17e7][Tx7fff700][DBG] MSPADNS    MSPAsyncDn 184  gethostbyname(hdns.openspeech.cn) start [id=-133582120]
[2016/05/20 00:52:50 182][Px17e7][Tx7fff700][ERR] MSPADNS    MSPAsyncDn 211  gethostbyname(hdns.openspeech.cn) failed: Temporary failure in name resolution [id=-133582120]
[2016/05/20 00:52:50 183][Px17e7][Tx7fff700][DBG] MSPTHREAD  MSPThreadP 733  POST l_engine_2:10:1:1
[2016/05/20 00:52:50 183][Px17e7][Tx6ffd700][TRC] MSPADNS    MSPAsyncDn 268  MSPAsyncDns_Start() [in]
[2016/05/20 00:52:50 183][Px17e7][Tx7fff700][DBG] MSPADNS    MSPAsyncDn 184  gethostbyname(open.xf-yun.com) start [id=-134140760]
[2016/05/20 00:52:50 184][Px17e7][Tx7fff700][ERR] MSPADNS    MSPAsyncDn 211  gethostbyname(open.xf-yun.com) failed: Temporary failure in name resolution [id=-134140760]
[2016/05/20 00:52:50 184][Px17e7][Tx7fff700][DBG] MSPTHREAD  MSPThreadP 733  POST l_engine_2:10:2:0
[2016/05/20 00:52:50 184][Px17e7][Tx6ffd700][DBG] LENGINE    leng_rpc.c 527  luacRPCFuncProto_Invoke() [out] ret = 0
[2016/05/20 00:52:50 185][Px17e7][Tx6ffd700][DBG] LENGINE    leng_main. 513  ENGINE_MSG_RPC_ASYNC
[2016/05/20 00:52:50 185][Px17e7][Tx6ffd700][DBG] LENGINE    leng_main. 521  [isr_local], stat = 1
[2016/05/20 00:52:50 185][Px17e7][Tx6ffd700][DBG] LENGINE    leng_rpc.c 413  luacRPCFuncProto_Invoke(e0001a20,fc26dea0) [in]
[2016/05/20 00:52:50 186][Px17e7][Tx6ffd700][INF] LMOD       luac_logge 172  [ns:290:ns dns resp  10214  ]
[2016/05/20 00:52:50 186][Px17e7][Tx6ffd700][INF] LMOD       luac_logge 172  [ns:564:ns dns failed, err =   10214  ]
[2016/05/20 00:52:50 187][Px17e7][Tx6ffd700][INF] LMOD       luac_logge 172  [ns:174:ns gethttpresp  117.121.48.5  80  ]
[2016/05/20 00:52:50 187][Px17e7][Tx6ffd700][TRC] MSPSOCKET  MSPSocket. 269  MSPSocket_New(1, 1) [in]
[2016/05/20 00:52:50 187][Px17e7][Tx6ffd700][DBG] MSPSOCKET  MSPSocket. 326  socket(2,1,) ret=7, detail=101
[2016/05/20 00:52:50 188][Px17e7][Tx6ffd700][TRC] MSPSOCKET  MSPSocket. 411  MSPSocket_New() [out] f8028400 0
[2016/05/20 00:52:50 188][Px17e7][Tx6ffd700][TRC] MSPSOCKET  MSPSocket. 501  MSPSocket_Connect(f8028400) [in]
[2016/05/20 00:52:50 188][Px17e7][Tx6ffd700][DBG] MSPSOCKET  MSPSocket. 515  connect(7,117.121.48.5,) ret=-1, hd=f8028400
[2016/05/20 00:52:50 189][Px17e7][Tx6ffd700][ERR] MSPSOCKET  MSPSocket. 530  connect() failed! f8028400,7,-1,101
[2016/05/20 00:52:50 189][Px17e7][Tx6ffd700][DBG] MSPTHREAD  MSPThreadP 733  POST l_engine_2:10:2:0
[2016/05/20 00:52:50 189][Px17e7][Tx6ffd700][TRC] MSPSOCKET  MSPSocket. 565  MSPSocket_Connect() [out] 10202
[2016/05/20 00:52:50 189][Px17e7][Tx6ffd700][DBG] LENGINE    leng_rpc.c 527  luacRPCFuncProto_Invoke() [out] ret = 0
[2016/05/20 00:52:50 190][Px17e7][Tx6ffd700][DBG] LENGINE    leng_main. 513  ENGINE_MSG_RPC_ASYNC
[2016/05/20 00:52:50 190][Px17e7][Tx6ffd700][DBG] LENGINE    leng_main. 521  [isr_local], stat = 1
[2016/05/20 00:52:50 190][Px17e7][Tx6ffd700][DBG] LENGINE    leng_rpc.c 413  luacRPCFuncProto_Invoke(e0002d10,fc26dea0) [in]
[2016/05/20 00:52:50 191][Px17e7][Tx6ffd700][ERR] LMOD       luac_logge 166  [transport:295:[dns] [0] failed! 10214  ]
[2016/05/20 00:52:50 191][Px17e7][Tx6ffd700][INF] LLOADER    lloader.c  327  load dkjson
[2016/05/20 00:52:50 192][Px17e7][Tx6ffd700][INF] LLOADER    lloader.c  339  a intalled entry
[2016/05/20 00:52:50 192][Px17e7][Tx6ffd700][INF] LLOADER    lloader.c  365  from rom
[2016/05/20 00:52:50 192][Px17e7][Tx6ffd700][PRF] LLOADER    lloader.c  397  load dkjson cost 0 (ms)
[2016/05/20 00:52:50 193][Px17e7][Tx6ffd700][DBG] LMOD       luac_logge 178  [network:83:ipfromenv ,  ipcache  open.xf-yun.com  def  nil  ]
[2016/05/20 00:52:50 194][Px17e7][Tx6ffd700][INF] LLOADER    lloader.c  327  load dkjson
[2016/05/20 00:52:50 194][Px17e7][Tx6ffd700][INF] LLOADER    lloader.c  339  a intalled entry
[2016/05/20 00:52:50 194][Px17e7][Tx6ffd700][INF] LLOADER    lloader.c  365  from rom
[2016/05/20 00:52:50 194][Px17e7][Tx6ffd700][PRF] LLOADER    lloader.c  397  load dkjson cost 1 (ms)
[2016/05/20 00:52:50 195][Px17e7][Tx6ffd700][DBG] LMOD       luac_logge 178  [network:83:ipfromenv ,  ipcfg  open.xf-yun.com  def  nil  ]
[2016/05/20 00:52:50 196][Px17e7][Tx6ffd700][TRC] LMOD       luac_logge 170  [transport:1166:[soc] connect   116.213.69.195  80  ]
[2016/05/20 00:52:50 197][Px17e7][Tx6ffd700][TRC] MSPSOCKET  MSPSocket. 1593 MSPSocketTCPConnPool_Query(116.213.69.195, 80) [in]
[2016/05/20 00:52:50 197][Px17e7][Tx6ffd700][TRC] MSPSOCKET  MSPSocket. 1618 MSPSocketTCPConnPool_Query() [out] ret=0
[2016/05/20 00:52:50 198][Px17e7][Tx6ffd700][INF] LMOD       luac_logge 172  [transport:1183:mspsoc.open,prot_type=  tcp  ]
[2016/05/20 00:52:50 198][Px17e7][Tx6ffd700][TRC] MSPSOCKET  MSPSocket. 269  MSPSocket_New(1, 1) [in]
[2016/05/20 00:52:50 199][Px17e7][Tx6ffd700][DBG] MSPSOCKET  MSPSocket. 326  socket(2,1,) ret=8, detail=101
[2016/05/20 00:52:50 199][Px17e7][Tx6ffd700][TRC] MSPSOCKET  MSPSocket. 411  MSPSocket_New() [out] f8404f50 0
[2016/05/20 00:52:50 199][Px17e7][Tx6ffd700][TRC] MSPSOCKET  MSPSocket. 501  MSPSocket_Connect(f8404f50) [in]
[2016/05/20 00:52:50 200][Px17e7][Tx6ffd700][DBG] MSPSOCKET  MSPSocket. 515  connect(8,116.213.69.195,) ret=-1, hd=f8404f50
[2016/05/20 00:52:50 200][Px17e7][Tx6ffd700][ERR] MSPSOCKET  MSPSocket. 530  connect() failed! f8404f50,8,-1,101
[2016/05/20 00:52:50 200][Px17e7][Tx6ffd700][DBG] MSPTHREAD  MSPThreadP 733  POST l_engine_2:10:2:0
[2016/05/20 00:52:50 201][Px17e7][Tx6ffd700][TRC] MSPSOCKET  MSPSocket. 565  MSPSocket_Connect() [out] 10202
[2016/05/20 00:52:50 201][Px17e7][Tx6ffd700][DBG] LENGINE    leng_rpc.c 527  luacRPCFuncProto_Invoke() [out] ret = 0
[2016/05/20 00:52:50 201][Px17e7][Tx6ffd700][DBG] LENGINE    leng_main. 513  ENGINE_MSG_RPC_ASYNC
[2016/05/20 00:52:50 201][Px17e7][Tx6ffd700][DBG] LENGINE    leng_main. 521  [isr_local], stat = 1
[2016/05/20 00:52:50 202][Px17e7][Tx6ffd700][DBG] LENGINE    leng_rpc.c 413  luacRPCFuncProto_Invoke(f83f67d0,fc26dea0) [in]
[2016/05/20 00:52:50 202][Px17e7][Tx6ffd700][INF] LMOD       luac_logge 172  [ns:244:ns soc error  10202  ]
[2016/05/20 00:52:50 203][Px17e7][Tx6ffd700][TRC] MSPSOCKET  MSPSocket. 1014 MSPSocket_Close(f8028400) [in]
[2016/05/20 00:52:50 203][Px17e7][Tx6ffd700][DBG] MSPSOCKET  MSPSocket. 1034 close(7), f8028400
[2016/05/20 00:52:50 203][Px17e7][Tx6ffd700][TRC] MSPSOCKET  MSPSocket. 1068 MSPSocket_Close() [out] 0
[2016/05/20 00:52:50 204][Px17e7][Tx6ffd700][INF] LMOD       luac_logge 172  [ns:407:name server http resp  nil  10202  nil  ]
[2016/05/20 00:52:50 204][Px17e7][Tx6ffd700][INF] LMOD       luac_logge 172  [ns:551:ns response failed, err =  10202  ]
[2016/05/20 00:52:50 205][Px17e7][Tx6ffd700][INF] LMOD       luac_logge 172  [ns:111:ns_host=  open.xf-yun.com  ]
[2016/05/20 00:52:50 206][Px17e7][Tx6ffd700][INF] LMOD       luac_logge 172  [ns:113:use default ip  ]
[2016/05/20 00:52:50 206][Px17e7][Tx6ffd700][INF] LMOD       luac_logge 172  [transport:974:ns_ip =   116.213.69.195  ]
[2016/05/20 00:52:50 207][Px17e7][Tx6ffd700][INF] LMOD       luac_logge 172  [transport:975:ip_type =  def_athopen.xf-yun.com  ]
[2016/05/20 00:52:50 207][Px17e7][Tx6ffd700][INF] LMOD       luac_logge 172  [ns:756:no data in ns_q  ]
[2016/05/20 00:52:50 208][Px17e7][Tx6ffd700][INF] LMOD       luac_logge 172  [ns:757:conti_ns,ns_inprog =   1  ]
[2016/05/20 00:52:50 208][Px17e7][Tx6ffd700][DBG] LENGINE    leng_rpc.c 527  luacRPCFuncProto_Invoke() [out] ret = 0
[2016/05/20 00:52:50 209][Px17e7][Tx6ffd700][DBG] LENGINE    leng_main. 513  ENGINE_MSG_RPC_ASYNC
[2016/05/20 00:52:50 209][Px17e7][Tx6ffd700][DBG] LENGINE    leng_main. 521  [isr_local], stat = 1
[2016/05/20 00:52:50 209][Px17e7][Tx6ffd700][DBG] LENGINE    leng_rpc.c 413  luacRPCFuncProto_Invoke(f809b2b0,fc26dea0) [in]
[2016/05/20 00:52:50 210][Px17e7][Tx6ffd700][ERR] LMOD       luac_logge 166  [transport:545:MSC:[soc] [0] error 10202 101!  ]
[2016/05/20 00:52:50 210][Px17e7][Tx6ffd700][TRC] MSPSOCKET  MSPSocket. 1014 MSPSocket_Close(f8404f50) [in]
[2016/05/20 00:52:50 210][Px17e7][Tx6ffd700][DBG] MSPSOCKET  MSPSocket. 1034 close(8), f8404f50
[2016/05/20 00:52:50 211][Px17e7][Tx6ffd700][TRC] MSPSOCKET  MSPSocket. 1068 MSPSocket_Close() [out] 0
[2016/05/20 00:52:50 212][Px17e7][Tx6ffd700][INF] LMOD       luac_logge 172  [transport:57:clear_ip ip_type =  def_athopen.xf-yun.com  ]
[2016/05/20 00:52:50 212][Px17e7][Tx6ffd700][WAR] LMOD       luac_logge 168  [transport:321:soc_conn_failed  ]
[2016/05/20 00:52:50 213][Px17e7][Tx6ffd700][DBG] LMOD       luac_logge 178  [network:88:iptoenv ,  ipcache  open.xf-yun.com  def  nil  ]
[2016/05/20 00:52:50 214][Px17e7][Tx6ffd700][INF] LLOADER    lloader.c  327  load dkjson
[2016/05/20 00:52:50 214][Px17e7][Tx6ffd700][INF] LLOADER    lloader.c  339  a intalled entry
[2016/05/20 00:52:50 215][Px17e7][Tx6ffd700][INF] LLOADER    lloader.c  365  from rom
[2016/05/20 00:52:50 215][Px17e7][Tx6ffd700][PRF] LLOADER    lloader.c  397  load dkjson cost 1 (ms)
[2016/05/20 00:52:50 216][Px17e7][Tx6ffd700][INF] LMOD       luac_logge 172  [transport:390:switch 80  ]
[2016/05/20 00:52:50 216][Px17e7][Tx6ffd700][TRC] LENGINE    leng_shell 109  lEngine_Start(f8095288,f8095288,0,) [in]
[2016/05/20 00:52:50 217][Px17e7][Tx6ffd700][TRC] LENGINE    leng_shell 351  lEngine_PostMessage(f83fc320,1,2,) [in]
[2016/05/20 00:52:50 217][Px17e7][Tx6ffd700][DBG] MSPTHREAD  MSPThreadP 733  POST l_engine_1:10:1:1
[2016/05/20 00:52:50 217][Px17e7][Tx77fe700][DBG] LENGINE    leng_main. 513  ENGINE_MSG_RPC_ASYNC
[2016/05/20 00:52:50 218][Px17e7][Tx77fe700][DBG] LENGINE    leng_main. 521  [waiter], stat = 1
[2016/05/20 00:52:50 218][Px17e7][Tx77fe700][DBG] LENGINE    leng_rpc.c 413  luacRPCFuncProto_Invoke(f8402990,f83fc320) [in]
[2016/05/20 00:52:50 218][Px17e7][Tx6ffd700][TRC] LENGINE    leng_shell 374  lEngine_PostMessage() [out] 0
[2016/05/20 00:52:50 219][Px17e7][Tx77fe700][INF] LMOD       luac_logge 172  [network:380:redns  def  open.xf-yun.com  ]
[2016/05/20 00:52:50 220][Px17e7][Tx77fe700][TRC] MSPADNS    MSPAsyncDn 268  MSPAsyncDns_Start() [in]
[2016/05/20 00:52:50 220][Px17e7][Tx7fff700][DBG] MSPADNS    MSPAsyncDn 184  gethostbyname(open.xf-yun.com) start [id=1303416]
[2016/05/20 00:52:50 221][Px17e7][Tx7fff700][ERR] MSPADNS    MSPAsyncDn 211  gethostbyname(open.xf-yun.com) failed: Temporary failure in name resolution [id=1303416]
[2016/05/20 00:52:50 221][Px17e7][Tx7fff700][DBG] MSPTHREAD  MSPThreadP 733  POST l_engine_1:10:1:0
[2016/05/20 00:52:50 222][Px17e7][Tx6ffd700][TRC] LMOD       luac_logge 170  [transport:1198:[soc] disconnect   ]
[2016/05/20 00:52:50 222][Px17e7][Tx77fe700][INF] LMOD       luac_logge 172  [waiter:196:last gc at  1463730764  ]
[2016/05/20 00:52:50 222][Px17e7][Tx77fe700][DBG] LENGINE    leng_rpc.c 527  luacRPCFuncProto_Invoke() [out] ret = 0
[2016/05/20 00:52:50 223][Px17e7][Tx77fe700][DBG] LENGINE    leng_main. 513  ENGINE_MSG_RPC_ASYNC
[2016/05/20 00:52:50 223][Px17e7][Tx77fe700][DBG] LENGINE    leng_main. 521  [waiter], stat = 1
[2016/05/20 00:52:50 224][Px17e7][Tx77fe700][DBG] LENGINE    leng_rpc.c 413  luacRPCFuncProto_Invoke(e0001a20,f83fc320) [in]
[2016/05/20 00:52:50 224][Px17e7][Tx6ffd700][ERR] LMOD       luac_logge 166  [transport:49:throw_exception  10202  101  MSC:[soc] [0] error 10202 101!  ]
[2016/05/20 00:52:50 225][Px17e7][Tx77fe700][INF] LMOD       luac_logge 172  [network:173:dns resp  10214  ]
[2016/05/20 00:52:50 226][Px17e7][Tx6ffd700][ERR] LMOD       luac_logge 166  [auth:427:[trans] [id = table: 0x7f36f8087750;;;=0===;auth] exception 10202  ]
[2016/05/20 00:52:50 226][Px17e7][Tx77fe700][INF] LMOD       luac_logge 172  [network:397:redns dns resp  nil  10214  nil  nil  ]
[2016/05/20 00:52:50 226][Px17e7][Tx77fe700][DBG] LENGINE    leng_rpc.c 527  luacRPCFuncProto_Invoke() [out] ret = 0
[2016/05/20 00:52:50 227][Px17e7][Tx6ffd700][INF] LMOD       luac_logge 172  [auth:432:auth trytimes =   6  ]
[2016/05/20 00:52:50 227][Px17e7][Tx6ffd700][DBG] LENGINE    leng_rpc.c 527  luacRPCFuncProto_Invoke() [out] ret = 0
[2016/05/20 00:52:52 707][Px17e7][Txe08b700][TRC] QISR       qisr.c     189  QISRSessionBegin(0,20bc3b0,6b561a8) [in]
[2016/05/20 00:52:52 709][Px17e7][Txe08b700][TRC] MSPCMN     msp_cmn.c  2610 MSPGetParam(db22a08, 6b560e0, 6b560d8) [in]
[2016/05/20 00:52:52 711][Px17e7][Txe08b700][TRC] MSPCMN     msp_cmn.c  2626 MSPGetParam() [out] -1
[2016/05/20 00:52:52 712][Px17e7][Txe08b700][TRC] LENGINE    leng_shell 109  lEngine_Start(db9050b,20bd020,1,) [in]
[2016/05/20 00:52:52 712][Px17e7][Txe08b700][INF] LLOADER    lloader.c  327  load isr
[2016/05/20 00:52:52 712][Px17e7][Txe08b700][INF] LLOADER    lloader.c  339  a intalled entry
[2016/05/20 00:52:52 713][Px17e7][Txe08b700][INF] LLOADER    lloader.c  365  from rom
[2016/05/20 00:52:52 713][Px17e7][Txe08b700][PRF] LLOADER    lloader.c  397  load isr cost 1 (ms)
[2016/05/20 00:52:52 714][Px17e7][Txe08b700][DBG] LENGINE    leng_shell 193  env=20bd860,isr,cisr1PdHHBHy5+WrkMttawwnS0ny0gzWl+
[2016/05/20 00:52:52 714][Px17e7][Txe08b700][DBG] MSPTHREAD  MSPThreadP 733  POST l_engine_3:6:1:1
[2016/05/20 00:52:52 714][Px17e7][Tx67fc700][DBG] LENGINE    leng_main. 561  ENGINE_MSG_LOAD
[2016/05/20 00:52:52 715][Px17e7][Tx67fc700][DBG] LENGINE    leng_main. 209  lEngine_LoadEnv(de833a0,20bd860) [in]
[2016/05/20 00:52:52 715][Px17e7][Txe08b700][TRC] LENGINE    leng_shell 264  lEngine_Start() [out] 0
[2016/05/20 00:52:52 716][Px17e7][Txe08b700][TRC] LENGINE    leng_shell 385  lEngine_SendMessage(20bd860,1,2,,,) [in]
[2016/05/20 00:52:52 716][Px17e7][Tx67fc700][INF] LLOADER    lloader.c  327  load ecode
[2016/05/20 00:52:52 716][Px17e7][Tx67fc700][INF] LLOADER    lloader.c  339  a intalled entry
[2016/05/20 00:52:52 717][Px17e7][Tx67fc700][INF] LLOADER    lloader.c  365  from rom
[2016/05/20 00:52:52 717][Px17e7][Tx67fc700][PRF] LLOADER    lloader.c  397  load ecode cost 1 (ms)
[2016/05/20 00:52:52 717][Px17e7][Tx67fc700][DBG] LENGINE    leng_main. 263  precall return 0
[2016/05/20 00:52:52 718][Px17e7][Tx67fc700][DBG] LENGINE    leng_main. 288  [cisr1PdHHBHy5+WrkMttawwnS0ny0gzWl+], ACTIVE
[2016/05/20 00:52:52 718][Px17e7][Tx67fc700][DBG] LENGINE    leng_rpc.c 413  luacRPCFuncProto_Invoke(fc003fa0,20bd860) [in]
[2016/05/20 00:52:52 718][Px17e7][Txe08b700][DBG] MSPTHREAD  MSPThreadP 733  POST l_engine_3:11:1:0
[2016/05/20 00:52:52 720][Px17e7][Tx67fc700][TRC] LMOD       luac_logge 170  [isr:1641:isr loaded!  ]
[2016/05/20 00:52:52 720][Px17e7][Tx67fc700][DBG] LENGINE    leng_rpc.c 527  luacRPCFuncProto_Invoke() [out] ret = 0
[2016/05/20 00:52:52 720][Px17e7][Tx67fc700][DBG] LENGINE    leng_main. 312  [cisr1PdHHBHy5+WrkMttawwnS0ny0gzWl+], loaded
[2016/05/20 00:52:52 720][Px17e7][Tx67fc700][DBG] LENGINE    leng_rpc.c 413  luacRPCFuncProto_Invoke(fc1289b0,20bd860) [in]
[2016/05/20 00:52:52 722][Px17e7][Tx67fc700][TRC] LMOD       luac_logge 170  [isr:1624:SYS_MSG_REGCB param0 =   msp_status_cb  param1 =   func(fc003fa0) ]
[2016/05/20 00:52:52 723][Px17e7][Tx67fc700][DBG] LENGINE    leng_rpc.c 527  luacRPCFuncProto_Invoke() [out] ret = 0
[2016/05/20 00:52:52 723][Px17e7][Tx67fc700][DBG] LENGINE    leng_main. 345  lEngine_LoadEnv() [out] successfully
[2016/05/20 00:52:52 723][Px17e7][Tx67fc700][DBG] LENGINE    leng_main. 567  cisr1PdHHBHy5+WrkMttawwnS0ny0gzWl+, eng = l_engine_3, env = 20bd860, L = 2114330
[2016/05/20 00:52:52 724][Px17e7][Tx67fc700][INF] LENGINE    leng_main. 568  l_engine_3 occupancy: 1 (33%)
[2016/05/20 00:52:52 725][Px17e7][Tx67fc700][DBG] LENGINE    leng_main. 535  ENGINE_MSG_RPC_SYNC
[2016/05/20 00:52:52 726][Px17e7][Tx67fc700][DBG] LENGINE    leng_main. 543  [cisr1PdHHBHy5+WrkMttawwnS0ny0gzWl+], stat = 1
[2016/05/20 00:52:52 726][Px17e7][Tx67fc700][DBG] LENGINE    leng_rpc.c 413  luacRPCFuncProto_Invoke(20bd6e0,20bd860) [in]
[2016/05/20 00:52:52 726][Px17e7][Tx67fc700][TRC] LMOD       luac_logge 170  [isr:1525:ASR_MSG_SSB  ]
[2016/05/20 00:52:52 727][Px17e7][Tx67fc700][TRC] LMOD       luac_logge 170  [isr:1070:session_begin() [in], params:   engine_type = local, asr_res_path = fo|res/asr/common.jet, sample_rate = 16000, grm_build_path = res/asr/GrmBuilld, local_grammar = cmd, result_type = xml, result_encoding = UTF-8,   nil  ]
[2016/05/20 00:52:52 729][Px17e7][Tx67fc700][TRC] LMOD       luac_logge 170  [isr:938:vad_set [in]  ]
[2016/05/20 00:52:52 730][Px17e7][Tx67fc700][TRC] LMOD       luac_logge 170  [isr:973:vad_enable :  true  ]
[2016/05/20 00:52:52 731][Px17e7][Tx67fc700][TRC] LMOD       luac_logge 170  [isr:991:vad_bos :  10000  ]
[2016/05/20 00:52:52 732][Px17e7][Tx67fc700][TRC] LMOD       luac_logge 170  [isr:992:vad_eos :  2000  ]
[2016/05/20 00:52:52 732][Px17e7][Tx67fc700][TRC] LMOD       luac_logge 170  [isr:897:enable_vad [in]  ]
[2016/05/20 00:52:52 733][Px17e7][Tx67fc700][TRC] AUDIOCODEC audio_code 521  audioEncoder_New(fc017888, 0) [in]
[2016/05/20 00:52:52 733][Px17e7][Tx67fc700][INF] AUDIOCODEC audio_code 527  codecsType = 114
[2016/05/20 00:52:52 733][Px17e7][Tx67fc700][DBG] MSPTHREAD  MSPThreadP 733  POST grmWorker_build:1:1:1
[2016/05/20 00:52:52 733][Px17e7][Tx57fa700][DBG] MSPTHREAD  MSPThreadP 867  grmWorker_build RUN <audioEncoder>
[2016/05/20 00:52:52 734][Px17e7][Tx67fc700][TRC] AUDIOCODEC audio_code 847  audioEncoder_EnableVAD() [in]
[2016/05/20 00:52:52 734][Px17e7][Tx67fc700][DBG] AUDIOCODEC audio_code 854  iFlyFixFrontVersion = 1.0.1013
[2016/05/20 00:52:52 734][Px17e7][Tx67fc700][DBG] AUDIOCODEC audio_code 856  iFlyFixFrontCreate() ret=0
[2016/05/20 00:52:52 735][Px17e7][Tx67fc700][TRC] AUDIOCODEC audio_code 874  audioEncoder_SetVADParam(, 0, 10000) [in]
[2016/05/20 00:52:52 735][Px17e7][Tx67fc700][TRC] AUDIOCODEC audio_code 874  audioEncoder_SetVADParam(, 1, 2000) [in]
[2016/05/20 00:52:52 736][Px17e7][Tx67fc700][TRC] AUDIOCODEC audio_code 874  audioEncoder_SetVADParam(, 5, 0) [in]
[2016/05/20 00:52:52 736][Px17e7][Tx67fc700][TRC] LMOD       luac_logge 170  [isr:929:vad enabled!  2000  10000  ]
[2016/05/20 00:52:52 737][Px17e7][Tx67fc700][TRC] LMOD       luac_logge 170  [isr:932:enable_vad [out]  ]
[2016/05/20 00:52:52 738][Px17e7][Tx67fc700][TRC] LMOD       luac_logge 170  [isr:998:vad_set [out] | ret =  0  ]
[2016/05/20 00:52:52 738][Px17e7][Tx67fc700][TRC] LMOD       luac_logge 170  [isr:1174:cur_engine_type =   local  ]
[2016/05/20 00:52:52 739][Px17e7][Tx67fc700][TRC] LMOD       luac_logge 170  [isr:1003:local_session_begin  ]
[2016/05/20 00:52:52 739][Px17e7][Tx67fc700][TRC] LENGINE    leng_shell 109  lEngine_Start(fc015158,fc015158,0,) [in]
[2016/05/20 00:52:52 739][Px17e7][Tx67fc700][TRC] LENGINE    leng_shell 444  lEngine_RegisterCallBack(fc26dea0,fc018db8,d9cbc30,67fb780,) [in]
[2016/05/20 00:52:52 740][Px17e7][Tx67fc700][DBG] MSPTHREAD  MSPThreadP 733  POST l_engine_2:8:1:1
[2016/05/20 00:52:52 740][Px17e7][Tx67fc700][TRC] LENGINE    leng_shell 481  lEngine_RegisterCallBack() [out] 0
[2016/05/20 00:52:52 740][Px17e7][Tx67fc700][TRC] LENGINE    leng_shell 351  lEngine_PostMessage(fc26dea0,302,2,) [in]
[2016/05/20 00:52:52 740][Px17e7][Tx6ffd700][DBG] LENGINE    leng_main. 686  ENGINE_MSG_REGCB
[2016/05/20 00:52:52 741][Px17e7][Tx6ffd700][DBG] LENGINE    leng_main. 711  isr_local (local_service_cbmsg)
[2016/05/20 00:52:52 741][Px17e7][Tx6ffd700][DBG] LENGINE    leng_rpc.c 413  luacRPCFuncProto_Invoke(f8418c10,fc26dea0) [in]
[2016/05/20 00:52:52 741][Px17e7][Tx67fc700][DBG] MSPTHREAD  MSPThreadP 733  POST l_engine_2:10:1:0
[2016/05/20 00:52:52 742][Px17e7][Tx67fc700][TRC] LENGINE    leng_shell 374  lEngine_PostMessage() [out] 0
[2016/05/20 00:52:52 743][Px17e7][Tx67fc700][DBG] LENGINE    leng_rpc.c 527  luacRPCFuncProto_Invoke() [out] ret = 0
[2016/05/20 00:52:52 743][Px17e7][Tx6ffd700][TRC] LMOD       luac_logge 170  [isr_local:2183:SYS_MSG_REGCB_LOCAL| param0 =  local_service_cbmsg  ]
[2016/05/20 00:52:52 743][Px17e7][Txe08b700][TRC] LENGINE    leng_shell 428  lEngine_SendMessage() [out] 0
[2016/05/20 00:52:52 744][Px17e7][Tx6ffd700][INF] LMOD       luac_logge 172  [isr_local:2242:last gc at  1463730749  ]
[2016/05/20 00:52:52 744][Px17e7][Tx6ffd700][DBG] LENGINE    leng_rpc.c 527  luacRPCFuncProto_Invoke() [out] ret = 0
[2016/05/20 00:52:52 744][Px17e7][Tx6ffd700][DBG] LENGINE    leng_main. 513  ENGINE_MSG_RPC_ASYNC
[2016/05/20 00:52:52 744][Px17e7][Tx6ffd700][DBG] LENGINE    leng_main. 521  [isr_local], stat = 1
[2016/05/20 00:52:52 745][Px17e7][Tx6ffd700][DBG] LENGINE    leng_rpc.c 413  luacRPCFuncProto_Invoke(fc26dc00,fc26dea0) [in]
[2016/05/20 00:52:52 745][Px17e7][Txe08b700][TRC] QISR       qisr.c     254  QISRSessionBegin() [out] 0
[2016/05/20 00:52:52 746][Px17e7][Tx6ffd700][TRC] LMOD       luac_logge 170  [isr_local:2091:ASR_LOCAL_MSG_SSB  ]
[2016/05/20 00:52:52 746][Px17e7][Txe08b700][TRC] QISR       qisr.c     307  QISRAudioWrite(20bd020,2114620,6400,1,,) [in]
[2016/05/20 00:52:52 747][Px17e7][Tx6ffd700][TRC] LMOD       luac_logge 170  [isr_local:1229:esr_session_begin | params:  engine_type=local,asr_res_path=fo|res/asr/common.jet,sample_rate=16000,grm_build_path=res/asr/GrmBuilld,local_grammar=cmd,result_type=xml,result_encoding=UTF-8  ]
[2016/05/20 00:52:52 747][Px17e7][Txe08b700][TRC] QISR       qisr.c     313  QISRAudioWrite session addr:(20bd020)
[2016/05/20 00:52:52 748][Px17e7][Tx6ffd700][TRC] LMOD       luac_logge 170  [isr_local:801:engine_type  :  local  ]
[2016/05/20 00:52:52 748][Px17e7][Txe08b700][TRC] LENGINE    leng_shell 351  lEngine_PostMessage(20bd860,2,2,) [in]
[2016/05/20 00:52:52 749][Px17e7][Tx6ffd700][TRC] LMOD       luac_logge 170  [isr_local:801:asr_res_path  :  fo|res/asr/common.jet  ]
[2016/05/20 00:52:52 749][Px17e7][Txe08b700][DBG] MSPTHREAD  MSPThreadP 733  POST l_engine_3:10:1:1
[2016/05/20 00:52:52 749][Px17e7][Txe08b700][TRC] LENGINE    leng_shell 374  lEngine_PostMessage() [out] 0
[2016/05/20 00:52:52 750][Px17e7][Txe08b700][TRC] QISR       qisr.c     370  QISRAudioWrite() [out] 0
[2016/05/20 00:52:52 751][Px17e7][Tx6ffd700][TRC] LMOD       luac_logge 170  [isr_local:801:sample_rate  :  16000  ]
[2016/05/20 00:52:52 751][Px17e7][Tx67fc700][DBG] LENGINE    leng_main. 513  ENGINE_MSG_RPC_ASYNC
[2016/05/20 00:52:52 752][Px17e7][Tx67fc700][DBG] LENGINE    leng_main. 521  [cisr1PdHHBHy5+WrkMttawwnS0ny0gzWl+], stat = 1
[2016/05/20 00:52:52 752][Px17e7][Tx67fc700][DBG] LENGINE    leng_rpc.c 413  luacRPCFuncProto_Invoke(20bd6a0,20bd860) [in]
[2016/05/20 00:52:52 752][Px17e7][Txe08b700][TRC] QISR       qisr.c     307  QISRAudioWrite(20bd020,2115f20,6400,2,,) [in]
[2016/05/20 00:52:52 755][Px17e7][Tx6ffd700][TRC] LMOD       luac_logge 170  [isr_local:801:grm_build_path  :  res/asr/GrmBuilld  ]
[2016/05/20 00:52:52 756][Px17e7][Tx67fc700][TRC] LMOD       luac_logge 170  [isr:1535:ASR_MSG_AUW,   local  ]
[2016/05/20 00:52:52 757][Px17e7][Txe08b700][TRC] QISR       qisr.c     313  QISRAudioWrite session addr:(20bd020)
[2016/05/20 00:52:52 758][Px17e7][Tx6ffd700][TRC] LMOD       luac_logge 170  [isr_local:801:local_grammar  :  cmd  ]
[2016/05/20 00:52:52 758][Px17e7][Tx67fc700][TRC] LMOD       luac_logge 170  [isr:1546:6400  1  ]
[2016/05/20 00:52:52 759][Px17e7][Txe08b700][TRC] LENGINE    leng_shell 351  lEngine_PostMessage(20bd860,2,2,) [in]
[2016/05/20 00:52:52 759][Px17e7][Tx6ffd700][TRC] LMOD       luac_logge 170  [isr_local:801:result_type  :  xml  ]
[2016/05/20 00:52:52 760][Px17e7][Tx67fc700][TRC] LMOD       luac_logge 170  [isr:1550:once_bytes:   6400  ]
[2016/05/20 00:52:52 760][Px17e7][Tx67fc700][TRC] AUDIOCODEC audio_code 944  audioEncoder_Encode() [in]
[2016/05/20 00:52:52 762][Px17e7][Tx67fc700][INF] AUDIOCODEC audio_code 950  stat = 1, len = 6400
[2016/05/20 00:52:52 762][Px17e7][Tx67fc700][DBG] AUDIOCODEC audio_code 953  divided into 0 blocks
[2016/05/20 00:52:52 763][Px17e7][Tx67fc700][DBG] MSPTHREAD  MSPThreadP 733  POST audioEncoder:6:1:1
[2016/05/20 00:52:52 763][Px17e7][Tx57fa700][TRC] AUDIOCODEC audio_code 175  ENCODE 6400, 1
[2016/05/20 00:52:52 763][Px17e7][Tx57fa700][DBG] AUDIOCODEC audio_code 218  iFlyFixFrontAppendData 6400
[2016/05/20 00:52:52 764][Px17e7][Tx67fc700][TRC] AUDIOCODEC audio_code 898  audioEncoder_GetVADParam(, 10001) [in]
[2016/05/20 00:52:52 765][Px17e7][Tx67fc700][DBG] LENGINE    leng_rpc.c 527  luacRPCFuncProto_Invoke() [out] ret = 0
[2016/05/20 00:52:52 765][Px17e7][Tx6ffd700][TRC] LMOD       luac_logge 170  [isr_local:801:result_encoding  :  UTF-8  ]
[2016/05/20 00:52:52 766][Px17e7][Txe08b700][DBG] MSPTHREAD  MSPThreadP 733  POST l_engine_3:10:1:0
[2016/05/20 00:52:52 766][Px17e7][Tx6ffd700][INF] LMOD       luac_logge 172  [isr_local:1272:authorized_aitalk=  1  ]
[2016/05/20 00:52:52 767][Px17e7][Tx57fa700][DBG] MSPTHREAD  MSPThreadP 733  POST l_engine_3:10:2:0
[2016/05/20 00:52:52 767][Px17e7][Tx57fa700][TRC] AUDIOCODEC audio_code 245  fetch from VAD 5760 Bytes WaveData
[2016/05/20 00:52:52 768][Px17e7][Tx57fa700][PRF] AUDIOCODEC audio_code 246  fetch 5760(Bytes) Wav cost 4(ms) (fea=0)
[2016/05/20 00:52:52 768][Px17e7][Tx57fa700][DBG] AUDIOCODEC audio_code 262  vadStat = 5
[2016/05/20 00:52:52 768][Px17e7][Tx57fa700][TRC] AUDIOCODEC audio_code 266  VAD: find start!
[2016/05/20 00:52:52 769][Px17e7][Tx57fa700][DBG] MSPTHREAD  MSPThreadP 733  POST l_engine_3:10:2:0
[2016/05/20 00:52:52 769][Px17e7][Tx57fa700][DBG] MSPTHREAD  MSPThreadP 733  POST l_engine_3:10:3:0
[2016/05/20 00:52:52 769][Px17e7][Tx6ffd700][INF] LMOD       luac_logge 172  [isr_local:1273:forbid_aitalk=  nil  ]
[2016/05/20 00:52:52 769][Px17e7][Tx6ffd700][TRC] LENGINE    aitalk.c   591  Esr_SetParam(f80878c0, 103, 1) [in]
[2016/05/20 00:52:52 770][Px17e7][Tx6ffd700][TRC] LENGINE    aitalk.c   606  Esr_SetParam(0) [out]
[2016/05/20 00:52:52 770][Px17e7][Tx6ffd700][TRC] LENGINE    aitalk.c   591  Esr_SetParam(f80878c0, 2, 10000) [in]
[2016/05/20 00:52:52 770][Px17e7][Tx6ffd700][TRC] LENGINE    aitalk.c   606  Esr_SetParam(23102) [out]
[2016/05/20 00:52:52 771][Px17e7][Tx6ffd700][TRC] LENGINE    aitalk.c   591  Esr_SetParam(f80878c0, 110, 2000) [in]
[2016/05/20 00:52:52 771][Px17e7][Tx6ffd700][TRC] LENGINE    aitalk.c   606  Esr_SetParam(0) [out]
[2016/05/20 00:52:52 771][Px17e7][Tx67fc700][DBG] LENGINE    leng_main. 513  ENGINE_MSG_RPC_ASYNC
[2016/05/20 00:52:52 772][Px17e7][Tx67fc700][DBG] LENGINE    leng_main. 521  [cisr1PdHHBHy5+WrkMttawwnS0ny0gzWl+], stat = 1
[2016/05/20 00:52:52 772][Px17e7][Tx67fc700][DBG] LENGINE    leng_rpc.c 413  luacRPCFuncProto_Invoke(20bc050,20bd860) [in]
[2016/05/20 00:52:52 772][Px17e7][Txe08b700][TRC] LENGINE    leng_shell 374  lEngine_PostMessage() [out] 0
[2016/05/20 00:52:52 773][Px17e7][Txe08b700][TRC] QISR       qisr.c     370  QISRAudioWrite() [out] 0
[2016/05/20 00:52:52 773][Px17e7][Txe08b700][TRC] QISR       qisr.c     307  QISRAudioWrite(20bd020,2117820,6400,2,,) [in]
[2016/05/20 00:52:52 773][Px17e7][Txe08b700][TRC] QISR       qisr.c     313  QISRAudioWrite session addr:(20bd020)
[2016/05/20 00:52:52 774][Px17e7][Txe08b700][TRC] LENGINE    leng_shell 351  lEngine_PostMessage(20bd860,2,2,) [in]
[2016/05/20 00:52:52 774][Px17e7][Txe08b700][DBG] MSPTHREAD  MSPThreadP 733  POST l_engine_3:10:4:0
[2016/05/20 00:52:52 774][Px17e7][Txe08b700][TRC] LENGINE    leng_shell 374  lEngine_PostMessage() [out] 0
[2016/05/20 00:52:52 774][Px17e7][Tx6ffd700][TRC] LMOD       luac_logge 170  [isr_local:2015:commit path:   res/asr/GrmBuilld/temp/commit  ]
[2016/05/20 00:52:52 775][Px17e7][Tx67fc700][TRC] LMOD       luac_logge 170  [isr:1535:ASR_MSG_AUW,   local  ]
[2016/05/20 00:52:52 775][Px17e7][Txe08b700][TRC] QISR       qisr.c     370  QISRAudioWrite() [out] 0
[2016/05/20 00:52:52 776][Px17e7][Txe08b700][TRC] QISR       qisr.c     307  QISRAudioWrite(20bd020,2119120,6400,2,,) [in]
[2016/05/20 00:52:52 777][Px17e7][Txe08b700][TRC] QISR       qisr.c     313  QISRAudioWrite session addr:(20bd020)
[2016/05/20 00:52:52 777][Px17e7][Tx6ffd700][TRC] LENGINE    aitalk.c   501  Esr_Start(f80878c0, f806c558) [in]
[2016/05/20 00:52:52 777][Px17e7][Tx6ffd700][TRC] LENGINE    aitalk.c   1088 CBOpenFile: open file name:cmd.g
[2016/05/20 00:52:52 778][Px17e7][Txe08b700][TRC] LENGINE    leng_shell 351  lEngine_PostMessage(20bd860,2,2,) [in]
[2016/05/20 00:52:52 778][Px17e7][Txe08b700][DBG] MSPTHREAD  MSPThreadP 733  POST l_engine_3:10:5:0
[2016/05/20 00:52:52 779][Px17e7][Txe08b700][TRC] LENGINE    leng_shell 374  lEngine_PostMessage() [out] 0
[2016/05/20 00:52:52 779][Px17e7][Txe08b700][TRC] QISR       qisr.c     370  QISRAudioWrite() [out] 0
[2016/05/20 00:52:52 779][Px17e7][Txe08b700][TRC] QISR       qisr.c     307  QISRAudioWrite(20bd020,211aa20,6400,2,,) [in]
[2016/05/20 00:52:52 780][Px17e7][Tx6ffd700][TRC] LENGINE    aitalk.c   552  Esr_Start(0) [out]
[2016/05/20 00:52:52 780][Px17e7][Tx67fc700][TRC] LMOD       luac_logge 170  [isr:1546:6400  2  ]
[2016/05/20 00:52:52 781][Px17e7][Tx67fc700][TRC] AUDIOCODEC audio_code 944  audioEncoder_Encode() [in]
[2016/05/20 00:52:52 781][Px17e7][Tx67fc700][INF] AUDIOCODEC audio_code 950  stat = 2, len = 6400
[2016/05/20 00:52:52 781][Px17e7][Tx67fc700][DBG] AUDIOCODEC audio_code 953  divided into 0 blocks
[2016/05/20 00:52:52 782][Px17e7][Tx67fc700][DBG] MSPTHREAD  MSPThreadP 733  POST audioEncoder:6:1:1
[2016/05/20 00:52:52 782][Px17e7][Tx57fa700][TRC] AUDIOCODEC audio_code 175  ENCODE 6400, 2
[2016/05/20 00:52:52 782][Px17e7][Tx57fa700][DBG] AUDIOCODEC audio_code 218  iFlyFixFrontAppendData 6400
[2016/05/20 00:52:52 783][Px17e7][Tx57fa700][TRC] AUDIOCODEC audio_code 245  fetch from VAD 6400 Bytes WaveData
[2016/05/20 00:52:52 783][Px17e7][Tx57fa700][PRF] AUDIOCODEC audio_code 246  fetch 6400(Bytes) Wav cost 1(ms) (fea=0)
[2016/05/20 00:52:52 784][Px17e7][Tx57fa700][DBG] AUDIOCODEC audio_code 262  vadStat = 0
[2016/05/20 00:52:52 784][Px17e7][Tx57fa700][DBG] MSPTHREAD  MSPThreadP 733  POST l_engine_3:10:6:0
[2016/05/20 00:52:52 785][Px17e7][Txe08b700][TRC] QISR       qisr.c     313  QISRAudioWrite session addr:(20bd020)
[2016/05/20 00:52:52 785][Px17e7][Txe08b700][TRC] LENGINE    leng_shell 351  lEngine_PostMessage(20bd860,2,2,) [in]
[2016/05/20 00:52:52 785][Px17e7][Txe08b700][DBG] MSPTHREAD  MSPThreadP 733  POST l_engine_3:10:7:0
[2016/05/20 00:52:52 785][Px17e7][Tx6ffd700][TRC] LMOD       luac_logge 170  [isr_local:1387:esr_session_begin | esr_obj:start ret =  0  ]
[2016/05/20 00:52:52 786][Px17e7][Tx67fc700][TRC] AUDIOCODEC audio_code 898  audioEncoder_GetVADParam(, 10001) [in]
[2016/05/20 00:52:52 786][Px17e7][Tx67fc700][DBG] LENGINE    leng_rpc.c 527  luacRPCFuncProto_Invoke() [out] ret = 0
[2016/05/20 00:52:52 787][Px17e7][Tx67fc700][DBG] LENGINE    leng_main. 513  ENGINE_MSG_RPC_ASYNC
[2016/05/20 00:52:52 787][Px17e7][Tx67fc700][DBG] LENGINE    leng_main. 521  [cisr1PdHHBHy5+WrkMttawwnS0ny0gzWl+], stat = 1
[2016/05/20 00:52:52 787][Px17e7][Tx67fc700][DBG] LENGINE    leng_rpc.c 413  luacRPCFuncProto_Invoke(f4004400,20bd860) [in]
[2016/05/20 00:52:52 788][Px17e7][Tx67fc700][TRC] AUDIOCODEC audio_code 1023 audioEncoder_Read(, 109033580) [in]
[2016/05/20 00:52:52 788][Px17e7][Tx67fc700][DBG] AUDIOCODEC audio_code 1037 completed = 0, availEncodedSize = 12160
[2016/05/20 00:52:52 788][Px17e7][Tx67fc700][DBG] AUDIOCODEC audio_code 1055 after read, availEncodedSize = 5760
[2016/05/20 00:52:52 788][Px17e7][Tx67fc700][DBG] AUDIOCODEC audio_code 1067 stat = 1, data = fc129b10
[2016/05/20 00:52:52 789][Px17e7][Tx67fc700][TRC] LENGINE    leng_shell 351  lEngine_PostMessage(fc26dea0,303,2,) [in]
[2016/05/20 00:52:52 789][Px17e7][Tx67fc700][DBG] MSPTHREAD  MSPThreadP 733  POST l_engine_2:10:1:0
[2016/05/20 00:52:52 789][Px17e7][Tx67fc700][TRC] LENGINE    leng_shell 374  lEngine_PostMessage() [out] 0
[2016/05/20 00:52:52 790][Px17e7][Tx67fc700][TRC] AUDIOCODEC audio_code 1023 audioEncoder_Read(, 109033580) [in]
[2016/05/20 00:52:52 790][Px17e7][Tx67fc700][DBG] AUDIOCODEC audio_code 1037 completed = 0, availEncodedSize = 5760
[2016/05/20 00:52:52 791][Px17e7][Tx67fc700][DBG] LENGINE    leng_rpc.c 527  luacRPCFuncProto_Invoke() [out] ret = 0
[2016/05/20 00:52:52 791][Px17e7][Tx67fc700][DBG] LENGINE    leng_main. 513  ENGINE_MSG_RPC_ASYNC
[2016/05/20 00:52:52 791][Px17e7][Tx67fc700][DBG] LENGINE    leng_main. 521  [cisr1PdHHBHy5+WrkMttawwnS0ny0gzWl+], stat = 1
[2016/05/20 00:52:52 791][Px17e7][Tx67fc700][DBG] LENGINE    leng_rpc.c 413  luacRPCFuncProto_Invoke(f4004750,20bd860) [in]
[2016/05/20 00:52:52 792][Px17e7][Tx6ffd700][TRC] LMOD       luac_logge 170  [isr_local:2099:esr_session_begin, ret =   0  ]
[2016/05/20 00:52:52 792][Px17e7][Txe08b700][TRC] LENGINE    leng_shell 374  lEngine_PostMessage() [out] 0
[2016/05/20 00:52:52 793][Px17e7][Txe08b700][TRC] QISR       qisr.c     370  QISRAudioWrite() [out] 0
[2016/05/20 00:52:52 793][Px17e7][Txe08b700][TRC] QISR       qisr.c     307  QISRAudioWrite(20bd020,211c320,6400,2,,) [in]
[2016/05/20 00:52:52 794][Px17e7][Txe08b700][TRC] QISR       qisr.c     313  QISRAudioWrite session addr:(20bd020)
[2016/05/20 00:52:52 794][Px17e7][Tx6ffd700][INF] LMOD       luac_logge 172  [isr_local:2242:last gc at  1463730749  ]
[2016/05/20 00:52:52 794][Px17e7][Tx6ffd700][DBG] LENGINE    leng_rpc.c 527  luacRPCFuncProto_Invoke() [out] ret = 0
[2016/05/20 00:52:52 795][Px17e7][Tx6ffd700][DBG] LENGINE    leng_main. 513  ENGINE_MSG_RPC_ASYNC
[2016/05/20 00:52:52 795][Px17e7][Tx6ffd700][DBG] LENGINE    leng_main. 521  [isr_local], stat = 1
[2016/05/20 00:52:52 795][Px17e7][Tx6ffd700][DBG] LENGINE    leng_rpc.c 413  luacRPCFuncProto_Invoke(fc12b420,fc26dea0) [in]
[2016/05/20 00:52:52 795][Px17e7][Tx67fc700][TRC] LMOD       luac_logge 170  [isr:845:[aud] speech start  ]
[2016/05/20 00:52:52 796][Px17e7][Tx67fc700][TRC] AUDIOCODEC audio_code 1023 audioEncoder_Read(, 109033580) [in]
[2016/05/20 00:52:52 797][Px17e7][Tx6ffd700][TRC] LMOD       luac_logge 170  [isr_local:2103:ASR_LOCAL_MSG_AUW  ]
[2016/05/20 00:52:52 798][Px17e7][Txe08b700][TRC] LENGINE    leng_shell 351  lEngine_PostMessage(20bd860,2,2,) [in]
[2016/05/20 00:52:52 799][Px17e7][Txe08b700][DBG] MSPTHREAD  MSPThreadP 733  POST l_engine_3:10:6:0
[2016/05/20 00:52:52 799][Px17e7][Txe08b700][TRC] LENGINE    leng_shell 374  lEngine_PostMessage() [out] 0
[2016/05/20 00:52:52 800][Px17e7][Txe08b700][TRC] QISR       qisr.c     370  QISRAudioWrite() [out] 0
[2016/05/20 00:52:52 800][Px17e7][Txe08b700][TRC] QISR       qisr.c     307  QISRAudioWrite(20bd020,211dc20,6400,2,,) [in]
[2016/05/20 00:52:52 800][Px17e7][Txe08b700][TRC] QISR       qisr.c     313  QISRAudioWrite session addr:(20bd020)
[2016/05/20 00:52:52 800][Px17e7][Txe08b700][TRC] LENGINE    leng_shell 351  lEngine_PostMessage(20bd860,2,2,) [in]
[2016/05/20 00:52:52 801][Px17e7][Txe08b700][DBG] MSPTHREAD  MSPThreadP 733  POST l_engine_3:10:7:0
[2016/05/20 00:52:52 801][Px17e7][Txe08b700][TRC] LENGINE    leng_shell 374  lEngine_PostMessage() [out] 0
[2016/05/20 00:52:52 802][Px17e7][Txe08b700][TRC] QISR       qisr.c     370  QISRAudioWrite() [out] 0
[2016/05/20 00:52:52 802][Px17e7][Tx6ffd700][TRC] LMOD       luac_logge 170  [isr_local:601:audio buffered :   udata(f841bf08) 1  ]
[2016/05/20 00:52:52 802][Px17e7][Tx67fc700][DBG] AUDIOCODEC audio_code 1037 completed = 0, availEncodedSize = 5760
[2016/05/20 00:52:52 803][Px17e7][Tx67fc700][DBG] LENGINE    leng_rpc.c 527  luacRPCFuncProto_Invoke() [out] ret = 0
[2016/05/20 00:52:52 803][Px17e7][Tx67fc700][DBG] LENGINE    leng_main. 513  ENGINE_MSG_RPC_ASYNC
[2016/05/20 00:52:52 804][Px17e7][Tx67fc700][DBG] LENGINE    leng_main. 521  [cisr1PdHHBHy5+WrkMttawwnS0ny0gzWl+], stat = 1
[2016/05/20 00:52:52 804][Px17e7][Tx6ffd700][INF] LMOD       luac_logge 172  [isr_local:2242:last gc at  1463730749  ]
[2016/05/20 00:52:52 804][Px17e7][Tx6ffd700][DBG] LENGINE    leng_rpc.c 527  luacRPCFuncProto_Invoke() [out] ret = 0
[2016/05/20 00:52:52 804][Px17e7][Tx67fc700][DBG] LENGINE    leng_rpc.c 413  luacRPCFuncProto_Invoke(f40018c0,20bd860) [in]
[2016/05/20 00:52:52 805][Px17e7][Tx67fc700][TRC] AUDIOCODEC audio_code 1023 audioEncoder_Read(, 109033580) [in]
[2016/05/20 00:52:52 806][Px17e7][Tx67fc700][DBG] AUDIOCODEC audio_code 1037 completed = 0, availEncodedSize = 5760
[2016/05/20 00:52:52 806][Px17e7][Tx67fc700][DBG] LENGINE    leng_rpc.c 527  luacRPCFuncProto_Invoke() [out] ret = 0
[2016/05/20 00:52:52 806][Px17e7][Tx67fc700][DBG] LENGINE    leng_main. 513  ENGINE_MSG_RPC_ASYNC
[2016/05/20 00:52:52 806][Px17e7][Tx67fc700][DBG] LENGINE    leng_main. 521  [cisr1PdHHBHy5+WrkMttawwnS0ny0gzWl+], stat = 1
[2016/05/20 00:52:52 807][Px17e7][Tx67fc700][DBG] LENGINE    leng_rpc.c 413  luacRPCFuncProto_Invoke(20bd6a0,20bd860) [in]
[2016/05/20 00:52:52 807][Px17e7][Txe08b700][TRC] QISR       qisr.c     307  QISRAudioWrite(20bd020,211f520,6400,2,,) [in]
[2016/05/20 00:52:52 808][Px17e7][Txe08b700][TRC] QISR       qisr.c     313  QISRAudioWrite session addr:(20bd020)
[2016/05/20 00:52:52 808][Px17e7][Txe08b700][TRC] LENGINE    leng_shell 351  lEngine_PostMessage(20bd860,2,2,) [in]
[2016/05/20 00:52:52 809][Px17e7][Txe08b700][DBG] MSPTHREAD  MSPThreadP 733  POST l_engine_3:10:6:0
[2016/05/20 00:52:52 809][Px17e7][Txe08b700][TRC] LENGINE    leng_shell 374  lEngine_PostMessage() [out] 0
[2016/05/20 00:52:52 809][Px17e7][Txe08b700][TRC] QISR       qisr.c     370  QISRAudioWrite() [out] 0
[2016/05/20 00:52:52 809][Px17e7][Txe08b700][TRC] QISR       qisr.c     307  QISRAudioWrite(20bd020,2120e20,6400,2,,) [in]
[2016/05/20 00:52:52 810][Px17e7][Txe08b700][TRC] QISR       qisr.c     313  QISRAudioWrite session addr:(20bd020)
[2016/05/20 00:52:52 810][Px17e7][Txe08b700][TRC] LENGINE    leng_shell 351  lEngine_PostMessage(20bd860,2,2,) [in]
[2016/05/20 00:52:52 810][Px17e7][Txe08b700][DBG] MSPTHREAD  MSPThreadP 733  POST l_engine_3:10:7:0
[2016/05/20 00:52:52 811][Px17e7][Txe08b700][TRC] LENGINE    leng_shell 374  lEngine_PostMessage() [out] 0
[2016/05/20 00:52:52 811][Px17e7][Txe08b700][TRC] QISR       qisr.c     370  QISRAudioWrite() [out] 0
[2016/05/20 00:52:52 812][Px17e7][Txe08b700][TRC] QISR       qisr.c     307  QISRAudioWrite(20bd020,2122720,6400,2,,) [in]
[2016/05/20 00:52:52 812][Px17e7][Txe08b700][TRC] QISR       qisr.c     313  QISRAudioWrite session addr:(20bd020)
[2016/05/20 00:52:52 813][Px17e7][Txe08b700][TRC] LENGINE    leng_shell 351  lEngine_PostMessage(20bd860,2,2,) [in]
[2016/05/20 00:52:52 813][Px17e7][Txe08b700][DBG] MSPTHREAD  MSPThreadP 733  POST l_engine_3:10:8:0
[2016/05/20 00:52:52 813][Px17e7][Txe08b700][TRC] LENGINE    leng_shell 374  lEngine_PostMessage() [out] 0
[2016/05/20 00:52:52 814][Px17e7][Txe08b700][TRC] QISR       qisr.c     370  QISRAudioWrite() [out] 0
[2016/05/20 00:52:52 814][Px17e7][Txe08b700][TRC] QISR       qisr.c     307  QISRAudioWrite(20bd020,2124020,6400,2,,) [in]
[2016/05/20 00:52:52 814][Px17e7][Txe08b700][TRC] QISR       qisr.c     313  QISRAudioWrite session addr:(20bd020)
[2016/05/20 00:52:52 814][Px17e7][Txe08b700][TRC] LENGINE    leng_shell 351  lEngine_PostMessage(20bd860,2,2,) [in]
[2016/05/20 00:52:52 815][Px17e7][Txe08b700][DBG] MSPTHREAD  MSPThreadP 733  POST l_engine_3:10:9:0
[2016/05/20 00:52:52 815][Px17e7][Txe08b700][TRC] LENGINE    leng_shell 374  lEngine_PostMessage() [out] 0
[2016/05/20 00:52:52 816][Px17e7][Txe08b700][TRC] QISR       qisr.c     370  QISRAudioWrite() [out] 0
[2016/05/20 00:52:52 816][Px17e7][Txe08b700][TRC] QISR       qisr.c     307  QISRAudioWrite(20bd020,2125920,6400,2,,) [in]
[2016/05/20 00:52:52 816][Px17e7][Txe08b700][TRC] QISR       qisr.c     313  QISRAudioWrite session addr:(20bd020)
[2016/05/20 00:52:52 817][Px17e7][Txe08b700][TRC] LENGINE    leng_shell 351  lEngine_PostMessage(20bd860,2,2,) [in]
[2016/05/20 00:52:52 817][Px17e7][Txe08b700][DBG] MSPTHREAD  MSPThreadP 733  POST l_engine_3:10:10:0
[2016/05/20 00:52:52 817][Px17e7][Txe08b700][TRC] LENGINE    leng_shell 374  lEngine_PostMessage() [out] 0
[2016/05/20 00:52:52 818][Px17e7][Txe08b700][TRC] QISR       qisr.c     370  QISRAudioWrite() [out] 0
[2016/05/20 00:52:52 818][Px17e7][Txe08b700][TRC] QISR       qisr.c     307  QISRAudioWrite(20bd020,2127220,6400,2,,) [in]
[2016/05/20 00:52:52 819][Px17e7][Txe08b700][TRC] QISR       qisr.c     313  QISRAudioWrite session addr:(20bd020)
[2016/05/20 00:52:52 819][Px17e7][Txe08b700][TRC] LENGINE    leng_shell 351  lEngine_PostMessage(20bd860,2,2,) [in]
[2016/05/20 00:52:52 819][Px17e7][Txe08b700][DBG] MSPTHREAD  MSPThreadP 733  POST l_engine_3:10:11:0
[2016/05/20 00:52:52 820][Px17e7][Txe08b700][TRC] LENGINE    leng_shell 374  lEngine_PostMessage() [out] 0
[2016/05/20 00:52:52 820][Px17e7][Txe08b700][TRC] QISR       qisr.c     370  QISRAudioWrite() [out] 0
[2016/05/20 00:52:52 820][Px17e7][Txe08b700][TRC] QISR       qisr.c     307  QISRAudioWrite(20bd020,2128b20,6400,2,,) [in]
[2016/05/20 00:52:52 821][Px17e7][Txe08b700][TRC] QISR       qisr.c     313  QISRAudioWrite session addr:(20bd020)
[2016/05/20 00:52:52 821][Px17e7][Txe08b700][TRC] LENGINE    leng_shell 351  lEngine_PostMessage(20bd860,2,2,) [in]
[2016/05/20 00:52:52 822][Px17e7][Txe08b700][DBG] MSPTHREAD  MSPThreadP 733  POST l_engine_3:10:12:0
[2016/05/20 00:52:52 822][Px17e7][Txe08b700][TRC] LENGINE    leng_shell 374  lEngine_PostMessage() [out] 0
[2016/05/20 00:52:52 822][Px17e7][Txe08b700][TRC] QISR       qisr.c     370  QISRAudioWrite() [out] 0
[2016/05/20 00:52:52 823][Px17e7][Txe08b700][TRC] QISR       qisr.c     307  QISRAudioWrite(20bd020,212a420,6400,2,,) [in]
[2016/05/20 00:52:52 823][Px17e7][Txe08b700][TRC] QISR       qisr.c     313  QISRAudioWrite session addr:(20bd020)
[2016/05/20 00:52:52 823][Px17e7][Txe08b700][TRC] LENGINE    leng_shell 351  lEngine_PostMessage(20bd860,2,2,) [in]
[2016/05/20 00:52:52 824][Px17e7][Txe08b700][DBG] MSPTHREAD  MSPThreadP 733  POST l_engine_3:10:13:0
[2016/05/20 00:52:52 824][Px17e7][Txe08b700][TRC] LENGINE    leng_shell 374  lEngine_PostMessage() [out] 0
[2016/05/20 00:52:52 824][Px17e7][Txe08b700][TRC] QISR       qisr.c     370  QISRAudioWrite() [out] 0
[2016/05/20 00:52:52 825][Px17e7][Txe08b700][TRC] QISR       qisr.c     307  QISRAudioWrite(20bd020,0,0,4,,) [in]
[2016/05/20 00:52:52 825][Px17e7][Txe08b700][TRC] QISR       qisr.c     313  QISRAudioWrite session addr:(20bd020)
[2016/05/20 00:52:52 825][Px17e7][Tx67fc700][TRC] LMOD       luac_logge 170  [isr:1535:ASR_MSG_AUW,   local  ]
[2016/05/20 00:52:52 826][Px17e7][Txe08b700][TRC] LENGINE    leng_shell 351  lEngine_PostMessage(20bd860,2,2,) [in]
[2016/05/20 00:52:52 826][Px17e7][Txe08b700][DBG] MSPTHREAD  MSPThreadP 733  POST l_engine_3:10:14:0
[2016/05/20 00:52:52 827][Px17e7][Txe08b700][TRC] LENGINE    leng_shell 374  lEngine_PostMessage() [out] 0
[2016/05/20 00:52:52 827][Px17e7][Tx67fc700][TRC] LMOD       luac_logge 170  [isr:1546:6400  2  ]
[2016/05/20 00:52:52 828][Px17e7][Tx67fc700][TRC] AUDIOCODEC audio_code 944  audioEncoder_Encode() [in]
[2016/05/20 00:52:52 828][Px17e7][Tx67fc700][INF] AUDIOCODEC audio_code 950  stat = 2, len = 6400
[2016/05/20 00:52:52 828][Px17e7][Tx67fc700][DBG] AUDIOCODEC audio_code 953  divided into 0 blocks
[2016/05/20 00:52:52 829][Px17e7][Tx67fc700][DBG] MSPTHREAD  MSPThreadP 733  POST audioEncoder:6:1:1
[2016/05/20 00:52:52 829][Px17e7][Tx57fa700][TRC] AUDIOCODEC audio_code 175  ENCODE 6400, 2
[2016/05/20 00:52:52 829][Px17e7][Tx57fa700][DBG] AUDIOCODEC audio_code 218  iFlyFixFrontAppendData 6400
[2016/05/20 00:52:52 830][Px17e7][Tx57fa700][TRC] AUDIOCODEC audio_code 245  fetch from VAD 6400 Bytes WaveData
[2016/05/20 00:52:52 831][Px17e7][Tx57fa700][PRF] AUDIOCODEC audio_code 246  fetch 6400(Bytes) Wav cost 1(ms) (fea=0)
[2016/05/20 00:52:52 831][Px17e7][Tx57fa700][DBG] AUDIOCODEC audio_code 262  vadStat = 0
[2016/05/20 00:52:52 831][Px17e7][Tx57fa700][DBG] MSPTHREAD  MSPThreadP 733  POST l_engine_3:10:15:0
[2016/05/20 00:52:52 832][Px17e7][Txe08b700][TRC] QISR       qisr.c     370  QISRAudioWrite() [out] 0
[2016/05/20 00:52:52 832][Px17e7][Txe08b700][TRC] QISR       qisr.c     390  QISRGetResult(20bd020,6b5626c,0,6b561ac) [in]
[2016/05/20 00:52:52 833][Px17e7][Txe08b700][TRC] QISR       qisr.c     396  QISRGetResult session addr:(20bd020)
[2016/05/20 00:52:52 833][Px17e7][Txe08b700][TRC] LENGINE    leng_shell 385  lEngine_SendMessage(20bd860,3,0,,,) [in]
[2016/05/20 00:52:52 834][Px17e7][Txe08b700][DBG] MSPTHREAD  MSPThreadP 733  POST l_engine_3:11:1:0
[2016/05/20 00:52:52 834][Px17e7][Tx67fc700][TRC] AUDIOCODEC audio_code 898  audioEncoder_GetVADParam(, 10001) [in]
[2016/05/20 00:52:52 834][Px17e7][Tx67fc700][DBG] LENGINE    leng_rpc.c 527  luacRPCFuncProto_Invoke() [out] ret = 0
[2016/05/20 00:52:52 835][Px17e7][Tx67fc700][DBG] LENGINE    leng_main. 513  ENGINE_MSG_RPC_ASYNC
[2016/05/20 00:52:52 835][Px17e7][Tx67fc700][DBG] LENGINE    leng_main. 521  [cisr1PdHHBHy5+WrkMttawwnS0ny0gzWl+], stat = 1
[2016/05/20 00:52:52 835][Px17e7][Tx67fc700][DBG] LENGINE    leng_rpc.c 413  luacRPCFuncProto_Invoke(20fdd50,20bd860) [in]
[2016/05/20 00:52:52 836][Px17e7][Tx67fc700][TRC] LMOD       luac_logge 170  [isr:1535:ASR_MSG_AUW,   local  ]
[2016/05/20 00:52:52 836][Px17e7][Tx67fc700][TRC] LMOD       luac_logge 170  [isr:1546:6400  2  ]
[2016/05/20 00:52:52 837][Px17e7][Tx67fc700][TRC] AUDIOCODEC audio_code 944  audioEncoder_Encode() [in]
[2016/05/20 00:52:52 837][Px17e7][Tx67fc700][INF] AUDIOCODEC audio_code 950  stat = 2, len = 6400
[2016/05/20 00:52:52 838][Px17e7][Tx67fc700][DBG] AUDIOCODEC audio_code 953  divided into 0 blocks
[2016/05/20 00:52:52 838][Px17e7][Tx67fc700][DBG] MSPTHREAD  MSPThreadP 733  POST audioEncoder:6:1:1
[2016/05/20 00:52:52 838][Px17e7][Tx57fa700][TRC] AUDIOCODEC audio_code 175  ENCODE 6400, 2
[2016/05/20 00:52:52 838][Px17e7][Tx57fa700][DBG] AUDIOCODEC audio_code 218  iFlyFixFrontAppendData 6400
[2016/05/20 00:52:52 840][Px17e7][Tx57fa700][TRC] AUDIOCODEC audio_code 245  fetch from VAD 6400 Bytes WaveData
[2016/05/20 00:52:52 840][Px17e7][Tx57fa700][PRF] AUDIOCODEC audio_code 246  fetch 6400(Bytes) Wav cost 1(ms) (fea=0)
[2016/05/20 00:52:52 840][Px17e7][Tx57fa700][DBG] AUDIOCODEC audio_code 262  vadStat = 5
[2016/05/20 00:52:52 841][Px17e7][Tx57fa700][DBG] MSPTHREAD  MSPThreadP 733  POST l_engine_3:10:15:0
[2016/05/20 00:52:52 841][Px17e7][Tx67fc700][TRC] AUDIOCODEC audio_code 898  audioEncoder_GetVADParam(, 10001) [in]
[2016/05/20 00:52:52 841][Px17e7][Tx67fc700][DBG] LENGINE    leng_rpc.c 527  luacRPCFuncProto_Invoke() [out] ret = 0
[2016/05/20 00:52:52 842][Px17e7][Tx67fc700][DBG] LENGINE    leng_main. 513  ENGINE_MSG_RPC_ASYNC
[2016/05/20 00:52:52 842][Px17e7][Tx67fc700][DBG] LENGINE    leng_main. 521  [cisr1PdHHBHy5+WrkMttawwnS0ny0gzWl+], stat = 1
[2016/05/20 00:52:52 843][Px17e7][Tx67fc700][DBG] LENGINE    leng_rpc.c 413  luacRPCFuncProto_Invoke(f4001bb0,20bd860) [in]
[2016/05/20 00:52:52 843][Px17e7][Tx67fc700][TRC] AUDIOCODEC audio_code 1023 audioEncoder_Read(, 109033580) [in]
[2016/05/20 00:52:52 843][Px17e7][Tx67fc700][DBG] AUDIOCODEC audio_code 1037 completed = 0, availEncodedSize = 18560
[2016/05/20 00:52:52 844][Px17e7][Tx67fc700][DBG] AUDIOCODEC audio_code 1055 after read, availEncodedSize = 12160
[2016/05/20 00:52:52 845][Px17e7][Tx67fc700][DBG] AUDIOCODEC audio_code 1067 stat = 2, data = fc129af0
[2016/05/20 00:52:52 845][Px17e7][Tx67fc700][TRC] LENGINE    leng_shell 351  lEngine_PostMessage(fc26dea0,303,2,) [in]
[2016/05/20 00:52:52 846][Px17e7][Tx67fc700][DBG] MSPTHREAD  MSPThreadP 733  POST l_engine_2:10:1:1
[2016/05/20 00:52:52 846][Px17e7][Tx6ffd700][DBG] LENGINE    leng_main. 513  ENGINE_MSG_RPC_ASYNC
[2016/05/20 00:52:52 846][Px17e7][Tx6ffd700][DBG] LENGINE    leng_main. 521  [isr_local], stat = 1
[2016/05/20 00:52:52 847][Px17e7][Tx6ffd700][DBG] LENGINE    leng_rpc.c 413  luacRPCFuncProto_Invoke(fc12b400,fc26dea0) [in]
[2016/05/20 00:52:52 847][Px17e7][Tx67fc700][TRC] LENGINE    leng_shell 374  lEngine_PostMessage() [out] 0
[2016/05/20 00:52:52 848][Px17e7][Tx67fc700][TRC] AUDIOCODEC audio_code 1023 audioEncoder_Read(, 109033580) [in]
[2016/05/20 00:52:52 848][Px17e7][Tx67fc700][DBG] AUDIOCODEC audio_code 1037 completed = 0, availEncodedSize = 12160
[2016/05/20 00:52:52 849][Px17e7][Tx6ffd700][TRC] LMOD       luac_logge 170  [isr_local:2103:ASR_LOCAL_MSG_AUW  ]
[2016/05/20 00:52:52 849][Px17e7][Tx67fc700][DBG] AUDIOCODEC audio_code 1055 after read, availEncodedSize = 5760
[2016/05/20 00:52:52 850][Px17e7][Tx6ffd700][TRC] LMOD       luac_logge 170  [isr_local:601:audio buffered :   udata(f841ba18) 2  ]
[2016/05/20 00:52:52 850][Px17e7][Tx67fc700][DBG] AUDIOCODEC audio_code 1067 stat = 2, data = fc129af0
[2016/05/20 00:52:52 851][Px17e7][Tx6ffd700][INF] LMOD       luac_logge 172  [isr_local:2242:last gc at  1463730749  ]
[2016/05/20 00:52:52 851][Px17e7][Tx6ffd700][DBG] LENGINE    leng_rpc.c 527  luacRPCFuncProto_Invoke() [out] ret = 0
[2016/05/20 00:52:52 851][Px17e7][Tx67fc700][TRC] LENGINE    leng_shell 351  lEngine_PostMessage(fc26dea0,303,2,) [in]
[2016/05/20 00:52:52 852][Px17e7][Tx67fc700][DBG] MSPTHREAD  MSPThreadP 733  POST l_engine_2:10:1:1
[2016/05/20 00:52:52 852][Px17e7][Tx6ffd700][DBG] LENGINE    leng_main. 513  ENGINE_MSG_RPC_ASYNC
[2016/05/20 00:52:52 852][Px17e7][Tx6ffd700][DBG] LENGINE    leng_main. 521  [isr_local], stat = 1
[2016/05/20 00:52:52 853][Px17e7][Tx6ffd700][DBG] LENGINE    leng_rpc.c 413  luacRPCFuncProto_Invoke(fc12b400,fc26dea0) [in]
[2016/05/20 00:52:52 853][Px17e7][Tx67fc700][TRC] LENGINE    leng_shell 374  lEngine_PostMessage() [out] 0
[2016/05/20 00:52:52 854][Px17e7][Tx6ffd700][TRC] LMOD       luac_logge 170  [isr_local:2103:ASR_LOCAL_MSG_AUW  ]
[2016/05/20 00:52:52 854][Px17e7][Tx67fc700][TRC] AUDIOCODEC audio_code 1023 audioEncoder_Read(, 109033580) [in]
[2016/05/20 00:52:52 855][Px17e7][Tx6ffd700][TRC] LMOD       luac_logge 170  [isr_local:601:audio buffered :   udata(f840f6b8) 2  ]
[2016/05/20 00:52:52 855][Px17e7][Tx67fc700][DBG] AUDIOCODEC audio_code 1037 completed = 0, availEncodedSize = 5760
[2016/05/20 00:52:52 856][Px17e7][Tx6ffd700][INF] LMOD       luac_logge 172  [isr_local:2242:last gc at  1463730749  ]
[2016/05/20 00:52:52 856][Px17e7][Tx6ffd700][DBG] LENGINE    leng_rpc.c 527  luacRPCFuncProto_Invoke() [out] ret = 0
[2016/05/20 00:52:52 856][Px17e7][Tx67fc700][DBG] LENGINE    leng_rpc.c 527  luacRPCFuncProto_Invoke() [out] ret = 0
[2016/05/20 00:52:52 857][Px17e7][Tx67fc700][DBG] LENGINE    leng_main. 513  ENGINE_MSG_RPC_ASYNC
[2016/05/20 00:52:52 857][Px17e7][Tx67fc700][DBG] LENGINE    leng_main. 521  [cisr1PdHHBHy5+WrkMttawwnS0ny0gzWl+], stat = 1
[2016/05/20 00:52:52 857][Px17e7][Tx67fc700][DBG] LENGINE    leng_rpc.c 413  luacRPCFuncProto_Invoke(20c5490,20bd860) [in]
[2016/05/20 00:52:52 858][Px17e7][Tx67fc700][TRC] LMOD       luac_logge 170  [isr:1535:ASR_MSG_AUW,   local  ]
[2016/05/20 00:52:52 859][Px17e7][Tx67fc700][TRC] LMOD       luac_logge 170  [isr:1546:6400  2  ]
[2016/05/20 00:52:52 859][Px17e7][Tx67fc700][TRC] AUDIOCODEC audio_code 944  audioEncoder_Encode() [in]
[2016/05/20 00:52:52 860][Px17e7][Tx67fc700][INF] AUDIOCODEC audio_code 950  stat = 2, len = 6400
[2016/05/20 00:52:52 860][Px17e7][Tx67fc700][DBG] AUDIOCODEC audio_code 953  divided into 0 blocks
[2016/05/20 00:52:52 860][Px17e7][Tx67fc700][DBG] MSPTHREAD  MSPThreadP 733  POST audioEncoder:6:1:1
[2016/05/20 00:52:52 861][Px17e7][Tx57fa700][TRC] AUDIOCODEC audio_code 175  ENCODE 6400, 2
[2016/05/20 00:52:52 861][Px17e7][Tx57fa700][DBG] AUDIOCODEC audio_code 218  iFlyFixFrontAppendData 6400
[2016/05/20 00:52:52 862][Px17e7][Tx57fa700][TRC] AUDIOCODEC audio_code 245  fetch from VAD 6400 Bytes WaveData
[2016/05/20 00:52:52 862][Px17e7][Tx57fa700][PRF] AUDIOCODEC audio_code 246  fetch 6400(Bytes) Wav cost 2(ms) (fea=0)
[2016/05/20 00:52:52 863][Px17e7][Tx57fa700][DBG] AUDIOCODEC audio_code 262  vadStat = 0
[2016/05/20 00:52:52 863][Px17e7][Tx57fa700][DBG] MSPTHREAD  MSPThreadP 733  POST l_engine_3:10:14:0
[2016/05/20 00:52:52 863][Px17e7][Tx67fc700][TRC] AUDIOCODEC audio_code 898  audioEncoder_GetVADParam(, 10001) [in]
[2016/05/20 00:52:52 864][Px17e7][Tx67fc700][DBG] LENGINE    leng_rpc.c 527  luacRPCFuncProto_Invoke() [out] ret = 0
[2016/05/20 00:52:52 864][Px17e7][Tx67fc700][DBG] LENGINE    leng_main. 513  ENGINE_MSG_RPC_ASYNC
[2016/05/20 00:52:52 864][Px17e7][Tx67fc700][DBG] LENGINE    leng_main. 521  [cisr1PdHHBHy5+WrkMttawwnS0ny0gzWl+], stat = 1
[2016/05/20 00:52:52 865][Px17e7][Tx67fc700][DBG] LENGINE    leng_rpc.c 413  luacRPCFuncProto_Invoke(20bc050,20bd860) [in]
[2016/05/20 00:52:52 866][Px17e7][Tx67fc700][TRC] LMOD       luac_logge 170  [isr:1535:ASR_MSG_AUW,   local  ]
[2016/05/20 00:52:52 866][Px17e7][Tx67fc700][TRC] LMOD       luac_logge 170  [isr:1546:6400  2  ]
[2016/05/20 00:52:52 867][Px17e7][Tx67fc700][TRC] AUDIOCODEC audio_code 944  audioEncoder_Encode() [in]
[2016/05/20 00:52:52 867][Px17e7][Tx67fc700][INF] AUDIOCODEC audio_code 950  stat = 2, len = 6400
[2016/05/20 00:52:52 867][Px17e7][Tx67fc700][DBG] AUDIOCODEC audio_code 953  divided into 0 blocks
[2016/05/20 00:52:52 868][Px17e7][Tx67fc700][DBG] MSPTHREAD  MSPThreadP 733  POST audioEncoder:6:1:1
[2016/05/20 00:52:52 868][Px17e7][Tx57fa700][TRC] AUDIOCODEC audio_code 175  ENCODE 6400, 2
[2016/05/20 00:52:52 868][Px17e7][Tx57fa700][DBG] AUDIOCODEC audio_code 218  iFlyFixFrontAppendData 6400
[2016/05/20 00:52:52 870][Px17e7][Tx57fa700][TRC] AUDIOCODEC audio_code 245  fetch from VAD 6400 Bytes WaveData
[2016/05/20 00:52:52 870][Px17e7][Tx57fa700][PRF] AUDIOCODEC audio_code 246  fetch 6400(Bytes) Wav cost 1(ms) (fea=0)
[2016/05/20 00:52:52 870][Px17e7][Tx57fa700][DBG] AUDIOCODEC audio_code 262  vadStat = 0
[2016/05/20 00:52:52 871][Px17e7][Tx57fa700][DBG] MSPTHREAD  MSPThreadP 733  POST l_engine_3:10:14:0
[2016/05/20 00:52:52 871][Px17e7][Tx67fc700][TRC] AUDIOCODEC audio_code 898  audioEncoder_GetVADParam(, 10001) [in]
[2016/05/20 00:52:52 871][Px17e7][Tx67fc700][DBG] LENGINE    leng_rpc.c 527  luacRPCFuncProto_Invoke() [out] ret = 0
[2016/05/20 00:52:52 872][Px17e7][Tx67fc700][DBG] LENGINE    leng_main. 513  ENGINE_MSG_RPC_ASYNC
[2016/05/20 00:52:52 872][Px17e7][Tx67fc700][DBG] LENGINE    leng_main. 521  [cisr1PdHHBHy5+WrkMttawwnS0ny0gzWl+], stat = 1
[2016/05/20 00:52:52 872][Px17e7][Tx67fc700][DBG] LENGINE    leng_rpc.c 413  luacRPCFuncProto_Invoke(20fda40,20bd860) [in]
[2016/05/20 00:52:52 873][Px17e7][Tx67fc700][TRC] LMOD       luac_logge 170  [isr:1535:ASR_MSG_AUW,   local  ]
[2016/05/20 00:52:52 874][Px17e7][Tx67fc700][TRC] LMOD       luac_logge 170  [isr:1546:6400  2  ]
[2016/05/20 00:52:52 874][Px17e7][Tx67fc700][TRC] AUDIOCODEC audio_code 944  audioEncoder_Encode() [in]
[2016/05/20 00:52:52 875][Px17e7][Tx67fc700][INF] AUDIOCODEC audio_code 950  stat = 2, len = 6400
[2016/05/20 00:52:52 875][Px17e7][Tx67fc700][DBG] AUDIOCODEC audio_code 953  divided into 0 blocks
[2016/05/20 00:52:52 875][Px17e7][Tx67fc700][DBG] MSPTHREAD  MSPThreadP 733  POST audioEncoder:6:1:1
[2016/05/20 00:52:52 876][Px17e7][Tx67fc700][TRC] AUDIOCODEC audio_code 898  audioEncoder_GetVADParam(, 10001) [in]
[2016/05/20 00:52:52 876][Px17e7][Tx67fc700][DBG] LENGINE    leng_rpc.c 527  luacRPCFuncProto_Invoke() [out] ret = 0
[2016/05/20 00:52:52 876][Px17e7][Tx67fc700][DBG] LENGINE    leng_main. 513  ENGINE_MSG_RPC_ASYNC
[2016/05/20 00:52:52 877][Px17e7][Tx67fc700][DBG] LENGINE    leng_main. 521  [cisr1PdHHBHy5+WrkMttawwnS0ny0gzWl+], stat = 1
[2016/05/20 00:52:52 877][Px17e7][Tx67fc700][DBG] LENGINE    leng_rpc.c 413  luacRPCFuncProto_Invoke(20fd6f0,20bd860) [in]
[2016/05/20 00:52:52 877][Px17e7][Tx57fa700][TRC] AUDIOCODEC audio_code 175  ENCODE 6400, 2
[2016/05/20 00:52:52 878][Px17e7][Txeffff700][DBG] MSPTHREAD  MSPThreadP 733  POST l_engine_2:10:1:1
[2016/05/20 00:52:52 879][Px17e7][Txeffff700][DBG] MSPTHREAD  MSPThreadP 733  POST l_engine_2:10:2:0
[2016/05/20 00:52:52 880][Px17e7][Tx6ffd700][DBG] LENGINE    leng_main. 513  ENGINE_MSG_RPC_ASYNC
[2016/05/20 00:52:52 885][Px17e7][Tx6ffd700][DBG] LENGINE    leng_main. 521  [isr_local], stat = 1
[2016/05/20 00:52:52 885][Px17e7][Tx6ffd700][DBG] LENGINE    leng_rpc.c 413  luacRPCFuncProto_Invoke(e8000c40,fc26dea0) [in]
[2016/05/20 00:52:52 886][Px17e7][Tx6ffd700][TRC] LMOD       luac_logge 170  [isr_local:655:local engine ready  ]
[2016/05/20 00:52:52 886][Px17e7][Tx6ffd700][TRC] MSPCMN     msp_cmn.c  827  statusCbStub(,,param_num = 5)
[2016/05/20 00:52:52 890][Px17e7][Tx6ffd700][PRF] LENGINE    leng_main. 189  callc(msp_status_cb) cost 3 ms
[2016/05/20 00:52:52 890][Px17e7][Tx57fa700][DBG] AUDIOCODEC audio_code 218  iFlyFixFrontAppendData 6400
[2016/05/20 00:52:52 891][Px17e7][Tx57fa700][TRC] AUDIOCODEC audio_code 245  fetch from VAD 6400 Bytes WaveData
[2016/05/20 00:52:52 892][Px17e7][Tx57fa700][PRF] AUDIOCODEC audio_code 246  fetch 6400(Bytes) Wav cost 1(ms) (fea=0)
[2016/05/20 00:52:52 892][Px17e7][Tx57fa700][DBG] AUDIOCODEC audio_code 262  vadStat = 0
[2016/05/20 00:52:52 897][Px17e7][Tx57fa700][DBG] MSPTHREAD  MSPThreadP 733  POST l_engine_3:10:13:0
[2016/05/20 00:52:52 897][Px17e7][Tx6ffd700][TRC] LMOD       luac_logge 170  [isr_local:585:esr_flush_buf_audio buffer audio num:  3  ]
[2016/05/20 00:52:52 898][Px17e7][Tx67fc700][TRC] LMOD       luac_logge 170  [isr:1535:ASR_MSG_AUW,   local  ]
[2016/05/20 00:52:52 899][Px17e7][Tx67fc700][TRC] LMOD       luac_logge 170  [isr:1546:6400  2  ]
[2016/05/20 00:52:52 899][Px17e7][Tx67fc700][TRC] AUDIOCODEC audio_code 944  audioEncoder_Encode() [in]
[2016/05/20 00:52:52 905][Px17e7][Tx67fc700][INF] AUDIOCODEC audio_code 950  stat = 2, len = 6400
[2016/05/20 00:52:52 905][Px17e7][Tx67fc700][DBG] AUDIOCODEC audio_code 953  divided into 0 blocks
[2016/05/20 00:52:52 906][Px17e7][Tx67fc700][DBG] MSPTHREAD  MSPThreadP 733  POST audioEncoder:6:1:1
[2016/05/20 00:52:52 906][Px17e7][Tx67fc700][TRC] AUDIOCODEC audio_code 898  audioEncoder_GetVADParam(, 10001) [in]
[2016/05/20 00:52:52 906][Px17e7][Tx67fc700][DBG] LENGINE    leng_rpc.c 527  luacRPCFuncProto_Invoke() [out] ret = 0
[2016/05/20 00:52:52 907][Px17e7][Tx67fc700][DBG] LENGINE    leng_main. 513  ENGINE_MSG_RPC_ASYNC
[2016/05/20 00:52:52 907][Px17e7][Tx67fc700][DBG] LENGINE    leng_main. 521  [cisr1PdHHBHy5+WrkMttawwnS0ny0gzWl+], stat = 1
[2016/05/20 00:52:52 913][Px17e7][Tx67fc700][DBG] LENGINE    leng_rpc.c 413  luacRPCFuncProto_Invoke(21126b0,20bd860) [in]
[2016/05/20 00:52:52 914][Px17e7][Tx57fa700][TRC] AUDIOCODEC audio_code 175  ENCODE 6400, 2
[2016/05/20 00:52:52 914][Px17e7][Tx57fa700][DBG] AUDIOCODEC audio_code 218  iFlyFixFrontAppendData 6400
[2016/05/20 00:52:52 915][Px17e7][Tx57fa700][DBG] MSPTHREAD  MSPThreadP 733  POST l_engine_3:10:13:0
[2016/05/20 00:52:52 916][Px17e7][Tx57fa700][TRC] AUDIOCODEC audio_code 245  fetch from VAD 6400 Bytes WaveData
[2016/05/20 00:52:52 917][Px17e7][Tx57fa700][PRF] AUDIOCODEC audio_code 246  fetch 6400(Bytes) Wav cost 2(ms) (fea=0)
[2016/05/20 00:52:52 917][Px17e7][Tx57fa700][DBG] AUDIOCODEC audio_code 262  vadStat = 0
[2016/05/20 00:52:52 921][Px17e7][Tx57fa700][DBG] MSPTHREAD  MSPThreadP 733  POST l_engine_3:10:14:0
[2016/05/20 00:52:52 922][Px17e7][Tx6ffd700][TRC] LMOD       luac_logge 170  [isr_local:1536:auwl =   6400  ]
[2016/05/20 00:52:52 922][Px17e7][Tx6ffd700][TRC] LENGINE    aitalk.c   437  Esr_WriteAudio(f80878c0, fc12b5d0, 6400) [in]
[2016/05/20 00:52:52 922][Px17e7][Tx6ffd700][TRC] LENGINE    aitalk.c   467  Esr_WriteAudio(0) [out]
[2016/05/20 00:52:52 923][Px17e7][Tx67fc700][TRC] LMOD       luac_logge 170  [isr:1535:ASR_MSG_AUW,   local  ]
[2016/05/20 00:52:52 929][Px17e7][Tx67fc700][TRC] LMOD       luac_logge 170  [isr:1546:6400  2  ]
[2016/05/20 00:52:52 930][Px17e7][Tx67fc700][TRC] AUDIOCODEC audio_code 944  audioEncoder_Encode() [in]
[2016/05/20 00:52:52 930][Px17e7][Tx67fc700][INF] AUDIOCODEC audio_code 950  stat = 2, len = 6400
[2016/05/20 00:52:52 930][Px17e7][Tx67fc700][DBG] AUDIOCODEC audio_code 953  divided into 0 blocks
[2016/05/20 00:52:52 931][Px17e7][Tx67fc700][DBG] MSPTHREAD  MSPThreadP 733  POST audioEncoder:6:1:1
[2016/05/20 00:52:52 931][Px17e7][Tx67fc700][TRC] AUDIOCODEC audio_code 898  audioEncoder_GetVADParam(, 10001) [in]
[2016/05/20 00:52:52 932][Px17e7][Tx67fc700][DBG] LENGINE    leng_rpc.c 527  luacRPCFuncProto_Invoke() [out] ret = 0
[2016/05/20 00:52:52 932][Px17e7][Tx67fc700][DBG] LENGINE    leng_main. 513  ENGINE_MSG_RPC_ASYNC
[2016/05/20 00:52:52 937][Px17e7][Tx67fc700][DBG] LENGINE    leng_main. 521  [cisr1PdHHBHy5+WrkMttawwnS0ny0gzWl+], stat = 1
[2016/05/20 00:52:52 939][Px17e7][Tx67fc700][DBG] LENGINE    leng_rpc.c 413  luacRPCFuncProto_Invoke(2110670,20bd860) [in]
[2016/05/20 00:52:52 939][Px17e7][Tx57fa700][TRC] AUDIOCODEC audio_code 175  ENCODE 6400, 2
[2016/05/20 00:52:52 940][Px17e7][Tx57fa700][DBG] AUDIOCODEC audio_code 218  iFlyFixFrontAppendData 6400
[2016/05/20 00:52:52 947][Px17e7][Tx57fa700][DBG] MSPTHREAD  MSPThreadP 733  POST l_engine_3:10:14:0
[2016/05/20 00:52:52 948][Px17e7][Tx67fc700][TRC] LMOD       luac_logge 170  [isr:1535:ASR_MSG_AUW,   local  ]
[2016/05/20 00:52:52 949][Px17e7][Tx6ffd700][TRC] LMOD       luac_logge 170  [isr_local:590:esr_audio_write, ret =  0  ]
[2016/05/20 00:52:52 950][Px17e7][Tx6ffd700][TRC] LMOD       luac_logge 170  [isr_local:1536:auwl =   6400  ]
[2016/05/20 00:52:52 954][Px17e7][Tx6ffd700][TRC] LENGINE    aitalk.c   437  Esr_WriteAudio(f80878c0, fc00b0c0, 6400) [in]
[2016/05/20 00:52:52 955][Px17e7][Tx6ffd700][TRC] LENGINE    aitalk.c   467  Esr_WriteAudio(0) [out]
[2016/05/20 00:52:52 956][Px17e7][Tx57fa700][TRC] AUDIOCODEC audio_code 245  fetch from VAD 6400 Bytes WaveData
[2016/05/20 00:52:52 962][Px17e7][Tx57fa700][PRF] AUDIOCODEC audio_code 246  fetch 6400(Bytes) Wav cost 16(ms) (fea=0)
[2016/05/20 00:52:52 962][Px17e7][Tx57fa700][DBG] AUDIOCODEC audio_code 262  vadStat = 6
[2016/05/20 00:52:52 963][Px17e7][Tx57fa700][DBG] MSPTHREAD  MSPThreadP 733  POST l_engine_3:10:15:0
[2016/05/20 00:52:52 964][Px17e7][Tx6ffd700][TRC] LMOD       luac_logge 170  [isr_local:590:esr_audio_write, ret =  0  ]
[2016/05/20 00:52:52 964][Px17e7][Tx67fc700][TRC] LMOD       luac_logge 170  [isr:1546:6400  2  ]
[2016/05/20 00:52:52 970][Px17e7][Tx67fc700][TRC] AUDIOCODEC audio_code 944  audioEncoder_Encode() [in]
[2016/05/20 00:52:52 971][Px17e7][Tx67fc700][INF] AUDIOCODEC audio_code 950  stat = 2, len = 6400
[2016/05/20 00:52:52 971][Px17e7][Tx67fc700][DBG] AUDIOCODEC audio_code 953  divided into 0 blocks
[2016/05/20 00:52:52 972][Px17e7][Tx67fc700][DBG] MSPTHREAD  MSPThreadP 733  POST audioEncoder:6:1:1
[2016/05/20 00:52:52 975][Px17e7][Tx67fc700][TRC] AUDIOCODEC audio_code 898  audioEncoder_GetVADParam(, 10001) [in]
[2016/05/20 00:52:52 975][Px17e7][Tx67fc700][DBG] LENGINE    leng_rpc.c 527  luacRPCFuncProto_Invoke() [out] ret = 0
[2016/05/20 00:52:52 976][Px17e7][Tx67fc700][DBG] LENGINE    leng_main. 513  ENGINE_MSG_RPC_ASYNC
[2016/05/20 00:52:52 976][Px17e7][Tx67fc700][DBG] LENGINE    leng_main. 521  [cisr1PdHHBHy5+WrkMttawwnS0ny0gzWl+], stat = 1
[2016/05/20 00:52:52 977][Px17e7][Tx67fc700][DBG] LENGINE    leng_rpc.c 413  luacRPCFuncProto_Invoke(20c9ce0,20bd860) [in]
[2016/05/20 00:52:52 983][Px17e7][Tx6ffd700][TRC] LMOD       luac_logge 170  [isr_local:1536:auwl =   6400  ]
[2016/05/20 00:52:52 983][Px17e7][Tx6ffd700][TRC] LENGINE    aitalk.c   437  Esr_WriteAudio(f80878c0, fc00c9d0, 6400) [in]
[2016/05/20 00:52:52 984][Px17e7][Tx6ffd700][TRC] LENGINE    aitalk.c   467  Esr_WriteAudio(0) [out]
[2016/05/20 00:52:52 985][Px17e7][Tx57fa700][TRC] AUDIOCODEC audio_code 175  ENCODE 6400, 2
[2016/05/20 00:52:52 990][Px17e7][Tx57fa700][DBG] AUDIOCODEC audio_code 218  iFlyFixFrontAppendData 6400
[2016/05/20 00:52:52 993][Px17e7][Tx57fa700][DBG] MSPTHREAD  MSPThreadP 733  POST l_engine_3:10:15:0
[2016/05/20 00:52:52 993][Px17e7][Tx6ffd700][TRC] LMOD       luac_logge 170  [isr_local:590:esr_audio_write, ret =  0  ]
[2016/05/20 00:52:52 994][Px17e7][Tx6ffd700][DBG] LENGINE    leng_rpc.c 527  luacRPCFuncProto_Invoke() [out] ret = 0
[2016/05/20 00:52:52 994][Px17e7][Tx6ffd700][DBG] LENGINE    leng_main. 513  ENGINE_MSG_RPC_ASYNC
[2016/05/20 00:52:52 995][Px17e7][Tx6ffd700][DBG] LENGINE    leng_main. 521  [isr_local], stat = 1
[2016/05/20 00:52:52 995][Px17e7][Tx6ffd700][DBG] LENGINE    leng_rpc.c 413  luacRPCFuncProto_Invoke(e8119360,fc26dea0) [in]
[2016/05/20 00:52:53 001][Px17e7][Tx67fc700][TRC] LMOD       luac_logge 170  [isr:1535:ASR_MSG_AUW,   local  ]
[2016/05/20 00:52:53 002][Px17e7][Tx57fa700][TRC] AUDIOCODEC audio_code 245  fetch from VAD 6400 Bytes WaveData
[2016/05/20 00:52:53 003][Px17e7][Tx57fa700][PRF] AUDIOCODEC audio_code 246  fetch 6400(Bytes) Wav cost 11(ms) (fea=0)
[2016/05/20 00:52:53 009][Px17e7][Tx57fa700][DBG] AUDIOCODEC audio_code 262  vadStat = 0
[2016/05/20 00:52:53 010][Px17e7][Tx57fa700][DBG] MSPTHREAD  MSPThreadP 733  POST l_engine_3:10:16:0
[2016/05/20 00:52:53 010][Px17e7][Tx67fc700][TRC] LMOD       luac_logge 170  [isr:1546:6400  2  ]
[2016/05/20 00:52:53 011][Px17e7][Tx67fc700][TRC] AUDIOCODEC audio_code 944  audioEncoder_Encode() [in]
[2016/05/20 00:52:53 011][Px17e7][Tx67fc700][INF] AUDIOCODEC audio_code 950  stat = 2, len = 6400
[2016/05/20 00:52:53 017][Px17e7][Tx67fc700][DBG] AUDIOCODEC audio_code 953  divided into 0 blocks
[2016/05/20 00:52:53 017][Px17e7][Tx67fc700][DBG] MSPTHREAD  MSPThreadP 733  POST audioEncoder:6:1:1
[2016/05/20 00:52:53 018][Px17e7][Tx67fc700][TRC] AUDIOCODEC audio_code 898  audioEncoder_GetVADParam(, 10001) [in]
[2016/05/20 00:52:53 018][Px17e7][Tx67fc700][DBG] LENGINE    leng_rpc.c 527  luacRPCFuncProto_Invoke() [out] ret = 0
[2016/05/20 00:52:53 019][Px17e7][Tx67fc700][DBG] LENGINE    leng_main. 513  ENGINE_MSG_RPC_ASYNC
[2016/05/20 00:52:53 019][Px17e7][Tx67fc700][DBG] LENGINE    leng_main. 521  [cisr1PdHHBHy5+WrkMttawwnS0ny0gzWl+], stat = 1
[2016/05/20 00:52:53 019][Px17e7][Tx67fc700][DBG] LENGINE    leng_rpc.c 413  luacRPCFuncProto_Invoke(21122f0,20bd860) [in]
[2016/05/20 00:52:53 022][Px17e7][Tx57fa700][TRC] AUDIOCODEC audio_code 175  ENCODE 6400, 2
[2016/05/20 00:52:53 022][Px17e7][Tx57fa700][DBG] AUDIOCODEC audio_code 218  iFlyFixFrontAppendData 6400
[2016/05/20 00:52:53 024][Px17e7][Tx57fa700][DBG] MSPTHREAD  MSPThreadP 733  POST l_engine_3:10:16:0
[2016/05/20 00:52:53 024][Px17e7][Tx57fa700][TRC] AUDIOCODEC audio_code 245  fetch from VAD 6400 Bytes WaveData
[2016/05/20 00:52:53 024][Px17e7][Tx57fa700][PRF] AUDIOCODEC audio_code 246  fetch 6400(Bytes) Wav cost 1(ms) (fea=0)
[2016/05/20 00:52:53 025][Px17e7][Tx57fa700][DBG] AUDIOCODEC audio_code 262  vadStat = 5
[2016/05/20 00:52:53 025][Px17e7][Tx57fa700][DBG] MSPTHREAD  MSPThreadP 733  POST l_engine_3:10:17:0
[2016/05/20 00:52:53 026][Px17e7][Tx67fc700][TRC] LMOD       luac_logge 170  [isr:1535:ASR_MSG_AUW,   local  ]
[2016/05/20 00:52:53 026][Px17e7][Tx6ffd700][TRC] LMOD       luac_logge 170  [isr_local:630:local engine started  ]
[2016/05/20 00:52:53 030][Px17e7][Tx6ffd700][TRC] MSPCMN     msp_cmn.c  827  statusCbStub(,,param_num = 5)
[2016/05/20 00:52:53 031][Px17e7][Tx6ffd700][PRF] LENGINE    leng_main. 189  callc(msp_status_cb) cost 0 ms
[2016/05/20 00:52:53 031][Px17e7][Tx6ffd700][DBG] LENGINE    leng_rpc.c 527  luacRPCFuncProto_Invoke() [out] ret = 0
[2016/05/20 00:52:53 032][Px17e7][Tx67fc700][TRC] LMOD       luac_logge 170  [isr:1546:6400  2  ]
[2016/05/20 00:52:53 032][Px17e7][Tx67fc700][TRC] AUDIOCODEC audio_code 944  audioEncoder_Encode() [in]
[2016/05/20 00:52:53 032][Px17e7][Tx67fc700][INF] AUDIOCODEC audio_code 950  stat = 2, len = 6400
[2016/05/20 00:52:53 033][Px17e7][Tx67fc700][DBG] AUDIOCODEC audio_code 953  divided into 0 blocks
[2016/05/20 00:52:53 038][Px17e7][Tx67fc700][DBG] MSPTHREAD  MSPThreadP 733  POST audioEncoder:6:1:1
[2016/05/20 00:52:53 038][Px17e7][Tx67fc700][TRC] AUDIOCODEC audio_code 898  audioEncoder_GetVADParam(, 10001) [in]
[2016/05/20 00:52:53 039][Px17e7][Tx67fc700][DBG] LENGINE    leng_rpc.c 527  luacRPCFuncProto_Invoke() [out] ret = 0
[2016/05/20 00:52:53 039][Px17e7][Tx67fc700][DBG] LENGINE    leng_main. 513  ENGINE_MSG_RPC_ASYNC
[2016/05/20 00:52:53 040][Px17e7][Tx67fc700][DBG] LENGINE    leng_main. 521  [cisr1PdHHBHy5+WrkMttawwnS0ny0gzWl+], stat = 1
[2016/05/20 00:52:53 040][Px17e7][Tx67fc700][DBG] LENGINE    leng_rpc.c 413  luacRPCFuncProto_Invoke(2112570,20bd860) [in]
[2016/05/20 00:52:53 040][Px17e7][Tx57fa700][TRC] AUDIOCODEC audio_code 175  ENCODE 6400, 2
[2016/05/20 00:52:53 047][Px17e7][Tx57fa700][DBG] AUDIOCODEC audio_code 218  iFlyFixFrontAppendData 6400
[2016/05/20 00:52:53 048][Px17e7][Tx57fa700][TRC] AUDIOCODEC audio_code 245  fetch from VAD 6400 Bytes WaveData
[2016/05/20 00:52:53 056][Px17e7][Tx67fc700][TRC] LMOD       luac_logge 170  [isr:1535:ASR_MSG_AUW,   local  ]
[2016/05/20 00:52:53 061][Px17e7][Tx57fa700][PRF] AUDIOCODEC audio_code 246  fetch 6400(Bytes) Wav cost 11(ms) (fea=0)
[2016/05/20 00:52:53 062][Px17e7][Tx57fa700][DBG] AUDIOCODEC audio_code 262  vadStat = 0
[2016/05/20 00:52:53 062][Px17e7][Tx57fa700][DBG] MSPTHREAD  MSPThreadP 733  POST l_engine_3:10:17:0
[2016/05/20 00:52:53 063][Px17e7][Tx67fc700][TRC] LMOD       luac_logge 170  [isr:1546:6400  2  ]
[2016/05/20 00:52:53 069][Px17e7][Tx67fc700][TRC] AUDIOCODEC audio_code 944  audioEncoder_Encode() [in]
[2016/05/20 00:52:53 069][Px17e7][Tx67fc700][INF] AUDIOCODEC audio_code 950  stat = 2, len = 6400
[2016/05/20 00:52:53 070][Px17e7][Tx67fc700][DBG] AUDIOCODEC audio_code 953  divided into 0 blocks
[2016/05/20 00:52:53 073][Px17e7][Tx67fc700][DBG] MSPTHREAD  MSPThreadP 733  POST audioEncoder:6:1:1
[2016/05/20 00:52:53 074][Px17e7][Tx67fc700][TRC] AUDIOCODEC audio_code 898  audioEncoder_GetVADParam(, 10001) [in]
[2016/05/20 00:52:53 075][Px17e7][Tx67fc700][DBG] LENGINE    leng_rpc.c 527  luacRPCFuncProto_Invoke() [out] ret = 0
[2016/05/20 00:52:53 075][Px17e7][Tx67fc700][DBG] LENGINE    leng_main. 513  ENGINE_MSG_RPC_ASYNC
[2016/05/20 00:52:53 076][Px17e7][Tx67fc700][DBG] LENGINE    leng_main. 521  [cisr1PdHHBHy5+WrkMttawwnS0ny0gzWl+], stat = 1
[2016/05/20 00:52:53 078][Px17e7][Tx67fc700][DBG] LENGINE    leng_rpc.c 413  luacRPCFuncProto_Invoke(20c5290,20bd860) [in]
[2016/05/20 00:52:53 079][Px17e7][Tx57fa700][TRC] AUDIOCODEC audio_code 175  ENCODE 6400, 2
[2016/05/20 00:52:53 079][Px17e7][Tx57fa700][DBG] AUDIOCODEC audio_code 218  iFlyFixFrontAppendData 6400
[2016/05/20 00:52:53 080][Px17e7][Tx57fa700][TRC] AUDIOCODEC audio_code 245  fetch from VAD 6400 Bytes WaveData
[2016/05/20 00:52:53 081][Px17e7][Tx57fa700][PRF] AUDIOCODEC audio_code 246  fetch 6400(Bytes) Wav cost 1(ms) (fea=0)
[2016/05/20 00:52:53 081][Px17e7][Tx57fa700][DBG] AUDIOCODEC audio_code 262  vadStat = 0
[2016/05/20 00:52:53 086][Px17e7][Tx57fa700][DBG] MSPTHREAD  MSPThreadP 733  POST l_engine_3:10:17:0
[2016/05/20 00:52:53 086][Px17e7][Tx67fc700][TRC] LMOD       luac_logge 170  [isr:1535:ASR_MSG_AUW,   local  ]
[2016/05/20 00:52:53 087][Px17e7][Tx67fc700][TRC] LMOD       luac_logge 170  [isr:1546:6400  2  ]
[2016/05/20 00:52:53 087][Px17e7][Tx67fc700][TRC] AUDIOCODEC audio_code 944  audioEncoder_Encode() [in]
[2016/05/20 00:52:53 087][Px17e7][Tx67fc700][INF] AUDIOCODEC audio_code 950  stat = 2, len = 6400
[2016/05/20 00:52:53 088][Px17e7][Tx67fc700][DBG] AUDIOCODEC audio_code 953  divided into 0 blocks
[2016/05/20 00:52:53 088][Px17e7][Tx67fc700][DBG] MSPTHREAD  MSPThreadP 733  POST audioEncoder:6:1:1
[2016/05/20 00:52:53 088][Px17e7][Tx67fc700][TRC] AUDIOCODEC audio_code 898  audioEncoder_GetVADParam(, 10001) [in]
[2016/05/20 00:52:53 094][Px17e7][Tx67fc700][DBG] LENGINE    leng_rpc.c 527  luacRPCFuncProto_Invoke() [out] ret = 0
[2016/05/20 00:52:53 094][Px17e7][Tx67fc700][DBG] LENGINE    leng_main. 513  ENGINE_MSG_RPC_ASYNC
[2016/05/20 00:52:53 095][Px17e7][Tx67fc700][DBG] LENGINE    leng_main. 521  [cisr1PdHHBHy5+WrkMttawwnS0ny0gzWl+], stat = 1
[2016/05/20 00:52:53 095][Px17e7][Tx67fc700][DBG] LENGINE    leng_rpc.c 413  luacRPCFuncProto_Invoke(20b6640,20bd860) [in]
[2016/05/20 00:52:53 095][Px17e7][Tx57fa700][TRC] AUDIOCODEC audio_code 175  ENCODE 6400, 2
[2016/05/20 00:52:53 096][Px17e7][Tx57fa700][DBG] AUDIOCODEC audio_code 218  iFlyFixFrontAppendData 6400
[2016/05/20 00:52:53 097][Px17e7][Tx57fa700][TRC] AUDIOCODEC audio_code 245  fetch from VAD 6400 Bytes WaveData
[2016/05/20 00:52:53 098][Px17e7][Tx57fa700][PRF] AUDIOCODEC audio_code 246  fetch 6400(Bytes) Wav cost 2(ms) (fea=0)
[2016/05/20 00:52:53 102][Px17e7][Tx57fa700][DBG] AUDIOCODEC audio_code 262  vadStat = 0
[2016/05/20 00:52:53 102][Px17e7][Tx57fa700][DBG] MSPTHREAD  MSPThreadP 733  POST l_engine_3:10:17:0
[2016/05/20 00:52:53 103][Px17e7][Tx67fc700][TRC] LMOD       luac_logge 170  [isr:1535:ASR_MSG_AUW,   local  ]
[2016/05/20 00:52:53 104][Px17e7][Tx67fc700][TRC] LMOD       luac_logge 170  [isr:1546:6400  2  ]
[2016/05/20 00:52:53 110][Px17e7][Tx67fc700][TRC] AUDIOCODEC audio_code 944  audioEncoder_Encode() [in]
[2016/05/20 00:52:53 111][Px17e7][Tx67fc700][INF] AUDIOCODEC audio_code 950  stat = 2, len = 6400
[2016/05/20 00:52:53 111][Px17e7][Tx67fc700][DBG] AUDIOCODEC audio_code 953  divided into 0 blocks
[2016/05/20 00:52:53 111][Px17e7][Tx67fc700][DBG] MSPTHREAD  MSPThreadP 733  POST audioEncoder:6:1:1
[2016/05/20 00:52:53 112][Px17e7][Tx67fc700][TRC] AUDIOCODEC audio_code 898  audioEncoder_GetVADParam(, 10001) [in]
[2016/05/20 00:52:53 112][Px17e7][Tx67fc700][DBG] LENGINE    leng_rpc.c 527  luacRPCFuncProto_Invoke() [out] ret = 0
[2016/05/20 00:52:53 118][Px17e7][Tx67fc700][DBG] LENGINE    leng_main. 513  ENGINE_MSG_RPC_ASYNC
[2016/05/20 00:52:53 118][Px17e7][Tx67fc700][DBG] LENGINE    leng_main. 521  [cisr1PdHHBHy5+WrkMttawwnS0ny0gzWl+], stat = 1
[2016/05/20 00:52:53 119][Px17e7][Tx67fc700][DBG] LENGINE    leng_rpc.c 413  luacRPCFuncProto_Invoke(20ae640,20bd860) [in]
[2016/05/20 00:52:53 120][Px17e7][Tx57fa700][TRC] AUDIOCODEC audio_code 175  ENCODE 6400, 2
[2016/05/20 00:52:53 120][Px17e7][Tx57fa700][DBG] AUDIOCODEC audio_code 218  iFlyFixFrontAppendData 6400
[2016/05/20 00:52:53 125][Px17e7][Tx57fa700][DBG] MSPTHREAD  MSPThreadP 733  POST l_engine_3:10:17:0
[2016/05/20 00:52:53 125][Px17e7][Tx57fa700][TRC] AUDIOCODEC audio_code 245  fetch from VAD 6400 Bytes WaveData
[2016/05/20 00:52:53 126][Px17e7][Tx57fa700][PRF] AUDIOCODEC audio_code 246  fetch 6400(Bytes) Wav cost 2(ms) (fea=0)
[2016/05/20 00:52:53 126][Px17e7][Tx67fc700][TRC] LMOD       luac_logge 170  [isr:1535:ASR_MSG_AUW,   local  ]
[2016/05/20 00:52:53 127][Px17e7][Tx67fc700][TRC] LMOD       luac_logge 170  [isr:1546:0  4  ]
[2016/05/20 00:52:53 127][Px17e7][Tx57fa700][DBG] AUDIOCODEC audio_code 262  vadStat = 0
[2016/05/20 00:52:53 132][Px17e7][Tx57fa700][DBG] MSPTHREAD  MSPThreadP 733  POST l_engine_3:10:18:0
[2016/05/20 00:52:53 133][Px17e7][Tx67fc700][TRC] LMOD       luac_logge 170  [isr:1579:aud end, USER  ]
[2016/05/20 00:52:53 133][Px17e7][Tx67fc700][TRC] AUDIOCODEC audio_code 944  audioEncoder_Encode() [in]
[2016/05/20 00:52:53 134][Px17e7][Tx67fc700][INF] AUDIOCODEC audio_code 950  stat = 4, len = 0
[2016/05/20 00:52:53 134][Px17e7][Tx67fc700][DBG] AUDIOCODEC audio_code 953  divided into 0 blocks
[2016/05/20 00:52:53 135][Px17e7][Tx67fc700][DBG] MSPTHREAD  MSPThreadP 733  POST audioEncoder:6:1:1
[2016/05/20 00:52:53 138][Px17e7][Tx67fc700][TRC] AUDIOCODEC audio_code 898  audioEncoder_GetVADParam(, 10001) [in]
[2016/05/20 00:52:53 138][Px17e7][Tx67fc700][DBG] LENGINE    leng_rpc.c 527  luacRPCFuncProto_Invoke() [out] ret = 0
[2016/05/20 00:52:53 138][Px17e7][Tx67fc700][DBG] LENGINE    leng_main. 513  ENGINE_MSG_RPC_ASYNC
[2016/05/20 00:52:53 139][Px17e7][Tx67fc700][DBG] LENGINE    leng_main. 521  [cisr1PdHHBHy5+WrkMttawwnS0ny0gzWl+], stat = 1
[2016/05/20 00:52:53 139][Px17e7][Tx67fc700][DBG] LENGINE    leng_rpc.c 413  luacRPCFuncProto_Invoke(f4001ea0,20bd860) [in]
[2016/05/20 00:52:53 140][Px17e7][Tx67fc700][TRC] AUDIOCODEC audio_code 1023 audioEncoder_Read(, 109033580) [in]
[2016/05/20 00:52:53 146][Px17e7][Tx67fc700][DBG] AUDIOCODEC audio_code 1037 completed = 0, availEncodedSize = 76160
[2016/05/20 00:52:53 146][Px17e7][Tx67fc700][DBG] AUDIOCODEC audio_code 1055 after read, availEncodedSize = 69760
[2016/05/20 00:52:53 146][Px17e7][Tx67fc700][DBG] AUDIOCODEC audio_code 1067 stat = 2, data = fc12b570
[2016/05/20 00:52:53 147][Px17e7][Tx67fc700][TRC] LENGINE    leng_shell 351  lEngine_PostMessage(fc26dea0,303,2,) [in]
[2016/05/20 00:52:53 147][Px17e7][Tx67fc700][DBG] MSPTHREAD  MSPThreadP 733  POST l_engine_2:10:1:1
[2016/05/20 00:52:53 147][Px17e7][Tx67fc700][TRC] LENGINE    leng_shell 374  lEngine_PostMessage() [out] 0
[2016/05/20 00:52:53 148][Px17e7][Tx67fc700][TRC] AUDIOCODEC audio_code 1023 audioEncoder_Read(, 109033580) [in]
[2016/05/20 00:52:53 148][Px17e7][Tx67fc700][DBG] AUDIOCODEC audio_code 1037 completed = 0, availEncodedSize = 69760
[2016/05/20 00:52:53 153][Px17e7][Tx67fc700][DBG] AUDIOCODEC audio_code 1055 after read, availEncodedSize = 63360
[2016/05/20 00:52:53 154][Px17e7][Tx67fc700][DBG] AUDIOCODEC audio_code 1067 stat = 2, data = fc12b570
[2016/05/20 00:52:53 154][Px17e7][Tx67fc700][TRC] LENGINE    leng_shell 351  lEngine_PostMessage(fc26dea0,303,2,) [in]
[2016/05/20 00:52:53 154][Px17e7][Tx67fc700][DBG] MSPTHREAD  MSPThreadP 733  POST l_engine_2:10:1:0
[2016/05/20 00:52:53 155][Px17e7][Tx67fc700][TRC] LENGINE    leng_shell 374  lEngine_PostMessage() [out] 0
[2016/05/20 00:52:53 155][Px17e7][Tx67fc700][TRC] AUDIOCODEC audio_code 1023 audioEncoder_Read(, 109033580) [in]
[2016/05/20 00:52:53 161][Px17e7][Tx67fc700][DBG] AUDIOCODEC audio_code 1037 completed = 0, availEncodedSize = 63360
[2016/05/20 00:52:53 161][Px17e7][Tx67fc700][DBG] AUDIOCODEC audio_code 1055 after read, availEncodedSize = 56960
[2016/05/20 00:52:53 162][Px17e7][Tx67fc700][DBG] AUDIOCODEC audio_code 1067 stat = 2, data = fc12b570
[2016/05/20 00:52:53 162][Px17e7][Tx67fc700][TRC] LENGINE    leng_shell 351  lEngine_PostMessage(fc26dea0,303,2,) [in]
[2016/05/20 00:52:53 163][Px17e7][Tx67fc700][DBG] MSPTHREAD  MSPThreadP 733  POST l_engine_2:10:2:0
[2016/05/20 00:52:53 163][Px17e7][Tx67fc700][TRC] LENGINE    leng_shell 374  lEngine_PostMessage() [out] 0
[2016/05/20 00:52:53 163][Px17e7][Tx67fc700][TRC] AUDIOCODEC audio_code 1023 audioEncoder_Read(, 109033580) [in]
[2016/05/20 00:52:53 171][Px17e7][Tx67fc700][DBG] AUDIOCODEC audio_code 1037 completed = 0, availEncodedSize = 56960
[2016/05/20 00:52:53 171][Px17e7][Tx67fc700][DBG] AUDIOCODEC audio_code 1055 after read, availEncodedSize = 50560
[2016/05/20 00:52:53 171][Px17e7][Tx67fc700][DBG] AUDIOCODEC audio_code 1067 stat = 2, data = fc12b570
[2016/05/20 00:52:53 172][Px17e7][Tx67fc700][TRC] LENGINE    leng_shell 351  lEngine_PostMessage(fc26dea0,303,2,) [in]
[2016/05/20 00:52:53 172][Px17e7][Tx67fc700][DBG] MSPTHREAD  MSPThreadP 733  POST l_engine_2:10:3:0
[2016/05/20 00:52:53 172][Px17e7][Tx67fc700][TRC] LENGINE    leng_shell 374  lEngine_PostMessage() [out] 0
[2016/05/20 00:52:53 178][Px17e7][Tx67fc700][TRC] AUDIOCODEC audio_code 1023 audioEncoder_Read(, 109033580) [in]
[2016/05/20 00:52:53 179][Px17e7][Tx67fc700][DBG] AUDIOCODEC audio_code 1037 completed = 0, availEncodedSize = 50560
[2016/05/20 00:52:53 179][Px17e7][Tx67fc700][DBG] AUDIOCODEC audio_code 1055 after read, availEncodedSize = 44160
[2016/05/20 00:52:53 180][Px17e7][Tx67fc700][DBG] AUDIOCODEC audio_code 1067 stat = 2, data = fc12b570
[2016/05/20 00:52:53 180][Px17e7][Tx67fc700][TRC] LENGINE    leng_shell 351  lEngine_PostMessage(fc26dea0,303,2,) [in]
[2016/05/20 00:52:53 180][Px17e7][Tx67fc700][DBG] MSPTHREAD  MSPThreadP 733  POST l_engine_2:10:4:0
[2016/05/20 00:52:53 181][Px17e7][Tx67fc700][TRC] LENGINE    leng_shell 374  lEngine_PostMessage() [out] 0
[2016/05/20 00:52:53 185][Px17e7][Tx67fc700][TRC] AUDIOCODEC audio_code 1023 audioEncoder_Read(, 109033580) [in]
[2016/05/20 00:52:53 186][Px17e7][Tx67fc700][DBG] AUDIOCODEC audio_code 1037 completed = 0, availEncodedSize = 44160
[2016/05/20 00:52:53 187][Px17e7][Tx67fc700][DBG] AUDIOCODEC audio_code 1055 after read, availEncodedSize = 37760
[2016/05/20 00:52:53 188][Px17e7][Tx67fc700][DBG] AUDIOCODEC audio_code 1067 stat = 2, data = fc12b570
[2016/05/20 00:52:53 189][Px17e7][Tx67fc700][TRC] LENGINE    leng_shell 351  lEngine_PostMessage(fc26dea0,303,2,) [in]
[2016/05/20 00:52:53 190][Px17e7][Tx67fc700][DBG] MSPTHREAD  MSPThreadP 733  POST l_engine_2:10:5:0
[2016/05/20 00:52:53 190][Px17e7][Tx67fc700][TRC] LENGINE    leng_shell 374  lEngine_PostMessage() [out] 0
[2016/05/20 00:52:53 193][Px17e7][Tx67fc700][TRC] AUDIOCODEC audio_code 1023 audioEncoder_Read(, 109033580) [in]
[2016/05/20 00:52:53 193][Px17e7][Tx67fc700][DBG] AUDIOCODEC audio_code 1037 completed = 0, availEncodedSize = 37760
[2016/05/20 00:52:53 194][Px17e7][Tx67fc700][DBG] AUDIOCODEC audio_code 1055 after read, availEncodedSize = 31360
[2016/05/20 00:52:53 194][Px17e7][Tx67fc700][DBG] AUDIOCODEC audio_code 1067 stat = 2, data = fc12b570
[2016/05/20 00:52:53 195][Px17e7][Tx67fc700][TRC] LENGINE    leng_shell 351  lEngine_PostMessage(fc26dea0,303,2,) [in]
[2016/05/20 00:52:53 195][Px17e7][Tx67fc700][DBG] MSPTHREAD  MSPThreadP 733  POST l_engine_2:10:6:0
[2016/05/20 00:52:53 198][Px17e7][Tx67fc700][TRC] LENGINE    leng_shell 374  lEngine_PostMessage() [out] 0
[2016/05/20 00:52:53 198][Px17e7][Tx67fc700][TRC] AUDIOCODEC audio_code 1023 audioEncoder_Read(, 109033580) [in]
[2016/05/20 00:52:53 199][Px17e7][Tx67fc700][DBG] AUDIOCODEC audio_code 1037 completed = 0, availEncodedSize = 31360
[2016/05/20 00:52:53 199][Px17e7][Tx67fc700][DBG] AUDIOCODEC audio_code 1055 after read, availEncodedSize = 24960
[2016/05/20 00:52:53 200][Px17e7][Tx67fc700][DBG] AUDIOCODEC audio_code 1067 stat = 2, data = fc12b570
[2016/05/20 00:52:53 200][Px17e7][Tx67fc700][TRC] LENGINE    leng_shell 351  lEngine_PostMessage(fc26dea0,303,2,) [in]
[2016/05/20 00:52:53 200][Px17e7][Tx67fc700][DBG] MSPTHREAD  MSPThreadP 733  POST l_engine_2:10:7:0
[2016/05/20 00:52:53 206][Px17e7][Tx67fc700][TRC] LENGINE    leng_shell 374  lEngine_PostMessage() [out] 0
[2016/05/20 00:52:53 207][Px17e7][Tx67fc700][TRC] AUDIOCODEC audio_code 1023 audioEncoder_Read(, 109033580) [in]
[2016/05/20 00:52:53 207][Px17e7][Tx67fc700][DBG] AUDIOCODEC audio_code 1037 completed = 0, availEncodedSize = 24960
[2016/05/20 00:52:53 208][Px17e7][Tx67fc700][DBG] AUDIOCODEC audio_code 1055 after read, availEncodedSize = 18560
[2016/05/20 00:52:53 208][Px17e7][Tx67fc700][DBG] AUDIOCODEC audio_code 1067 stat = 2, data = fc12b570
[2016/05/20 00:52:53 210][Px17e7][Tx67fc700][TRC] LENGINE    leng_shell 351  lEngine_PostMessage(fc26dea0,303,2,) [in]
[2016/05/20 00:52:53 210][Px17e7][Tx67fc700][DBG] MSPTHREAD  MSPThreadP 733  POST l_engine_2:10:8:0
[2016/05/20 00:52:53 211][Px17e7][Tx67fc700][TRC] LENGINE    leng_shell 374  lEngine_PostMessage() [out] 0
[2016/05/20 00:52:53 211][Px17e7][Tx67fc700][TRC] AUDIOCODEC audio_code 1023 audioEncoder_Read(, 109033580) [in]
[2016/05/20 00:52:53 212][Px17e7][Tx67fc700][DBG] AUDIOCODEC audio_code 1037 completed = 0, availEncodedSize = 18560
[2016/05/20 00:52:53 217][Px17e7][Tx67fc700][DBG] AUDIOCODEC audio_code 1055 after read, availEncodedSize = 12160
[2016/05/20 00:52:53 217][Px17e7][Tx67fc700][DBG] AUDIOCODEC audio_code 1067 stat = 2, data = fc12b570
[2016/05/20 00:52:53 218][Px17e7][Tx67fc700][TRC] LENGINE    leng_shell 351  lEngine_PostMessage(fc26dea0,303,2,) [in]
[2016/05/20 00:52:53 218][Px17e7][Tx67fc700][DBG] MSPTHREAD  MSPThreadP 733  POST l_engine_2:10:9:0
[2016/05/20 00:52:53 219][Px17e7][Tx67fc700][TRC] LENGINE    leng_shell 374  lEngine_PostMessage() [out] 0
[2016/05/20 00:52:53 219][Px17e7][Tx67fc700][TRC] AUDIOCODEC audio_code 1023 audioEncoder_Read(, 109033580) [in]
[2016/05/20 00:52:53 219][Px17e7][Tx67fc700][DBG] AUDIOCODEC audio_code 1037 completed = 0, availEncodedSize = 12160
[2016/05/20 00:52:53 224][Px17e7][Tx67fc700][DBG] AUDIOCODEC audio_code 1055 after read, availEncodedSize = 5760
[2016/05/20 00:52:53 225][Px17e7][Tx67fc700][DBG] AUDIOCODEC audio_code 1067 stat = 2, data = fc12b570
[2016/05/20 00:52:53 225][Px17e7][Tx67fc700][TRC] LENGINE    leng_shell 351  lEngine_PostMessage(fc26dea0,303,2,) [in]
[2016/05/20 00:52:53 226][Px17e7][Tx67fc700][DBG] MSPTHREAD  MSPThreadP 733  POST l_engine_2:10:10:0
[2016/05/20 00:52:53 226][Px17e7][Tx67fc700][TRC] LENGINE    leng_shell 374  lEngine_PostMessage() [out] 0
[2016/05/20 00:52:53 226][Px17e7][Tx67fc700][TRC] AUDIOCODEC audio_code 1023 audioEncoder_Read(, 109033580) [in]
[2016/05/20 00:52:53 230][Px17e7][Tx67fc700][DBG] AUDIOCODEC audio_code 1037 completed = 0, availEncodedSize = 5760
[2016/05/20 00:52:53 230][Px17e7][Tx67fc700][DBG] LENGINE    leng_rpc.c 527  luacRPCFuncProto_Invoke() [out] ret = 0
[2016/05/20 00:52:53 231][Px17e7][Tx67fc700][DBG] LENGINE    leng_main. 513  ENGINE_MSG_RPC_ASYNC
[2016/05/20 00:52:53 231][Px17e7][Tx67fc700][DBG] LENGINE    leng_main. 521  [cisr1PdHHBHy5+WrkMttawwnS0ny0gzWl+], stat = 1
[2016/05/20 00:52:53 231][Px17e7][Tx67fc700][DBG] LENGINE    leng_rpc.c 413  luacRPCFuncProto_Invoke(f4004650,20bd860) [in]
[2016/05/20 00:52:53 232][Px17e7][Tx67fc700][TRC] AUDIOCODEC audio_code 1023 audioEncoder_Read(, 109033580) [in]
[2016/05/20 00:52:53 232][Px17e7][Tx67fc700][DBG] AUDIOCODEC audio_code 1037 completed = 0, availEncodedSize = 5760
[2016/05/20 00:52:53 238][Px17e7][Tx67fc700][DBG] LENGINE    leng_rpc.c 527  luacRPCFuncProto_Invoke() [out] ret = 0
[2016/05/20 00:52:53 238][Px17e7][Tx67fc700][DBG] LENGINE    leng_main. 513  ENGINE_MSG_RPC_ASYNC
[2016/05/20 00:52:53 238][Px17e7][Tx67fc700][DBG] LENGINE    leng_main. 521  [cisr1PdHHBHy5+WrkMttawwnS0ny0gzWl+], stat = 1
[2016/05/20 00:52:53 239][Px17e7][Tx67fc700][DBG] LENGINE    leng_rpc.c 413  luacRPCFuncProto_Invoke(f4001bb0,20bd860) [in]
[2016/05/20 00:52:53 239][Px17e7][Tx67fc700][TRC] AUDIOCODEC audio_code 1023 audioEncoder_Read(, 109033580) [in]
[2016/05/20 00:52:53 239][Px17e7][Tx67fc700][DBG] AUDIOCODEC audio_code 1037 completed = 0, availEncodedSize = 5760
[2016/05/20 00:52:53 240][Px17e7][Tx67fc700][DBG] LENGINE    leng_rpc.c 527  luacRPCFuncProto_Invoke() [out] ret = 0
[2016/05/20 00:52:53 246][Px17e7][Tx67fc700][DBG] LENGINE    leng_main. 513  ENGINE_MSG_RPC_ASYNC
[2016/05/20 00:52:53 246][Px17e7][Tx67fc700][DBG] LENGINE    leng_main. 521  [cisr1PdHHBHy5+WrkMttawwnS0ny0gzWl+], stat = 1
[2016/05/20 00:52:53 246][Px17e7][Tx67fc700][DBG] LENGINE    leng_rpc.c 413  luacRPCFuncProto_Invoke(f4003a50,20bd860) [in]
[2016/05/20 00:52:53 246][Px17e7][Tx67fc700][TRC] AUDIOCODEC audio_code 1023 audioEncoder_Read(, 109033580) [in]
[2016/05/20 00:52:53 247][Px17e7][Tx67fc700][DBG] AUDIOCODEC audio_code 1037 completed = 0, availEncodedSize = 5760
[2016/05/20 00:52:53 248][Px17e7][Tx67fc700][DBG] LENGINE    leng_rpc.c 527  luacRPCFuncProto_Invoke() [out] ret = 0
[2016/05/20 00:52:53 248][Px17e7][Tx67fc700][DBG] LENGINE    leng_main. 513  ENGINE_MSG_RPC_ASYNC
[2016/05/20 00:52:53 248][Px17e7][Tx67fc700][DBG] LENGINE    leng_main. 521  [cisr1PdHHBHy5+WrkMttawwnS0ny0gzWl+], stat = 1
[2016/05/20 00:52:53 253][Px17e7][Tx67fc700][DBG] LENGINE    leng_rpc.c 413  luacRPCFuncProto_Invoke(f4003d20,20bd860) [in]
[2016/05/20 00:52:53 254][Px17e7][Tx67fc700][TRC] AUDIOCODEC audio_code 1023 audioEncoder_Read(, 109033580) [in]
[2016/05/20 00:52:53 254][Px17e7][Tx67fc700][DBG] AUDIOCODEC audio_code 1037 completed = 0, availEncodedSize = 5760
[2016/05/20 00:52:53 254][Px17e7][Tx67fc700][DBG] LENGINE    leng_rpc.c 527  luacRPCFuncProto_Invoke() [out] ret = 0
[2016/05/20 00:52:53 255][Px17e7][Tx67fc700][DBG] LENGINE    leng_main. 513  ENGINE_MSG_RPC_ASYNC
[2016/05/20 00:52:53 255][Px17e7][Tx67fc700][DBG] LENGINE    leng_main. 521  [cisr1PdHHBHy5+WrkMttawwnS0ny0gzWl+], stat = 1
[2016/05/20 00:52:53 255][Px17e7][Tx67fc700][DBG] LENGINE    leng_rpc.c 413  luacRPCFuncProto_Invoke(f4004010,20bd860) [in]
[2016/05/20 00:52:53 258][Px17e7][Tx67fc700][TRC] AUDIOCODEC audio_code 1023 audioEncoder_Read(, 109033580) [in]
[2016/05/20 00:52:53 258][Px17e7][Tx67fc700][DBG] AUDIOCODEC audio_code 1037 completed = 0, availEncodedSize = 5760
[2016/05/20 00:52:53 259][Px17e7][Tx67fc700][DBG] LENGINE    leng_rpc.c 527  luacRPCFuncProto_Invoke() [out] ret = 0
[2016/05/20 00:52:53 259][Px17e7][Tx67fc700][DBG] LENGINE    leng_main. 513  ENGINE_MSG_RPC_ASYNC
[2016/05/20 00:52:53 260][Px17e7][Tx67fc700][DBG] LENGINE    leng_main. 521  [cisr1PdHHBHy5+WrkMttawwnS0ny0gzWl+], stat = 1
[2016/05/20 00:52:53 263][Px17e7][Tx67fc700][DBG] LENGINE    leng_rpc.c 413  luacRPCFuncProto_Invoke(f4004300,20bd860) [in]
[2016/05/20 00:52:53 263][Px17e7][Tx67fc700][TRC] AUDIOCODEC audio_code 1023 audioEncoder_Read(, 109033580) [in]
[2016/05/20 00:52:53 263][Px17e7][Tx67fc700][DBG] AUDIOCODEC audio_code 1037 completed = 0, availEncodedSize = 5760
[2016/05/20 00:52:53 264][Px17e7][Tx67fc700][DBG] LENGINE    leng_rpc.c 527  luacRPCFuncProto_Invoke() [out] ret = 0
[2016/05/20 00:52:53 264][Px17e7][Tx67fc700][DBG] LENGINE    leng_main. 513  ENGINE_MSG_RPC_ASYNC
[2016/05/20 00:52:53 264][Px17e7][Tx67fc700][DBG] LENGINE    leng_main. 521  [cisr1PdHHBHy5+WrkMttawwnS0ny0gzWl+], stat = 1
[2016/05/20 00:52:53 271][Px17e7][Tx67fc700][DBG] LENGINE    leng_rpc.c 413  luacRPCFuncProto_Invoke(f40008c0,20bd860) [in]
[2016/05/20 00:52:53 271][Px17e7][Tx67fc700][TRC] AUDIOCODEC audio_code 1023 audioEncoder_Read(, 109033580) [in]
[2016/05/20 00:52:53 271][Px17e7][Tx67fc700][DBG] AUDIOCODEC audio_code 1037 completed = 0, availEncodedSize = 5760
[2016/05/20 00:52:53 272][Px17e7][Tx67fc700][DBG] LENGINE    leng_rpc.c 527  luacRPCFuncProto_Invoke() [out] ret = 0
[2016/05/20 00:52:53 272][Px17e7][Tx67fc700][DBG] LENGINE    leng_main. 513  ENGINE_MSG_RPC_ASYNC
[2016/05/20 00:52:53 272][Px17e7][Tx67fc700][DBG] LENGINE    leng_main. 521  [cisr1PdHHBHy5+WrkMttawwnS0ny0gzWl+], stat = 1
[2016/05/20 00:52:53 279][Px17e7][Tx67fc700][DBG] LENGINE    leng_rpc.c 413  luacRPCFuncProto_Invoke(f4000b50,20bd860) [in]
[2016/05/20 00:52:53 279][Px17e7][Tx67fc700][TRC] AUDIOCODEC audio_code 1023 audioEncoder_Read(, 109033580) [in]
[2016/05/20 00:52:53 280][Px17e7][Tx67fc700][DBG] AUDIOCODEC audio_code 1037 completed = 0, availEncodedSize = 5760
[2016/05/20 00:52:53 280][Px17e7][Tx67fc700][DBG] LENGINE    leng_rpc.c 527  luacRPCFuncProto_Invoke() [out] ret = 0
[2016/05/20 00:52:53 281][Px17e7][Tx67fc700][DBG] LENGINE    leng_main. 513  ENGINE_MSG_RPC_ASYNC
[2016/05/20 00:52:53 286][Px17e7][Tx67fc700][DBG] LENGINE    leng_main. 521  [cisr1PdHHBHy5+WrkMttawwnS0ny0gzWl+], stat = 1
[2016/05/20 00:52:53 287][Px17e7][Tx67fc700][DBG] LENGINE    leng_rpc.c 413  luacRPCFuncProto_Invoke(f4000e40,20bd860) [in]
[2016/05/20 00:52:53 287][Px17e7][Tx67fc700][TRC] AUDIOCODEC audio_code 1023 audioEncoder_Read(, 109033580) [in]
[2016/05/20 00:52:53 288][Px17e7][Tx67fc700][DBG] AUDIOCODEC audio_code 1037 completed = 0, availEncodedSize = 5760
[2016/05/20 00:52:53 288][Px17e7][Tx67fc700][DBG] LENGINE    leng_rpc.c 527  luacRPCFuncProto_Invoke() [out] ret = 0
[2016/05/20 00:52:53 288][Px17e7][Tx67fc700][DBG] LENGINE    leng_main. 513  ENGINE_MSG_RPC_ASYNC
[2016/05/20 00:52:53 294][Px17e7][Tx67fc700][DBG] LENGINE    leng_main. 521  [cisr1PdHHBHy5+WrkMttawwnS0ny0gzWl+], stat = 1
[2016/05/20 00:52:53 295][Px17e7][Tx67fc700][DBG] LENGINE    leng_rpc.c 413  luacRPCFuncProto_Invoke(f4001130,20bd860) [in]
[2016/05/20 00:52:53 296][Px17e7][Tx67fc700][TRC] AUDIOCODEC audio_code 1023 audioEncoder_Read(, 109033580) [in]
[2016/05/20 00:52:53 296][Px17e7][Tx67fc700][DBG] AUDIOCODEC audio_code 1037 completed = 0, availEncodedSize = 5760
[2016/05/20 00:52:53 302][Px17e7][Tx67fc700][DBG] LENGINE    leng_rpc.c 527  luacRPCFuncProto_Invoke() [out] ret = 0
[2016/05/20 00:52:53 303][Px17e7][Tx67fc700][DBG] LENGINE    leng_main. 513  ENGINE_MSG_RPC_ASYNC
[2016/05/20 00:52:53 303][Px17e7][Tx67fc700][DBG] LENGINE    leng_main. 521  [cisr1PdHHBHy5+WrkMttawwnS0ny0gzWl+], stat = 1
[2016/05/20 00:52:53 304][Px17e7][Tx67fc700][DBG] LENGINE    leng_rpc.c 413  luacRPCFuncProto_Invoke(f4001420,20bd860) [in]
[2016/05/20 00:52:53 304][Px17e7][Tx67fc700][TRC] AUDIOCODEC audio_code 1023 audioEncoder_Read(, 109033580) [in]
[2016/05/20 00:52:53 305][Px17e7][Tx67fc700][DBG] AUDIOCODEC audio_code 1037 completed = 0, availEncodedSize = 5760
[2016/05/20 00:52:53 310][Px17e7][Tx67fc700][DBG] LENGINE    leng_rpc.c 527  luacRPCFuncProto_Invoke() [out] ret = 0
[2016/05/20 00:52:53 311][Px17e7][Tx67fc700][DBG] LENGINE    leng_main. 513  ENGINE_MSG_RPC_ASYNC
[2016/05/20 00:52:53 311][Px17e7][Tx67fc700][DBG] LENGINE    leng_main. 521  [cisr1PdHHBHy5+WrkMttawwnS0ny0gzWl+], stat = 1
[2016/05/20 00:52:53 312][Px17e7][Tx67fc700][DBG] LENGINE    leng_rpc.c 413  luacRPCFuncProto_Invoke(f4001710,20bd860) [in]
[2016/05/20 00:52:53 312][Px17e7][Tx67fc700][TRC] AUDIOCODEC audio_code 1023 audioEncoder_Read(, 109033580) [in]
[2016/05/20 00:52:53 318][Px17e7][Tx67fc700][DBG] AUDIOCODEC audio_code 1037 completed = 0, availEncodedSize = 5760
[2016/05/20 00:52:53 318][Px17e7][Tx67fc700][DBG] LENGINE    leng_rpc.c 527  luacRPCFuncProto_Invoke() [out] ret = 0
[2016/05/20 00:52:53 318][Px17e7][Tx67fc700][DBG] LENGINE    leng_main. 513  ENGINE_MSG_RPC_ASYNC
[2016/05/20 00:52:53 319][Px17e7][Tx67fc700][DBG] LENGINE    leng_main. 521  [cisr1PdHHBHy5+WrkMttawwnS0ny0gzWl+], stat = 1
[2016/05/20 00:52:53 326][Px17e7][Tx67fc700][DBG] LENGINE    leng_rpc.c 413  luacRPCFuncProto_Invoke(f40049d0,20bd860) [in]
[2016/05/20 00:52:53 326][Px17e7][Tx67fc700][TRC] AUDIOCODEC audio_code 1023 audioEncoder_Read(, 109033580) [in]
[2016/05/20 00:52:53 326][Px17e7][Tx67fc700][DBG] AUDIOCODEC audio_code 1037 completed = 0, availEncodedSize = 5760
[2016/05/20 00:52:53 327][Px17e7][Tx67fc700][DBG] LENGINE    leng_rpc.c 527  luacRPCFuncProto_Invoke() [out] ret = 0
[2016/05/20 00:52:53 327][Px17e7][Tx67fc700][DBG] LENGINE    leng_main. 513  ENGINE_MSG_RPC_ASYNC
[2016/05/20 00:52:53 327][Px17e7][Tx67fc700][DBG] LENGINE    leng_main. 521  [cisr1PdHHBHy5+WrkMttawwnS0ny0gzWl+], stat = 1
[2016/05/20 00:52:53 328][Px17e7][Tx67fc700][DBG] LENGINE    leng_rpc.c 413  luacRPCFuncProto_Invoke(f4004bd0,20bd860) [in]
[2016/05/20 00:52:53 328][Px17e7][Tx67fc700][TRC] AUDIOCODEC audio_code 1023 audioEncoder_Read(, 109033580) [in]
[2016/05/20 00:52:53 334][Px17e7][Tx67fc700][DBG] AUDIOCODEC audio_code 1037 completed = 0, availEncodedSize = 5760
[2016/05/20 00:52:53 334][Px17e7][Tx67fc700][DBG] LENGINE    leng_rpc.c 527  luacRPCFuncProto_Invoke() [out] ret = 0
[2016/05/20 00:52:53 335][Px17e7][Tx67fc700][DBG] LENGINE    leng_main. 513  ENGINE_MSG_RPC_ASYNC
[2016/05/20 00:52:53 335][Px17e7][Tx67fc700][DBG] LENGINE    leng_main. 521  [cisr1PdHHBHy5+WrkMttawwnS0ny0gzWl+], stat = 1
[2016/05/20 00:52:53 336][Px17e7][Tx67fc700][DBG] LENGINE    leng_rpc.c 413  luacRPCFuncProto_Invoke(f4004ec0,20bd860) [in]
[2016/05/20 00:52:53 341][Px17e7][Tx67fc700][TRC] AUDIOCODEC audio_code 1023 audioEncoder_Read(, 109033580) [in]
[2016/05/20 00:52:53 342][Px17e7][Tx67fc700][DBG] AUDIOCODEC audio_code 1037 completed = 0, availEncodedSize = 5760
[2016/05/20 00:52:53 342][Px17e7][Tx67fc700][DBG] LENGINE    leng_rpc.c 527  luacRPCFuncProto_Invoke() [out] ret = 0
[2016/05/20 00:52:53 343][Px17e7][Tx67fc700][DBG] LENGINE    leng_main. 513  ENGINE_MSG_RPC_ASYNC
[2016/05/20 00:52:53 344][Px17e7][Tx67fc700][DBG] LENGINE    leng_main. 521  [cisr1PdHHBHy5+WrkMttawwnS0ny0gzWl+], stat = 1
[2016/05/20 00:52:53 349][Px17e7][Tx67fc700][DBG] LENGINE    leng_rpc.c 413  luacRPCFuncProto_Invoke(f4002140,20bd860) [in]
[2016/05/20 00:52:53 350][Px17e7][Tx67fc700][TRC] AUDIOCODEC audio_code 1023 audioEncoder_Read(, 109033580) [in]
[2016/05/20 00:52:53 350][Px17e7][Tx67fc700][DBG] AUDIOCODEC audio_code 1037 completed = 0, availEncodedSize = 5760
[2016/05/20 00:52:53 351][Px17e7][Tx67fc700][DBG] LENGINE    leng_rpc.c 527  luacRPCFuncProto_Invoke() [out] ret = 0
[2016/05/20 00:52:53 351][Px17e7][Tx67fc700][DBG] LENGINE    leng_main. 513  ENGINE_MSG_RPC_ASYNC
[2016/05/20 00:52:53 352][Px17e7][Tx67fc700][DBG] LENGINE    leng_main. 521  [cisr1PdHHBHy5+WrkMttawwnS0ny0gzWl+], stat = 1
[2016/05/20 00:52:53 358][Px17e7][Tx67fc700][DBG] LENGINE    leng_rpc.c 413  luacRPCFuncProto_Invoke(f4002430,20bd860) [in]
[2016/05/20 00:52:53 358][Px17e7][Tx67fc700][TRC] AUDIOCODEC audio_code 1023 audioEncoder_Read(, 109033580) [in]
[2016/05/20 00:52:53 359][Px17e7][Tx67fc700][DBG] AUDIOCODEC audio_code 1037 completed = 0, availEncodedSize = 5760
[2016/05/20 00:52:53 359][Px17e7][Tx67fc700][DBG] LENGINE    leng_rpc.c 527  luacRPCFuncProto_Invoke() [out] ret = 0
[2016/05/20 00:52:53 360][Px17e7][Tx67fc700][DBG] LENGINE    leng_main. 535  ENGINE_MSG_RPC_SYNC
[2016/05/20 00:52:53 366][Px17e7][Tx67fc700][DBG] LENGINE    leng_main. 543  [cisr1PdHHBHy5+WrkMttawwnS0ny0gzWl+], stat = 1
[2016/05/20 00:52:53 367][Px17e7][Tx67fc700][DBG] LENGINE    leng_rpc.c 413  luacRPCFuncProto_Invoke(20ae910,20bd860) [in]
[2016/05/20 00:52:53 367][Px17e7][Tx6ffd700][DBG] LENGINE    leng_main. 513  ENGINE_MSG_RPC_ASYNC
[2016/05/20 00:52:53 368][Px17e7][Tx6ffd700][DBG] LENGINE    leng_main. 521  [isr_local], stat = 1
[2016/05/20 00:52:53 368][Px17e7][Tx6ffd700][DBG] LENGINE    leng_rpc.c 413  luacRPCFuncProto_Invoke(fc12d310,fc26dea0) [in]
[2016/05/20 00:52:53 373][Px17e7][Tx57fa700][TRC] AUDIOCODEC audio_code 175  ENCODE 0, 4
[2016/05/20 00:52:53 375][Px17e7][Tx57fa700][DBG] AUDIOCODEC audio_code 228  iFlyFixFrontEndAudioData
[2016/05/20 00:52:53 381][Px17e7][Tx57fa700][DBG] MSPTHREAD  MSPThreadP 733  POST l_engine_3:10:1:0
[2016/05/20 00:52:53 382][Px17e7][Tx57fa700][TRC] AUDIOCODEC audio_code 245  fetch from VAD 320 Bytes WaveData
[2016/05/20 00:52:53 382][Px17e7][Tx57fa700][PRF] AUDIOCODEC audio_code 246  fetch 320(Bytes) Wav cost 2(ms) (fea=0)
[2016/05/20 00:52:53 383][Px17e7][Tx57fa700][DBG] AUDIOCODEC audio_code 262  vadStat = 8
[2016/05/20 00:52:53 383][Px17e7][Tx57fa700][TRC] AUDIOCODEC audio_code 273  VAD: finished!
[2016/05/20 00:52:53 384][Px17e7][Tx57fa700][DBG] MSPTHREAD  MSPThreadP 733  POST l_engine_3:10:2:0
[2016/05/20 00:52:53 390][Px17e7][Tx57fa700][DBG] MSPTHREAD  MSPThreadP 733  POST l_engine_3:10:3:0
[2016/05/20 00:52:53 390][Px17e7][Tx57fa700][TRC] AUDIOCODEC audio_code 303  encoding completed!
[2016/05/20 00:52:53 391][Px17e7][Tx57fa700][DBG] MSPTHREAD  MSPThreadP 733  POST l_engine_3:10:4:0
[2016/05/20 00:52:53 392][Px17e7][Tx67fc700][TRC] LMOD       luac_logge 170  [isr:1618:ASR_MSG_GRSLT,   local  ]
[2016/05/20 00:52:53 392][Px17e7][Tx6ffd700][TRC] LMOD       luac_logge 170  [isr_local:2103:ASR_LOCAL_MSG_AUW  ]
[2016/05/20 00:52:53 399][Px17e7][Tx67fc700][TRC] LMOD       luac_logge 170  [isr:1297:0  nil  2  ]
[2016/05/20 00:52:53 399][Px17e7][Tx67fc700][DBG] LENGINE    leng_rpc.c 527  luacRPCFuncProto_Invoke() [out] ret = 0
[2016/05/20 00:52:53 405][Px17e7][Tx6ffd700][TRC] LMOD       luac_logge 170  [isr_local:1536:auwl =   6400  ]
[2016/05/20 00:52:53 405][Px17e7][Tx6ffd700][TRC] LENGINE    aitalk.c   437  Esr_WriteAudio(f80878c0, fc129af0, 6400) [in]
[2016/05/20 00:52:53 406][Px17e7][Tx6ffd700][TRC] LENGINE    aitalk.c   467  Esr_WriteAudio(0) [out]
[2016/05/20 00:52:53 407][Px17e7][Tx6ffd700][TRC] LMOD       luac_logge 170  [isr_local:2112:esr_audio_write, ret =  nil  ]
[2016/05/20 00:52:53 407][Px17e7][Tx6ffd700][INF] LMOD       luac_logge 172  [isr_local:2242:last gc at  1463730749  ]
[2016/05/20 00:52:53 409][Px17e7][Tx6ffd700][DBG] LENGINE    leng_rpc.c 527  luacRPCFuncProto_Invoke() [out] ret = 0
[2016/05/20 00:52:53 409][Px17e7][Txeffff700][DBG] MSPTHREAD  MSPThreadP 733  POST l_engine_2:10:11:0
[2016/05/20 00:52:53 410][Px17e7][Txe08b700][TRC] LENGINE    leng_shell 428  lEngine_SendMessage() [out] 0
[2016/05/20 00:52:53 414][Px17e7][Txe08b700][TRC] QISR       qisr.c     455  QISRGetResult() [out] 0 2 0
[2016/05/20 00:52:53 415][Px17e7][Tx67fc700][DBG] LENGINE    leng_main. 513  ENGINE_MSG_RPC_ASYNC
[2016/05/20 00:52:53 415][Px17e7][Tx67fc700][DBG] LENGINE    leng_main. 521  [cisr1PdHHBHy5+WrkMttawwnS0ny0gzWl+], stat = 1
[2016/05/20 00:52:53 415][Px17e7][Tx67fc700][DBG] LENGINE    leng_rpc.c 413  luacRPCFuncProto_Invoke(f4001ea0,20bd860) [in]
[2016/05/20 00:52:53 416][Px17e7][Tx67fc700][TRC] AUDIOCODEC audio_code 1023 audioEncoder_Read(, 109033580) [in]
[2016/05/20 00:52:53 416][Px17e7][Tx67fc700][DBG] AUDIOCODEC audio_code 1037 completed = 1, availEncodedSize = 6080
[2016/05/20 00:52:53 422][Px17e7][Tx67fc700][DBG] AUDIOCODEC audio_code 1055 after read, availEncodedSize = 0
[2016/05/20 00:52:53 422][Px17e7][Tx67fc700][DBG] AUDIOCODEC audio_code 1067 stat = 4, data = fc12b570
[2016/05/20 00:52:53 423][Px17e7][Tx67fc700][TRC] LENGINE    leng_shell 351  lEngine_PostMessage(fc26dea0,303,2,) [in]
[2016/05/20 00:52:53 423][Px17e7][Tx67fc700][DBG] MSPTHREAD  MSPThreadP 733  POST l_engine_2:10:11:0
[2016/05/20 00:52:53 424][Px17e7][Tx67fc700][TRC] LENGINE    leng_shell 374  lEngine_PostMessage() [out] 0
[2016/05/20 00:52:53 424][Px17e7][Tx67fc700][DBG] LENGINE    leng_rpc.c 527  luacRPCFuncProto_Invoke() [out] ret = 0
[2016/05/20 00:52:53 424][Px17e7][Tx67fc700][DBG] LENGINE    leng_main. 513  ENGINE_MSG_RPC_ASYNC
[2016/05/20 00:52:53 426][Px17e7][Tx67fc700][DBG] LENGINE    leng_main. 521  [cisr1PdHHBHy5+WrkMttawwnS0ny0gzWl+], stat = 1
[2016/05/20 00:52:53 427][Px17e7][Tx67fc700][DBG] LENGINE    leng_rpc.c 413  luacRPCFuncProto_Invoke(f4004650,20bd860) [in]
[2016/05/20 00:52:53 430][Px17e7][Tx6ffd700][DBG] LENGINE    leng_main. 513  ENGINE_MSG_RPC_ASYNC
[2016/05/20 00:52:53 431][Px17e7][Tx6ffd700][DBG] LENGINE    leng_main. 521  [isr_local], stat = 1
[2016/05/20 00:52:53 431][Px17e7][Tx6ffd700][DBG] LENGINE    leng_rpc.c 413  luacRPCFuncProto_Invoke(fc12d490,fc26dea0) [in]
[2016/05/20 00:52:53 432][Px17e7][Tx67fc700][TRC] LMOD       luac_logge 170  [isr:855:[aud] speech end  ]
[2016/05/20 00:52:53 432][Px17e7][Tx67fc700][TRC] AUDIOCODEC audio_code 898  audioEncoder_GetVADParam(, 10002) [in]
[2016/05/20 00:52:53 433][Px17e7][Tx67fc700][TRC] AUDIOCODEC audio_code 898  audioEncoder_GetVADParam(, 10003) [in]
[2016/05/20 00:52:53 435][Px17e7][Tx67fc700][TRC] AUDIOCODEC audio_code 898  audioEncoder_GetVADParam(, 10004) [in]
[2016/05/20 00:52:53 435][Px17e7][Tx67fc700][TRC] AUDIOCODEC audio_code 898  audioEncoder_GetVADParam(, 10005) [in]
[2016/05/20 00:52:53 438][Px17e7][Tx67fc700][TRC] AUDIOCODEC audio_code 1023 audioEncoder_Read(, 109033580) [in]
[2016/05/20 00:52:53 439][Px17e7][Tx67fc700][DBG] LENGINE    leng_rpc.c 527  luacRPCFuncProto_Invoke() [out] ret = 0
[2016/05/20 00:52:53 439][Px17e7][Tx67fc700][DBG] LENGINE    leng_main. 513  ENGINE_MSG_RPC_ASYNC
[2016/05/20 00:52:53 440][Px17e7][Tx67fc700][DBG] LENGINE    leng_main. 521  [cisr1PdHHBHy5+WrkMttawwnS0ny0gzWl+], stat = 1
[2016/05/20 00:52:53 440][Px17e7][Tx67fc700][DBG] LENGINE    leng_rpc.c 413  luacRPCFuncProto_Invoke(f4001bb0,20bd860) [in]
[2016/05/20 00:52:53 441][Px17e7][Tx67fc700][TRC] AUDIOCODEC audio_code 1023 audioEncoder_Read(, 109033580) [in]
[2016/05/20 00:52:53 446][Px17e7][Tx67fc700][DBG] LENGINE    leng_rpc.c 527  luacRPCFuncProto_Invoke() [out] ret = 0
[2016/05/20 00:52:53 447][Px17e7][Tx67fc700][DBG] LENGINE    leng_main. 513  ENGINE_MSG_RPC_ASYNC
[2016/05/20 00:52:53 447][Px17e7][Tx67fc700][DBG] LENGINE    leng_main. 521  [cisr1PdHHBHy5+WrkMttawwnS0ny0gzWl+], stat = 1
[2016/05/20 00:52:53 448][Px17e7][Tx67fc700][DBG] LENGINE    leng_rpc.c 413  luacRPCFuncProto_Invoke(f4003d20,20bd860) [in]
[2016/05/20 00:52:53 449][Px17e7][Tx67fc700][TRC] AUDIOCODEC audio_code 1023 audioEncoder_Read(, 109033580) [in]
[2016/05/20 00:52:53 454][Px17e7][Tx67fc700][DBG] LENGINE    leng_rpc.c 527  luacRPCFuncProto_Invoke() [out] ret = 0
[2016/05/20 00:52:53 455][Px17e7][Tx6ffd700][TRC] LMOD       luac_logge 170  [isr_local:2103:ASR_LOCAL_MSG_AUW  ]
[2016/05/20 00:52:53 456][Px17e7][Tx6ffd700][TRC] LMOD       luac_logge 170  [isr_local:1536:auwl =   6400  ]
[2016/05/20 00:52:53 456][Px17e7][Tx6ffd700][TRC] LENGINE    aitalk.c   437  Esr_WriteAudio(f80878c0, fc00b120, 6400) [in]
[2016/05/20 00:52:53 456][Px17e7][Tx6ffd700][TRC] LENGINE    aitalk.c   467  Esr_WriteAudio(0) [out]
[2016/05/20 00:52:53 463][Px17e7][Tx6ffd700][TRC] LMOD       luac_logge 170  [isr_local:2112:esr_audio_write, ret =  nil  ]
[2016/05/20 00:52:53 464][Px17e7][Tx6ffd700][INF] LMOD       luac_logge 172  [isr_local:2242:last gc at  1463730749  ]
[2016/05/20 00:52:53 465][Px17e7][Tx6ffd700][DBG] LENGINE    leng_rpc.c 527  luacRPCFuncProto_Invoke() [out] ret = 0
[2016/05/20 00:52:53 471][Px17e7][Tx6ffd700][DBG] LENGINE    leng_main. 513  ENGINE_MSG_RPC_ASYNC
[2016/05/20 00:52:53 471][Px17e7][Tx6ffd700][DBG] LENGINE    leng_main. 521  [isr_local], stat = 1
[2016/05/20 00:52:53 472][Px17e7][Tx6ffd700][DBG] LENGINE    leng_rpc.c 413  luacRPCFuncProto_Invoke(fc00cb90,fc26dea0) [in]
[2016/05/20 00:52:53 473][Px17e7][Tx6ffd700][TRC] LMOD       luac_logge 170  [isr_local:2103:ASR_LOCAL_MSG_AUW  ]
[2016/05/20 00:52:53 478][Px17e7][Tx6ffd700][TRC] LMOD       luac_logge 170  [isr_local:1536:auwl =   6400  ]
[2016/05/20 00:52:53 478][Px17e7][Tx6ffd700][TRC] LENGINE    aitalk.c   437  Esr_WriteAudio(f80878c0, fc00cd90, 6400) [in]
[2016/05/20 00:52:53 479][Px17e7][Tx6ffd700][TRC] LENGINE    aitalk.c   467  Esr_WriteAudio(0) [out]
[2016/05/20 00:52:53 486][Px17e7][Tx6ffd700][TRC] LMOD       luac_logge 170  [isr_local:2112:esr_audio_write, ret =  nil  ]
[2016/05/20 00:52:53 487][Px17e7][Tx6ffd700][INF] LMOD       luac_logge 172  [isr_local:2242:last gc at  1463730749  ]
[2016/05/20 00:52:53 488][Px17e7][Tx6ffd700][DBG] LENGINE    leng_rpc.c 527  luacRPCFuncProto_Invoke() [out] ret = 0
[2016/05/20 00:52:53 488][Px17e7][Tx6ffd700][DBG] LENGINE    leng_main. 513  ENGINE_MSG_RPC_ASYNC
[2016/05/20 00:52:53 493][Px17e7][Tx6ffd700][DBG] LENGINE    leng_main. 521  [isr_local], stat = 1
[2016/05/20 00:52:53 493][Px17e7][Tx6ffd700][DBG] LENGINE    leng_rpc.c 413  luacRPCFuncProto_Invoke(fc00e820,fc26dea0) [in]
[2016/05/20 00:52:53 494][Px17e7][Tx6ffd700][TRC] LMOD       luac_logge 170  [isr_local:2103:ASR_LOCAL_MSG_AUW  ]
[2016/05/20 00:52:53 495][Px17e7][Tx6ffd700][TRC] LMOD       luac_logge 170  [isr_local:1536:auwl =   6400  ]
[2016/05/20 00:52:53 499][Px17e7][Tx6ffd700][TRC] LENGINE    aitalk.c   437  Esr_WriteAudio(f80878c0, fc00ea20, 6400) [in]
[2016/05/20 00:52:53 499][Px17e7][Tx6ffd700][TRC] LENGINE    aitalk.c   467  Esr_WriteAudio(0) [out]
[2016/05/20 00:52:53 500][Px17e7][Tx6ffd700][TRC] LMOD       luac_logge 170  [isr_local:2112:esr_audio_write, ret =  nil  ]
[2016/05/20 00:52:53 507][Px17e7][Tx6ffd700][INF] LMOD       luac_logge 172  [isr_local:2242:last gc at  1463730749  ]
[2016/05/20 00:52:53 507][Px17e7][Tx6ffd700][DBG] LENGINE    leng_rpc.c 527  luacRPCFuncProto_Invoke() [out] ret = 0
[2016/05/20 00:52:53 508][Px17e7][Tx6ffd700][DBG] LENGINE    leng_main. 513  ENGINE_MSG_RPC_ASYNC
[2016/05/20 00:52:53 508][Px17e7][Tx6ffd700][DBG] LENGINE    leng_main. 521  [isr_local], stat = 1
[2016/05/20 00:52:53 509][Px17e7][Tx6ffd700][DBG] LENGINE    leng_rpc.c 413  luacRPCFuncProto_Invoke(fc0104b0,fc26dea0) [in]
[2016/05/20 00:52:53 515][Px17e7][Txe08b700][TRC] QISR       qisr.c     390  QISRGetResult(20bd020,6b5626c,0,6b561ac) [in]
[2016/05/20 00:52:53 515][Px17e7][Txe08b700][TRC] QISR       qisr.c     396  QISRGetResult session addr:(20bd020)
[2016/05/20 00:52:53 516][Px17e7][Txe08b700][TRC] LENGINE    leng_shell 385  lEngine_SendMessage(20bd860,3,0,,,) [in]
[2016/05/20 00:52:53 516][Px17e7][Txe08b700][DBG] MSPTHREAD  MSPThreadP 733  POST l_engine_3:11:1:1
[2016/05/20 00:52:53 517][Px17e7][Tx67fc700][DBG] LENGINE    leng_main. 535  ENGINE_MSG_RPC_SYNC
[2016/05/20 00:52:53 523][Px17e7][Tx67fc700][DBG] LENGINE    leng_main. 543  [cisr1PdHHBHy5+WrkMttawwnS0ny0gzWl+], stat = 1
[2016/05/20 00:52:53 523][Px17e7][Tx67fc700][DBG] LENGINE    leng_rpc.c 413  luacRPCFuncProto_Invoke(20ae640,20bd860) [in]
[2016/05/20 00:52:53 524][Px17e7][Tx6ffd700][TRC] LMOD       luac_logge 170  [isr_local:2103:ASR_LOCAL_MSG_AUW  ]
[2016/05/20 00:52:53 525][Px17e7][Tx6ffd700][TRC] LMOD       luac_logge 170  [isr_local:1536:auwl =   6400  ]
[2016/05/20 00:52:53 527][Px17e7][Tx6ffd700][TRC] LENGINE    aitalk.c   437  Esr_WriteAudio(f80878c0, fc0106b0, 6400) [in]
[2016/05/20 00:52:53 527][Px17e7][Tx6ffd700][TRC] LENGINE    aitalk.c   467  Esr_WriteAudio(0) [out]
[2016/05/20 00:52:53 528][Px17e7][Tx67fc700][TRC] LMOD       luac_logge 170  [isr:1618:ASR_MSG_GRSLT,   local  ]
[2016/05/20 00:52:53 533][Px17e7][Tx6ffd700][TRC] LMOD       luac_logge 170  [isr_local:2112:esr_audio_write, ret =  nil  ]
[2016/05/20 00:52:53 534][Px17e7][Tx67fc700][TRC] LMOD       luac_logge 170  [isr:1297:0  nil  2  ]
[2016/05/20 00:52:53 535][Px17e7][Tx67fc700][DBG] LENGINE    leng_rpc.c 527  luacRPCFuncProto_Invoke() [out] ret = 0
[2016/05/20 00:52:53 541][Px17e7][Tx6ffd700][INF] LMOD       luac_logge 172  [isr_local:2242:last gc at  1463730749  ]
[2016/05/20 00:52:53 542][Px17e7][Tx6ffd700][DBG] LENGINE    leng_rpc.c 527  luacRPCFuncProto_Invoke() [out] ret = 0
[2016/05/20 00:52:53 542][Px17e7][Tx6ffd700][DBG] LENGINE    leng_main. 513  ENGINE_MSG_RPC_ASYNC
[2016/05/20 00:52:53 543][Px17e7][Tx6ffd700][DBG] LENGINE    leng_main. 521  [isr_local], stat = 1
[2016/05/20 00:52:53 543][Px17e7][Tx6ffd700][DBG] LENGINE    leng_rpc.c 413  luacRPCFuncProto_Invoke(fc012140,fc26dea0) [in]
[2016/05/20 00:52:53 549][Px17e7][Txe08b700][TRC] LENGINE    leng_shell 428  lEngine_SendMessage() [out] 0
[2016/05/20 00:52:53 549][Px17e7][Txe08b700][TRC] QISR       qisr.c     455  QISRGetResult() [out] 0 2 0
[2016/05/20 00:52:53 557][Px17e7][Tx6ffd700][TRC] LMOD       luac_logge 170  [isr_local:2103:ASR_LOCAL_MSG_AUW  ]
[2016/05/20 00:52:53 558][Px17e7][Tx6ffd700][TRC] LMOD       luac_logge 170  [isr_local:1536:auwl =   6400  ]
[2016/05/20 00:52:53 559][Px17e7][Tx6ffd700][TRC] LENGINE    aitalk.c   437  Esr_WriteAudio(f80878c0, fc012340, 6400) [in]
[2016/05/20 00:52:53 559][Px17e7][Tx6ffd700][TRC] LENGINE    aitalk.c   467  Esr_WriteAudio(0) [out]
[2016/05/20 00:52:53 565][Px17e7][Tx6ffd700][TRC] LMOD       luac_logge 170  [isr_local:2112:esr_audio_write, ret =  nil  ]
[2016/05/20 00:52:53 566][Px17e7][Tx6ffd700][INF] LMOD       luac_logge 172  [isr_local:2242:last gc at  1463730749  ]
[2016/05/20 00:52:53 567][Px17e7][Tx6ffd700][DBG] LENGINE    leng_rpc.c 527  luacRPCFuncProto_Invoke() [out] ret = 0
[2016/05/20 00:52:53 567][Px17e7][Tx6ffd700][DBG] LENGINE    leng_main. 513  ENGINE_MSG_RPC_ASYNC
[2016/05/20 00:52:53 573][Px17e7][Tx6ffd700][DBG] LENGINE    leng_main. 521  [isr_local], stat = 1
[2016/05/20 00:52:53 574][Px17e7][Tx6ffd700][DBG] LENGINE    leng_rpc.c 413  luacRPCFuncProto_Invoke(fc013dd0,fc26dea0) [in]
[2016/05/20 00:52:53 575][Px17e7][Tx6ffd700][TRC] LMOD       luac_logge 170  [isr_local:2103:ASR_LOCAL_MSG_AUW  ]
[2016/05/20 00:52:53 575][Px17e7][Tx6ffd700][TRC] LMOD       luac_logge 170  [isr_local:1536:auwl =   6400  ]
[2016/05/20 00:52:53 582][Px17e7][Tx6ffd700][TRC] LENGINE    aitalk.c   437  Esr_WriteAudio(f80878c0, fc2983c0, 6400) [in]
[2016/05/20 00:52:53 582][Px17e7][Tx6ffd700][TRC] LENGINE    aitalk.c   467  Esr_WriteAudio(0) [out]
[2016/05/20 00:52:53 584][Px17e7][Tx6ffd700][TRC] LMOD       luac_logge 170  [isr_local:2112:esr_audio_write, ret =  nil  ]
[2016/05/20 00:52:53 584][Px17e7][Tx6ffd700][INF] LMOD       luac_logge 172  [isr_local:2242:last gc at  1463730749  ]
[2016/05/20 00:52:53 589][Px17e7][Tx6ffd700][DBG] LENGINE    leng_rpc.c 527  luacRPCFuncProto_Invoke() [out] ret = 0
[2016/05/20 00:52:53 589][Px17e7][Tx6ffd700][DBG] LENGINE    leng_main. 513  ENGINE_MSG_RPC_ASYNC
[2016/05/20 00:52:53 590][Px17e7][Tx6ffd700][DBG] LENGINE    leng_main. 521  [isr_local], stat = 1
[2016/05/20 00:52:53 590][Px17e7][Tx6ffd700][DBG] LENGINE    leng_rpc.c 413  luacRPCFuncProto_Invoke(fc299e30,fc26dea0) [in]
[2016/05/20 00:52:53 591][Px17e7][Tx6ffd700][TRC] LMOD       luac_logge 170  [isr_local:2103:ASR_LOCAL_MSG_AUW  ]
[2016/05/20 00:52:53 597][Px17e7][Tx6ffd700][TRC] LMOD       luac_logge 170  [isr_local:1536:auwl =   6400  ]
[2016/05/20 00:52:53 598][Px17e7][Tx6ffd700][TRC] LENGINE    aitalk.c   437  Esr_WriteAudio(f80878c0, fc29a030, 6400) [in]
[2016/05/20 00:52:53 598][Px17e7][Tx6ffd700][TRC] LENGINE    aitalk.c   467  Esr_WriteAudio(0) [out]
[2016/05/20 00:52:53 599][Px17e7][Tx6ffd700][TRC] LMOD       luac_logge 170  [isr_local:2112:esr_audio_write, ret =  nil  ]
[2016/05/20 00:52:53 602][Px17e7][Tx6ffd700][INF] LMOD       luac_logge 172  [isr_local:2242:last gc at  1463730749  ]
[2016/05/20 00:52:53 602][Px17e7][Tx6ffd700][DBG] LENGINE    leng_rpc.c 527  luacRPCFuncProto_Invoke() [out] ret = 0
[2016/05/20 00:52:53 609][Px17e7][Tx6ffd700][DBG] LENGINE    leng_main. 513  ENGINE_MSG_RPC_ASYNC
[2016/05/20 00:52:53 609][Px17e7][Tx6ffd700][DBG] LENGINE    leng_main. 521  [isr_local], stat = 1
[2016/05/20 00:52:53 610][Px17e7][Tx6ffd700][DBG] LENGINE    leng_rpc.c 413  luacRPCFuncProto_Invoke(fc29bac0,fc26dea0) [in]
[2016/05/20 00:52:53 610][Px17e7][Tx6ffd700][TRC] LMOD       luac_logge 170  [isr_local:2103:ASR_LOCAL_MSG_AUW  ]
[2016/05/20 00:52:53 611][Px17e7][Tx6ffd700][TRC] LMOD       luac_logge 170  [isr_local:1536:auwl =   6400  ]
[2016/05/20 00:52:53 617][Px17e7][Tx6ffd700][TRC] LENGINE    aitalk.c   437  Esr_WriteAudio(f80878c0, fc29bcc0, 6400) [in]
[2016/05/20 00:52:53 617][Px17e7][Tx6ffd700][TRC] LENGINE    aitalk.c   467  Esr_WriteAudio(0) [out]
[2016/05/20 00:52:53 618][Px17e7][Tx6ffd700][TRC] LMOD       luac_logge 170  [isr_local:2112:esr_audio_write, ret =  nil  ]
[2016/05/20 00:52:53 619][Px17e7][Tx6ffd700][INF] LMOD       luac_logge 172  [isr_local:2242:last gc at  1463730749  ]
[2016/05/20 00:52:53 625][Px17e7][Tx6ffd700][DBG] LENGINE    leng_rpc.c 527  luacRPCFuncProto_Invoke() [out] ret = 0
[2016/05/20 00:52:53 626][Px17e7][Tx6ffd700][DBG] LENGINE    leng_main. 513  ENGINE_MSG_RPC_ASYNC
[2016/05/20 00:52:53 626][Px17e7][Tx6ffd700][DBG] LENGINE    leng_main. 521  [isr_local], stat = 1
[2016/05/20 00:52:53 627][Px17e7][Tx6ffd700][DBG] LENGINE    leng_rpc.c 413  luacRPCFuncProto_Invoke(fc29d750,fc26dea0) [in]
[2016/05/20 00:52:53 633][Px17e7][Tx6ffd700][TRC] LMOD       luac_logge 170  [isr_local:2103:ASR_LOCAL_MSG_AUW  ]
[2016/05/20 00:52:53 634][Px17e7][Tx6ffd700][TRC] LMOD       luac_logge 170  [isr_local:1536:auwl =   6400  ]
[2016/05/20 00:52:53 634][Px17e7][Tx6ffd700][TRC] LENGINE    aitalk.c   437  Esr_WriteAudio(f80878c0, fc29d950, 6400) [in]
[2016/05/20 00:52:53 635][Px17e7][Tx6ffd700][TRC] LENGINE    aitalk.c   467  Esr_WriteAudio(0) [out]
[2016/05/20 00:52:53 641][Px17e7][Tx6ffd700][TRC] LMOD       luac_logge 170  [isr_local:2112:esr_audio_write, ret =  nil  ]
[2016/05/20 00:52:53 642][Px17e7][Tx6ffd700][INF] LMOD       luac_logge 172  [isr_local:2242:last gc at  1463730749  ]
[2016/05/20 00:52:53 643][Px17e7][Tx6ffd700][DBG] LENGINE    leng_rpc.c 527  luacRPCFuncProto_Invoke() [out] ret = 0
[2016/05/20 00:52:53 649][Px17e7][Tx6ffd700][DBG] LENGINE    leng_main. 513  ENGINE_MSG_RPC_ASYNC
[2016/05/20 00:52:53 650][Px17e7][Tx6ffd700][DBG] LENGINE    leng_main. 521  [isr_local], stat = 1
[2016/05/20 00:52:53 650][Px17e7][Tx6ffd700][DBG] LENGINE    leng_rpc.c 413  luacRPCFuncProto_Invoke(fc29f3e0,fc26dea0) [in]
[2016/05/20 00:52:53 651][Px17e7][Tx6ffd700][TRC] LMOD       luac_logge 170  [isr_local:2103:ASR_LOCAL_MSG_AUW  ]
[2016/05/20 00:52:53 657][Px17e7][Txe08b700][TRC] QISR       qisr.c     390  QISRGetResult(20bd020,6b5626c,0,6b561ac) [in]
[2016/05/20 00:52:53 658][Px17e7][Txe08b700][TRC] QISR       qisr.c     396  QISRGetResult session addr:(20bd020)
[2016/05/20 00:52:53 658][Px17e7][Txe08b700][TRC] LENGINE    leng_shell 385  lEngine_SendMessage(20bd860,3,0,,,) [in]
[2016/05/20 00:52:53 659][Px17e7][Txe08b700][DBG] MSPTHREAD  MSPThreadP 733  POST l_engine_3:11:1:1
[2016/05/20 00:52:53 666][Px17e7][Tx6ffd700][TRC] LMOD       luac_logge 170  [isr_local:1536:auwl =   6400  ]
[2016/05/20 00:52:53 666][Px17e7][Tx6ffd700][TRC] LENGINE    aitalk.c   437  Esr_WriteAudio(f80878c0, fc29f5e0, 6400) [in]
[2016/05/20 00:52:53 666][Px17e7][Tx6ffd700][TRC] LENGINE    aitalk.c   467  Esr_WriteAudio(0) [out]
[2016/05/20 00:52:53 667][Px17e7][Tx67fc700][DBG] LENGINE    leng_main. 535  ENGINE_MSG_RPC_SYNC
[2016/05/20 00:52:53 667][Px17e7][Tx67fc700][DBG] LENGINE    leng_main. 543  [cisr1PdHHBHy5+WrkMttawwnS0ny0gzWl+], stat = 1
[2016/05/20 00:52:53 668][Px17e7][Tx67fc700][DBG] LENGINE    leng_rpc.c 413  luacRPCFuncProto_Invoke(20ae910,20bd860) [in]
[2016/05/20 00:52:53 673][Px17e7][Tx67fc700][TRC] LMOD       luac_logge 170  [isr:1618:ASR_MSG_GRSLT,   local  ]
[2016/05/20 00:52:53 674][Px17e7][Tx6ffd700][TRC] LMOD       luac_logge 170  [isr_local:2112:esr_audio_write, ret =  nil  ]
[2016/05/20 00:52:53 675][Px17e7][Tx67fc700][TRC] LMOD       luac_logge 170  [isr:1297:0  nil  2  ]
[2016/05/20 00:52:53 682][Px17e7][Tx67fc700][DBG] LENGINE    leng_rpc.c 527  luacRPCFuncProto_Invoke() [out] ret = 0
[2016/05/20 00:52:53 682][Px17e7][Txe08b700][TRC] LENGINE    leng_shell 428  lEngine_SendMessage() [out] 0
[2016/05/20 00:52:53 683][Px17e7][Txe08b700][TRC] QISR       qisr.c     455  QISRGetResult() [out] 0 2 0
[2016/05/20 00:52:53 683][Px17e7][Tx6ffd700][INF] LMOD       luac_logge 172  [isr_local:2242:last gc at  1463730749  ]
[2016/05/20 00:52:53 684][Px17e7][Tx6ffd700][DBG] LENGINE    leng_rpc.c 527  luacRPCFuncProto_Invoke() [out] ret = 0
[2016/05/20 00:52:53 684][Px17e7][Tx6ffd700][DBG] LENGINE    leng_main. 513  ENGINE_MSG_RPC_ASYNC
[2016/05/20 00:52:53 689][Px17e7][Tx6ffd700][DBG] LENGINE    leng_main. 521  [isr_local], stat = 1
[2016/05/20 00:52:53 690][Px17e7][Tx6ffd700][DBG] LENGINE    leng_rpc.c 413  luacRPCFuncProto_Invoke(e8000c40,fc26dea0) [in]
[2016/05/20 00:52:53 697][Px17e7][Tx6ffd700][DBG] MSPTHREAD  MSPThreadP 733  POST l_engine_3:10:1:1
[2016/05/20 00:52:53 698][Px17e7][Tx6ffd700][PRF] LENGINE    leng_main. 189  callc(local_service_cbmsg) cost 1 ms
[2016/05/20 00:52:53 698][Px17e7][Tx6ffd700][DBG] LENGINE    leng_rpc.c 527  luacRPCFuncProto_Invoke() [out] ret = 0
[2016/05/20 00:52:53 699][Px17e7][Tx6ffd700][DBG] LENGINE    leng_main. 513  ENGINE_MSG_RPC_ASYNC
[2016/05/20 00:52:53 699][Px17e7][Tx6ffd700][DBG] LENGINE    leng_main. 521  [isr_local], stat = 1
[2016/05/20 00:52:53 706][Px17e7][Tx6ffd700][DBG] LENGINE    leng_rpc.c 413  luacRPCFuncProto_Invoke(fc12d310,fc26dea0) [in]
[2016/05/20 00:52:53 707][Px17e7][Tx67fc700][DBG] LENGINE    leng_main. 513  ENGINE_MSG_RPC_ASYNC
[2016/05/20 00:52:53 708][Px17e7][Tx67fc700][DBG] LENGINE    leng_main. 521  [cisr1PdHHBHy5+WrkMttawwnS0ny0gzWl+], stat = 1
[2016/05/20 00:52:53 708][Px17e7][Tx67fc700][DBG] LENGINE    leng_rpc.c 413  luacRPCFuncProto_Invoke(f8402990,20bd860) [in]
[2016/05/20 00:52:53 715][Px17e7][Tx6ffd700][TRC] LMOD       luac_logge 170  [isr_local:2103:ASR_LOCAL_MSG_AUW  ]
[2016/05/20 00:52:53 716][Px17e7][Tx67fc700][TRC] LMOD       luac_logge 170  [isr:759:local_cbmsg_handler  ,msg=  404  param1=  nil  ]
[2016/05/20 00:52:53 722][Px17e7][Tx67fc700][DBG] LENGINE    leng_rpc.c 527  luacRPCFuncProto_Invoke() [out] ret = 0
[2016/05/20 00:52:53 723][Px17e7][Tx6ffd700][TRC] LMOD       luac_logge 170  [isr_local:1536:auwl =   6080  ]
[2016/05/20 00:52:53 724][Px17e7][Tx6ffd700][TRC] LENGINE    aitalk.c   437  Esr_WriteAudio(f80878c0, fc129b50, 6080) [in]
[2016/05/20 00:52:53 724][Px17e7][Tx6ffd700][TRC] LENGINE    aitalk.c   467  Esr_WriteAudio(0) [out]
[2016/05/20 00:52:53 728][Px17e7][Tx6ffd700][TRC] LENGINE    aitalk.c   476  Esr_EndAudio(f80878c0) [in]
[2016/05/20 00:52:53 729][Px17e7][Tx6ffd700][DBG] MSPTHREAD  MSPThreadP 733  POST l_engine_2:10:1:0
[2016/05/20 00:52:53 730][Px17e7][Tx6ffd700][TRC] LENGINE    aitalk.c   491  Esr_EndAudio(0) [out]
[2016/05/20 00:52:53 737][Px17e7][Tx6ffd700][TRC] LMOD       luac_logge 170  [isr_local:2112:esr_audio_write, ret =  nil  ]
[2016/05/20 00:52:53 739][Px17e7][Tx6ffd700][INF] LMOD       luac_logge 172  [isr_local:2242:last gc at  1463730749  ]
[2016/05/20 00:52:53 742][Px17e7][Tx6ffd700][DBG] LENGINE    leng_rpc.c 527  luacRPCFuncProto_Invoke() [out] ret = 0
[2016/05/20 00:52:53 743][Px17e7][Tx6ffd700][DBG] LENGINE    leng_main. 513  ENGINE_MSG_RPC_ASYNC
[2016/05/20 00:52:53 743][Px17e7][Tx6ffd700][DBG] LENGINE    leng_main. 521  [isr_local], stat = 1
[2016/05/20 00:52:53 744][Px17e7][Tx6ffd700][DBG] LENGINE    leng_rpc.c 413  luacRPCFuncProto_Invoke(f809b2b0,fc26dea0) [in]
[2016/05/20 00:52:53 751][Px17e7][Tx6ffd700][DBG] MSPTHREAD  MSPThreadP 733  POST l_engine_3:10:1:1
[2016/05/20 00:52:53 751][Px17e7][Tx6ffd700][PRF] LENGINE    leng_main. 189  callc(local_service_cbmsg) cost 0 ms
[2016/05/20 00:52:53 752][Px17e7][Tx6ffd700][DBG] LENGINE    leng_rpc.c 527  luacRPCFuncProto_Invoke() [out] ret = 0
[2016/05/20 00:52:53 757][Px17e7][Tx67fc700][DBG] LENGINE    leng_main. 513  ENGINE_MSG_RPC_ASYNC
[2016/05/20 00:52:53 758][Px17e7][Tx67fc700][DBG] LENGINE    leng_main. 521  [cisr1PdHHBHy5+WrkMttawwnS0ny0gzWl+], stat = 1
[2016/05/20 00:52:53 758][Px17e7][Tx67fc700][DBG] LENGINE    leng_rpc.c 413  luacRPCFuncProto_Invoke(f8418c10,20bd860) [in]
[2016/05/20 00:52:53 759][Px17e7][Tx67fc700][TRC] LMOD       luac_logge 170  [isr:759:local_cbmsg_handler  ,msg=  406  param1=  nil  ]
[2016/05/20 00:52:53 765][Px17e7][Tx67fc700][DBG] LENGINE    leng_rpc.c 527  luacRPCFuncProto_Invoke() [out] ret = 0
[2016/05/20 00:52:53 783][Px17e7][Txe08b700][TRC] QISR       qisr.c     390  QISRGetResult(20bd020,6b5626c,0,6b561ac) [in]
[2016/05/20 00:52:53 784][Px17e7][Txe08b700][TRC] QISR       qisr.c     396  QISRGetResult session addr:(20bd020)
[2016/05/20 00:52:53 785][Px17e7][Txe08b700][TRC] LENGINE    leng_shell 385  lEngine_SendMessage(20bd860,3,0,,,) [in]
[2016/05/20 00:52:53 785][Px17e7][Txe08b700][DBG] MSPTHREAD  MSPThreadP 733  POST l_engine_3:11:1:1
[2016/05/20 00:52:53 790][Px17e7][Tx67fc700][DBG] LENGINE    leng_main. 535  ENGINE_MSG_RPC_SYNC
[2016/05/20 00:52:53 790][Px17e7][Tx67fc700][DBG] LENGINE    leng_main. 543  [cisr1PdHHBHy5+WrkMttawwnS0ny0gzWl+], stat = 1
[2016/05/20 00:52:53 791][Px17e7][Tx67fc700][DBG] LENGINE    leng_rpc.c 413  luacRPCFuncProto_Invoke(20ae640,20bd860) [in]
[2016/05/20 00:52:53 792][Px17e7][Tx67fc700][TRC] LMOD       luac_logge 170  [isr:1618:ASR_MSG_GRSLT,   local  ]
[2016/05/20 00:52:53 798][Px17e7][Tx67fc700][TRC] LMOD       luac_logge 170  [isr:1297:0  nil  2  ]
[2016/05/20 00:52:53 798][Px17e7][Tx67fc700][DBG] LENGINE    leng_rpc.c 527  luacRPCFuncProto_Invoke() [out] ret = 0
[2016/05/20 00:52:53 799][Px17e7][Txe08b700][TRC] LENGINE    leng_shell 428  lEngine_SendMessage() [out] 0
[2016/05/20 00:52:53 799][Px17e7][Txe08b700][TRC] QISR       qisr.c     455  QISRGetResult() [out] 0 2 0
[2016/05/20 00:52:53 907][Px17e7][Txe08b700][TRC] QISR       qisr.c     390  QISRGetResult(20bd020,6b5626c,0,6b561ac) [in]
[2016/05/20 00:52:53 908][Px17e7][Txe08b700][TRC] QISR       qisr.c     396  QISRGetResult session addr:(20bd020)
[2016/05/20 00:52:53 908][Px17e7][Txe08b700][TRC] LENGINE    leng_shell 385  lEngine_SendMessage(20bd860,3,0,,,) [in]
[2016/05/20 00:52:53 909][Px17e7][Txe08b700][DBG] MSPTHREAD  MSPThreadP 733  POST l_engine_3:11:1:1
[2016/05/20 00:52:53 909][Px17e7][Tx67fc700][DBG] LENGINE    leng_main. 535  ENGINE_MSG_RPC_SYNC
[2016/05/20 00:52:53 913][Px17e7][Tx67fc700][DBG] LENGINE    leng_main. 543  [cisr1PdHHBHy5+WrkMttawwnS0ny0gzWl+], stat = 1
[2016/05/20 00:52:53 913][Px17e7][Tx67fc700][DBG] LENGINE    leng_rpc.c 413  luacRPCFuncProto_Invoke(20ae910,20bd860) [in]
[2016/05/20 00:52:53 915][Px17e7][Tx67fc700][TRC] LMOD       luac_logge 170  [isr:1618:ASR_MSG_GRSLT,   local  ]
[2016/05/20 00:52:53 922][Px17e7][Tx67fc700][TRC] LMOD       luac_logge 170  [isr:1297:0  nil  2  ]
[2016/05/20 00:52:53 923][Px17e7][Tx67fc700][DBG] LENGINE    leng_rpc.c 527  luacRPCFuncProto_Invoke() [out] ret = 0
[2016/05/20 00:52:53 923][Px17e7][Txe08b700][TRC] LENGINE    leng_shell 428  lEngine_SendMessage() [out] 0
[2016/05/20 00:52:53 924][Px17e7][Txe08b700][TRC] QISR       qisr.c     455  QISRGetResult() [out] 0 2 0
[2016/05/20 00:52:53 985][Px17e7][Txeffff700][TRC] LENGINE    aitalk.c   1397 final result will throw out next!
[2016/05/20 00:52:53 985][Px17e7][Txeffff700][DBG] MSPTHREAD  MSPThreadP 733  POST l_engine_2:10:1:1
[2016/05/20 00:52:53 986][Px17e7][Tx6ffd700][DBG] LENGINE    leng_main. 513  ENGINE_MSG_RPC_ASYNC
[2016/05/20 00:52:53 986][Px17e7][Tx6ffd700][DBG] LENGINE    leng_main. 521  [isr_local], stat = 1
[2016/05/20 00:52:53 987][Px17e7][Tx6ffd700][DBG] LENGINE    leng_rpc.c 413  luacRPCFuncProto_Invoke(e8000a00,fc26dea0) [in]
[2016/05/20 00:52:53 987][Px17e7][Txeffff700][TRC] LENGINE    aitalk.c   1361 got result!
[2016/05/20 00:52:53 988][Px17e7][Tx6ffd700][TRC] LMOD       luac_logge 170  [isr_local:669:final result will throw out next!  ]
[2016/05/20 00:52:53 988][Px17e7][Tx6ffd700][DBG] LENGINE    leng_rpc.c 527  luacRPCFuncProto_Invoke() [out] ret = 0
[2016/05/20 00:52:53 989][Px17e7][Txeffff700][DBG] MSPTHREAD  MSPThreadP 733  POST l_engine_2:10:1:0
[2016/05/20 00:52:53 989][Px17e7][Tx6ffd700][DBG] LENGINE    leng_main. 513  ENGINE_MSG_RPC_ASYNC
[2016/05/20 00:52:53 990][Px17e7][Tx6ffd700][DBG] LENGINE    leng_main. 521  [isr_local], stat = 1
[2016/05/20 00:52:53 990][Px17e7][Tx6ffd700][DBG] LENGINE    leng_rpc.c 413  luacRPCFuncProto_Invoke(e8000d20,fc26dea0) [in]
[2016/05/20 00:52:53 991][Px17e7][Txeffff700][DBG] MSPTHREAD  MSPThreadP 733  POST l_engine_2:10:1:0
[2016/05/20 00:52:53 991][Px17e7][Tx6ffd700][TRC] LMOD       luac_logge 170  [isr_local:679:nRecognizeState:  1  ]
[2016/05/20 00:52:53 992][Px17e7][Tx6ffd700][TRC] LMOD       luac_logge 170  [isr_local:680:nConfidenceScore:  0  ]
[2016/05/20 00:52:53 993][Px17e7][Tx6ffd700][TRC] LMOD       luac_logge 170  [isr_local:728:result_type :   xml  ]
[2016/05/20 00:52:53 994][Px17e7][Tx6ffd700][TRC] LMOD       luac_logge 170  [isr_local:729:result_encoding :   UTF-8  ]
[2016/05/20 00:52:53 995][Px17e7][Tx6ffd700][TRC] LMOD       luac_logge 170  [isr_local:730:is iat :   false  ]
[2016/05/20 00:52:53 998][Px17e7][Tx6ffd700][TRC] LMOD       luac_logge 170  [isr_local:469:item_count:1  ]
[2016/05/20 00:52:53 999][Px17e7][Tx6ffd700][INF] LMOD       luac_logge 172  [isr_local:293:nil  ]
[2016/05/20 00:52:54 000][Px17e7][Tx6ffd700][DBG] MSPTHREAD  MSPThreadP 733  POST l_engine_3:10:1:1
[2016/05/20 00:52:54 000][Px17e7][Tx67fc700][DBG] LENGINE    leng_main. 513  ENGINE_MSG_RPC_ASYNC
[2016/05/20 00:52:54 001][Px17e7][Tx67fc700][DBG] LENGINE    leng_main. 521  [cisr1PdHHBHy5+WrkMttawwnS0ny0gzWl+], stat = 1
[2016/05/20 00:52:54 001][Px17e7][Tx67fc700][DBG] LENGINE    leng_rpc.c 413  luacRPCFuncProto_Invoke(f809b2b0,20bd860) [in]
[2016/05/20 00:52:54 002][Px17e7][Tx6ffd700][PRF] LENGINE    leng_main. 189  callc(local_service_cbmsg) cost 1 ms
[2016/05/20 00:52:54 003][Px17e7][Tx6ffd700][DBG] LENGINE    leng_rpc.c 527  luacRPCFuncProto_Invoke() [out] ret = 0
[2016/05/20 00:52:54 004][Px17e7][Tx67fc700][TRC] LMOD       luac_logge 170  [isr:759:local_cbmsg_handler  ,msg=  407  param1=  udata(fc26dd28) ]
[2016/05/20 00:52:54 005][Px17e7][Tx6ffd700][DBG] LENGINE    leng_main. 513  ENGINE_MSG_RPC_ASYNC
[2016/05/20 00:52:54 006][Px17e7][Tx6ffd700][DBG] LENGINE    leng_main. 521  [isr_local], stat = 1
[2016/05/20 00:52:54 006][Px17e7][Tx67fc700][TRC] LMOD       luac_logge 170  [isr:661:process_result call:  local  udata(fc26dd28) 0  2  ]
[2016/05/20 00:52:54 007][Px17e7][Tx67fc700][DBG] LENGINE    leng_rpc.c 527  luacRPCFuncProto_Invoke() [out] ret = 0
[2016/05/20 00:52:54 007][Px17e7][Tx6ffd700][DBG] LENGINE    leng_rpc.c 413  luacRPCFuncProto_Invoke(e8000a00,fc26dea0) [in]
[2016/05/20 00:52:54 008][Px17e7][Tx6ffd700][TRC] LMOD       luac_logge 170  [isr_local:675:recognized end!  ]
[2016/05/20 00:52:54 009][Px17e7][Tx6ffd700][DBG] MSPTHREAD  MSPThreadP 733  POST l_engine_3:10:1:1
[2016/05/20 00:52:54 009][Px17e7][Tx67fc700][DBG] LENGINE    leng_main. 513  ENGINE_MSG_RPC_ASYNC
[2016/05/20 00:52:54 010][Px17e7][Tx67fc700][DBG] LENGINE    leng_main. 521  [cisr1PdHHBHy5+WrkMttawwnS0ny0gzWl+], stat = 1
[2016/05/20 00:52:54 010][Px17e7][Tx67fc700][DBG] LENGINE    leng_rpc.c 413  luacRPCFuncProto_Invoke(f8418c10,20bd860) [in]
[2016/05/20 00:52:54 011][Px17e7][Tx6ffd700][PRF] LENGINE    leng_main. 189  callc(local_service_cbmsg) cost 0 ms
[2016/05/20 00:52:54 012][Px17e7][Tx6ffd700][DBG] LENGINE    leng_rpc.c 527  luacRPCFuncProto_Invoke() [out] ret = 0
[2016/05/20 00:52:54 012][Px17e7][Tx67fc700][TRC] LMOD       luac_logge 170  [isr:759:local_cbmsg_handler  ,msg=  408  param1=  nil  ]
[2016/05/20 00:52:54 013][Px17e7][Tx67fc700][TRC] LMOD       luac_logge 170  [isr:774:local session recognized end!  ]
[2016/05/20 00:52:54 014][Px17e7][Tx67fc700][DBG] LENGINE    leng_rpc.c 527  luacRPCFuncProto_Invoke() [out] ret = 0
[2016/05/20 00:52:54 025][Px17e7][Txe08b700][TRC] QISR       qisr.c     390  QISRGetResult(20bd020,6b5626c,0,6b561ac) [in]
[2016/05/20 00:52:54 025][Px17e7][Txe08b700][TRC] QISR       qisr.c     396  QISRGetResult session addr:(20bd020)
[2016/05/20 00:52:54 026][Px17e7][Txe08b700][TRC] LENGINE    leng_shell 385  lEngine_SendMessage(20bd860,3,0,,,) [in]
[2016/05/20 00:52:54 026][Px17e7][Txe08b700][DBG] MSPTHREAD  MSPThreadP 733  POST l_engine_3:11:1:1
[2016/05/20 00:52:54 027][Px17e7][Tx67fc700][DBG] LENGINE    leng_main. 535  ENGINE_MSG_RPC_SYNC
[2016/05/20 00:52:54 027][Px17e7][Tx67fc700][DBG] LENGINE    leng_main. 543  [cisr1PdHHBHy5+WrkMttawwnS0ny0gzWl+], stat = 1
[2016/05/20 00:52:54 028][Px17e7][Tx67fc700][DBG] LENGINE    leng_rpc.c 413  luacRPCFuncProto_Invoke(20ae640,20bd860) [in]
[2016/05/20 00:52:54 029][Px17e7][Tx67fc700][TRC] LMOD       luac_logge 170  [isr:1618:ASR_MSG_GRSLT,   local  ]
[2016/05/20 00:52:54 029][Px17e7][Tx67fc700][TRC] LMOD       luac_logge 170  [isr:1297:0  udata(fc26dd28) 5  ]
[2016/05/20 00:52:54 030][Px17e7][Tx67fc700][DBG] LENGINE    leng_rpc.c 527  luacRPCFuncProto_Invoke() [out] ret = 0
[2016/05/20 00:52:54 031][Px17e7][Txe08b700][TRC] LENGINE    leng_shell 428  lEngine_SendMessage() [out] 0
[2016/05/20 00:52:54 031][Px17e7][Txe08b700][TRC] QISR       qisr.c     455  QISRGetResult() [out] 20bd6a0 5 0
[2016/05/20 00:52:54 132][Px17e7][Txe08b700][TRC] QISR       qisr.c     269  QISRSessionEnd(20bd020,4054ff) [in]
[2016/05/20 00:52:54 134][Px17e7][Txe08b700][TRC] QISR       qisr.c     275  warning:(20bd020) will be free!
[2016/05/20 00:52:54 134][Px17e7][Txe08b700][TRC] LENGINE    leng_shell 385  lEngine_SendMessage(20bd860,4,1,,,) [in]
[2016/05/20 00:52:54 136][Px17e7][Txe08b700][DBG] MSPTHREAD  MSPThreadP 733  POST l_engine_3:11:1:1
[2016/05/20 00:52:54 137][Px17e7][Tx67fc700][DBG] LENGINE    leng_main. 535  ENGINE_MSG_RPC_SYNC
[2016/05/20 00:52:54 138][Px17e7][Tx67fc700][DBG] LENGINE    leng_main. 543  [cisr1PdHHBHy5+WrkMttawwnS0ny0gzWl+], stat = 1
[2016/05/20 00:52:54 138][Px17e7][Tx67fc700][DBG] LENGINE    leng_rpc.c 413  luacRPCFuncProto_Invoke(20ae640,20bd860) [in]
[2016/05/20 00:52:54 141][Px17e7][Tx67fc700][TRC] LMOD       luac_logge 170  [isr:1621:ASR_MSG_SSE,   local  ]
[2016/05/20 00:52:54 142][Px17e7][Tx67fc700][TRC] LMOD       luac_logge 170  [isr:1346:session_end() [in]  ]
[2016/05/20 00:52:54 143][Px17e7][Tx67fc700][TRC] LMOD       luac_logge 170  [isr:1367:local_session_end() [in]  ]
[2016/05/20 00:52:54 143][Px17e7][Tx67fc700][INF] LLOADER    lloader.c  327  load dkjson
[2016/05/20 00:52:54 143][Px17e7][Tx67fc700][INF] LLOADER    lloader.c  339  a intalled entry
[2016/05/20 00:52:54 144][Px17e7][Tx67fc700][INF] LLOADER    lloader.c  365  from rom
[2016/05/20 00:52:54 144][Px17e7][Tx67fc700][PRF] LLOADER    lloader.c  397  load dkjson cost 2 (ms)
[2016/05/20 00:52:54 145][Px17e7][Tx67fc700][INF] LLOADER    lloader.c  327  load debug
[2016/05/20 00:52:54 145][Px17e7][Tx67fc700][INF] LLOADER    lloader.c  339  a intalled entry
[2016/05/20 00:52:54 146][Px17e7][Tx67fc700][INF] LLOADER    lloader.c  365  from rom
[2016/05/20 00:52:54 146][Px17e7][Tx67fc700][PRF] LLOADER    lloader.c  397  load debug cost 1 (ms)
[2016/05/20 00:52:54 147][Px17e7][Tx67fc700][TRC] LMOD       luac_logge 170  [isr:1404:ASR_LOCAL_MSG_SSE net_type  nil  ]
[2016/05/20 00:52:54 148][Px17e7][Tx67fc700][TRC] LENGINE    leng_shell 351  lEngine_PostMessage(fc26dea0,304,3,) [in]
[2016/05/20 00:52:54 148][Px17e7][Tx67fc700][DBG] MSPTHREAD  MSPThreadP 733  POST l_engine_2:10:1:1
[2016/05/20 00:52:54 148][Px17e7][Tx67fc700][TRC] LENGINE    leng_shell 374  lEngine_PostMessage() [out] 0
[2016/05/20 00:52:54 149][Px17e7][Tx67fc700][DBG] LENGINE    leng_rpc.c 527  luacRPCFuncProto_Invoke() [out] ret = 0
[2016/05/20 00:52:54 149][Px17e7][Tx6ffd700][DBG] LENGINE    leng_main. 513  ENGINE_MSG_RPC_ASYNC
[2016/05/20 00:52:54 150][Px17e7][Tx6ffd700][DBG] LENGINE    leng_main. 521  [isr_local], stat = 1
[2016/05/20 00:52:54 150][Px17e7][Tx6ffd700][DBG] LENGINE    leng_rpc.c 413  luacRPCFuncProto_Invoke(fc011a00,fc26dea0) [in]
[2016/05/20 00:52:54 151][Px17e7][Txe08b700][TRC] LENGINE    leng_shell 428  lEngine_SendMessage() [out] 0
[2016/05/20 00:52:54 152][Px17e7][Txe08b700][TRC] LENGINE    leng_shell 281  lEngine_Stop(20bd860) [in]
[2016/05/20 00:52:54 152][Px17e7][Txe08b700][DBG] MSPTHREAD  MSPThreadP 733  POST l_engine_3:7:1:1
[2016/05/20 00:52:54 153][Px17e7][Tx6ffd700][TRC] LMOD       luac_logge 170  [isr_local:2117:ASR_LOCAL_MSG_SSE  ]
[2016/05/20 00:52:54 153][Px17e7][Tx6ffd700][TRC] LENGINE    aitalk.c   561  Esr_Stop(f80878c0) [in]
[2016/05/20 00:52:54 153][Px17e7][Tx6ffd700][TRC] LENGINE    aitalk.c   582  Esr_Stop(0) [out]
[2016/05/20 00:52:54 154][Px17e7][Tx67fc700][DBG] LENGINE    leng_main. 582  ENGINE_MSG_UNLOAD
[2016/05/20 00:52:54 154][Px17e7][Tx67fc700][DBG] LENGINE    leng_rpc.c 413  luacRPCFuncProto_Invoke(fc011b80,20bd860) [in]
[2016/05/20 00:52:54 155][Px17e7][Tx6ffd700][TRC] LMOD       luac_logge 170  [isr_local:1496:esr_session_end | esr_obj:stop ret =  0  ]
[2016/05/20 00:52:54 155][Px17e7][Tx6ffd700][TRC] MSPCMN     msp_cmn.c  827  statusCbStub(,,param_num = 5)
[2016/05/20 00:52:54 156][Px17e7][Tx6ffd700][PRF] LENGINE    leng_main. 189  callc(msp_status_cb) cost 1 ms
[2016/05/20 00:52:54 156][Px17e7][Tx67fc700][TRC] LMOD       luac_logge 170  [isr:1649:isr unload!  ]
[2016/05/20 00:52:54 157][Px17e7][Tx67fc700][TRC] LENGINE    leng_shell 512  lEngine_Exit(20bd860) [in]
[2016/05/20 00:52:54 157][Px17e7][Tx67fc700][DBG] LENGINE    leng_shell 516  [cisr1PdHHBHy5+WrkMttawwnS0ny0gzWl+] dying...
[2016/05/20 00:52:54 157][Px17e7][Tx67fc700][DBG] MSPTHREAD  MSPThreadP 733  POST l_engine_3:9:1:0
[2016/05/20 00:52:54 158][Px17e7][Tx67fc700][TRC] LENGINE    leng_shell 549  lEngine_Exit() [out] 0
[2016/05/20 00:52:54 158][Px17e7][Tx67fc700][DBG] LENGINE    leng_rpc.c 527  luacRPCFuncProto_Invoke() [out] ret = 0
[2016/05/20 00:52:54 158][Px17e7][Tx67fc700][DBG] LENGINE    leng_main. 619  [cisr1PdHHBHy5+WrkMttawwnS0ny0gzWl+] active, go bg!
[2016/05/20 00:52:54 158][Px17e7][Tx6ffd700][TRC] LMOD       luac_logge 170  [isr_local:2119:esr_session_end, ret =  0  ]
[2016/05/20 00:52:54 159][Px17e7][Tx6ffd700][INF] LLOADER    lloader.c  327  load dkjson
[2016/05/20 00:52:54 159][Px17e7][Tx6ffd700][INF] LLOADER    lloader.c  339  a intalled entry
[2016/05/20 00:52:54 159][Px17e7][Tx6ffd700][INF] LLOADER    lloader.c  365  from rom
[2016/05/20 00:52:54 160][Px17e7][Tx6ffd700][PRF] LLOADER    lloader.c  397  load dkjson cost 1 (ms)
[2016/05/20 00:52:54 160][Px17e7][Tx6ffd700][TRC] LENGINE    leng_shell 109  lEngine_Start(f804b088,f804b088,0,) [in]
[2016/05/20 00:52:54 161][Px17e7][Tx6ffd700][INF] LLOADER    lloader.c  327  load sessinfo_local
[2016/05/20 00:52:54 161][Px17e7][Txe08b700][TRC] LENGINE    leng_shell 340  lEngine_Stop() [out] 0
[2016/05/20 00:52:54 161][Px17e7][Txe08b700][TRC] QISR       qisr.c     292  QISRSessionEnd() [out]
[2016/05/20 00:52:54 162][Px17e7][Tx6ffd700][INF] LLOADER    lloader.c  339  a intalled entry
[2016/05/20 00:52:54 162][Px17e7][Tx6ffd700][INF] LLOADER    lloader.c  365  from rom
[2016/05/20 00:52:54 162][Px17e7][Tx6ffd700][PRF] LLOADER    lloader.c  397  load sessinfo_local cost 1 (ms)
[2016/05/20 00:52:54 164][Px17e7][Tx6ffd700][DBG] LENGINE    leng_shell 193  env=f83fab00,sessinfo_local,sessinfo_local
[2016/05/20 00:52:54 164][Px17e7][Tx6ffd700][DBG] MSPTHREAD  MSPThreadP 733  POST l_engine_4:6:1:1
[2016/05/20 00:52:54 164][Px17e7][Tx67fc700][DBG] LENGINE    leng_main. 647  ENGINE_MSG_STOP
[2016/05/20 00:52:54 165][Px17e7][Tx5ffb700][DBG] LENGINE    leng_main. 561  ENGINE_MSG_LOAD
[2016/05/20 00:52:54 165][Px17e7][Tx5ffb700][DBG] LENGINE    leng_main. 209  lEngine_LoadEnv(de833e0,f83fab00) [in]
[2016/05/20 00:52:54 166][Px17e7][Tx67fc700][DBG] LENGINE    leng_main. 667  [cisr1PdHHBHy5+WrkMttawwnS0ny0gzWl+] bg, unload directly!
[2016/05/20 00:52:54 166][Px17e7][Tx67fc700][INF] LENGINE    leng_main. 672  l_engine_3 occupancy: 0 (0%)
[2016/05/20 00:52:54 167][Px17e7][Tx67fc700][TRC] AUDIOCODEC audio_code 651  audioEncoder_Release() [in]
[2016/05/20 00:52:54 167][Px17e7][Tx5ffb700][INF] LLOADER    lloader.c  327  load ecode
[2016/05/20 00:52:54 168][Px17e7][Tx5ffb700][INF] LLOADER    lloader.c  339  a intalled entry
[2016/05/20 00:52:54 168][Px17e7][Tx5ffb700][INF] LLOADER    lloader.c  365  from rom
[2016/05/20 00:52:54 168][Px17e7][Tx5ffb700][PRF] LLOADER    lloader.c  397  load ecode cost 1 (ms)
[2016/05/20 00:52:54 169][Px17e7][Tx5ffb700][INF] LLOADER    lloader.c  327  load config
[2016/05/20 00:52:54 169][Px17e7][Tx5ffb700][INF] LLOADER    lloader.c  339  a intalled entry
[2016/05/20 00:52:54 169][Px17e7][Tx5ffb700][INF] LLOADER    lloader.c  365  from rom
[2016/05/20 00:52:54 170][Px17e7][Tx5ffb700][PRF] LLOADER    lloader.c  397  load config cost 1 (ms)
[2016/05/20 00:52:54 170][Px17e7][Tx5ffb700][INF] LMOD       luac_logge 172  [config:42:use general cloud  ]
[2016/05/20 00:52:54 170][Px17e7][Tx5ffb700][INF] LLOADER    lloader.c  327  load debug
[2016/05/20 00:52:54 171][Px17e7][Tx5ffb700][INF] LLOADER    lloader.c  339  a intalled entry
[2016/05/20 00:52:54 171][Px17e7][Tx5ffb700][INF] LLOADER    lloader.c  365  from rom
[2016/05/20 00:52:54 172][Px17e7][Tx5ffb700][PRF] LLOADER    lloader.c  397  load debug cost 2 (ms)
[2016/05/20 00:52:54 173][Px17e7][Tx5ffb700][INF] LLOADER    lloader.c  327  load network
[2016/05/20 00:52:54 174][Px17e7][Tx5ffb700][INF] LLOADER    lloader.c  339  a intalled entry
[2016/05/20 00:52:54 174][Px17e7][Tx5ffb700][INF] LLOADER    lloader.c  365  from rom
[2016/05/20 00:52:54 175][Px17e7][Tx5ffb700][PRF] LLOADER    lloader.c  397  load network cost 2 (ms)
[2016/05/20 00:52:54 177][Px17e7][Tx5ffb700][DBG] LENGINE    leng_main. 263  precall return 0
[2016/05/20 00:52:54 178][Px17e7][Tx5ffb700][DBG] LENGINE    leng_main. 288  [sessinfo_local], ACTIVE
[2016/05/20 00:52:54 178][Px17e7][Tx5ffb700][DBG] LENGINE    leng_rpc.c 413  luacRPCFuncProto_Invoke(f0085f20,f83fab00) [in]
[2016/05/20 00:52:54 179][Px17e7][Tx5ffb700][INF] LMOD       luac_logge 172  [sessinfo_local:505:lcl sessinfo loaded!  ]
[2016/05/20 00:52:54 179][Px17e7][Tx5ffb700][DBG] LENGINE    leng_rpc.c 527  luacRPCFuncProto_Invoke() [out] ret = 0
[2016/05/20 00:52:54 180][Px17e7][Tx5ffb700][DBG] LENGINE    leng_main. 312  [sessinfo_local], loaded
[2016/05/20 00:52:54 180][Px17e7][Tx5ffb700][DBG] LENGINE    leng_rpc.c 413  luacRPCFuncProto_Invoke(f0086120,f83fab00) [in]
[2016/05/20 00:52:54 180][Px17e7][Tx5ffb700][DBG] LENGINE    leng_rpc.c 527  luacRPCFuncProto_Invoke() [out] ret = 0
[2016/05/20 00:52:54 181][Px17e7][Tx5ffb700][DBG] LENGINE    leng_main. 345  lEngine_LoadEnv() [out] successfully
[2016/05/20 00:52:54 181][Px17e7][Tx5ffb700][DBG] LENGINE    leng_main. 567  sessinfo_local, eng = l_engine_4, env = f83fab00, L = f83ead80
[2016/05/20 00:52:54 182][Px17e7][Tx5ffb700][INF] LENGINE    leng_main. 568  l_engine_4 occupancy: 2 (66%)
[2016/05/20 00:52:54 182][Px17e7][Tx67fc700][DBG] MSPTHREAD  MSPThreadP 733  POST audioEncoder:5:1:1
[2016/05/20 00:52:54 182][Px17e7][Tx57fa700][TRC] AUDIOCODEC audio_code 367  EXIT
[2016/05/20 00:52:54 183][Px17e7][Tx57fa700][DBG] MSPTHREAD  MSPThreadP 871  grmWorker_build END <audioEncoder>
[2016/05/20 00:52:54 183][Px17e7][Tx6ffd700][TRC] LENGINE    leng_shell 264  lEngine_Start() [out] 0
[2016/05/20 00:52:54 184][Px17e7][Tx6ffd700][TRC] LENGINE    leng_shell 351  lEngine_PostMessage(f83fab00,1,2,) [in]
[2016/05/20 00:52:54 184][Px17e7][Tx6ffd700][DBG] MSPTHREAD  MSPThreadP 733  POST l_engine_4:10:1:1
[2016/05/20 00:52:54 184][Px17e7][Tx6ffd700][TRC] LENGINE    leng_shell 374  lEngine_PostMessage() [out] 0
[2016/05/20 00:52:54 185][Px17e7][Tx67fc700][DBG] MSPTHREAD  MSPThreadP 733  POST audioEncoder:2:1:0
[2016/05/20 00:52:54 185][Px17e7][Tx57fa700][DBG] MSPTHREAD  MSPThreadP 894  grmWorker_build IDLE
[2016/05/20 00:52:54 186][Px17e7][Tx6ffd700][INF] LMOD       luac_logge 172  [isr_local:2242:last gc at  1463730749  ]
[2016/05/20 00:52:54 187][Px17e7][Tx6ffd700][DBG] LENGINE    leng_rpc.c 527  luacRPCFuncProto_Invoke() [out] ret = 0
[2016/05/20 00:52:54 187][Px17e7][Tx5ffb700][DBG] LENGINE    leng_main. 513  ENGINE_MSG_RPC_ASYNC
[2016/05/20 00:52:54 189][Px17e7][Tx5ffb700][DBG] LENGINE    leng_main. 521  [sessinfo_local], stat = 1
[2016/05/20 00:52:54 190][Px17e7][Tx5ffb700][DBG] LENGINE    leng_rpc.c 413  luacRPCFuncProto_Invoke(f841b1f0,f83fab00) [in]
[2016/05/20 00:52:54 191][Px17e7][Tx5ffb700][TRC] LMOD       luac_logge 170  [sessinfo_local:526:LOCALSESSION_MSG_CMD  ]
[2016/05/20 00:52:54 193][Px17e7][Tx5ffb700][TRC] LMOD       luac_logge 170  [sessinfo_local:537:net_type =  nil  flower_mode =  realtime  ]
[2016/05/20 00:52:54 193][Px17e7][Txeffff700][DBG] MSPTHREAD  MSPThreadP 733  POST l_engine_2:10:1:1
[2016/05/20 00:52:54 194][Px17e7][Tx6ffd700][DBG] LENGINE    leng_main. 513  ENGINE_MSG_RPC_ASYNC
[2016/05/20 00:52:54 195][Px17e7][Tx6ffd700][DBG] LENGINE    leng_main. 521  [isr_local], stat = 1
[2016/05/20 00:52:54 196][Px17e7][Tx6ffd700][DBG] LENGINE    leng_rpc.c 413  luacRPCFuncProto_Invoke(e8000d20,fc26dea0) [in]
[2016/05/20 00:52:54 198][Px17e7][Tx5ffb700][TRC] LMOD       luac_logge 170  [sessinfo_local:378:send_sessifo start  ]
[2016/05/20 00:52:54 201][Px17e7][Tx6ffd700][TRC] LMOD       luac_logge 170  [isr_local:638:local engine already stopped! stop cmd ignored  ]
[2016/05/20 00:52:54 202][Px17e7][Tx6ffd700][DBG] LENGINE    leng_rpc.c 527  luacRPCFuncProto_Invoke() [out] ret = 0
[2016/05/20 00:52:54 203][Px17e7][Tx5ffb700][TRC] LMOD       luac_logge 170  [sessinfo_local:386:plog_fsize  0  ]
[2016/05/20 00:52:54 203][Px17e7][Tx5ffb700][TRC] LMOD       luac_logge 170  [sessinfo_local:129:get_send_data  ]
[2016/05/20 00:52:54 204][Px17e7][Tx5ffb700][INF] LLOADER    lloader.c  327  load dkjson
[2016/05/20 00:52:54 204][Px17e7][Tx5ffb700][INF] LLOADER    lloader.c  339  a intalled entry
[2016/05/20 00:52:54 205][Px17e7][Tx5ffb700][INF] LLOADER    lloader.c  365  from rom
[2016/05/20 00:52:54 206][Px17e7][Tx5ffb700][PRF] LLOADER    lloader.c  397  load dkjson cost 2 (ms)
[2016/05/20 00:52:54 208][Px17e7][Tx5ffb700][INF] LMOD       luac_logge 172  [sessinfo_local:459:original_data_len  1958  ]
[2016/05/20 00:52:54 210][Px17e7][Tx5ffb700][DBG] MSPTHREAD  MSPThreadP 733  POST grmWorker_build:1:1:1
[2016/05/20 00:52:54 212][Px17e7][Tx57fa700][DBG] MSPTHREAD  MSPThreadP 867  grmWorker_build RUN <zlibCoder>
[2016/05/20 00:52:54 213][Px17e7][Tx5ffb700][TRC] LMOD       luac_logge 170  [sessinfo_local:482:new encoder success  ]
[2016/05/20 00:52:54 213][Px17e7][Tx5ffb700][DBG] MSPTHREAD  MSPThreadP 733  POST zlibCoder:6:1:1
[2016/05/20 00:52:54 214][Px17e7][Tx57fa700][TRC] LENGINE    luac_zlib. 510  zlib compressedDataSize = 1959
[2016/05/20 00:52:54 215][Px17e7][Tx57fa700][PRF] LENGINE    luac_zlib. 521  zlib encode cost 0(ms)
[2016/05/20 00:52:54 215][Px17e7][Tx57fa700][DBG] MSPTHREAD  MSPThreadP 733  POST l_engine_4:10:1:0
[2016/05/20 00:52:54 216][Px17e7][Tx5ffb700][DBG] LENGINE    leng_rpc.c 527  luacRPCFuncProto_Invoke() [out] ret = 0
[2016/05/20 00:52:54 217][Px17e7][Tx5ffb700][DBG] LENGINE    leng_main. 513  ENGINE_MSG_RPC_ASYNC
[2016/05/20 00:52:54 217][Px17e7][Tx5ffb700][DBG] LENGINE    leng_main. 521  [sessinfo_local], stat = 1
[2016/05/20 00:52:54 218][Px17e7][Tx5ffb700][DBG] LENGINE    leng_rpc.c 413  luacRPCFuncProto_Invoke(f40049d0,f83fab00) [in]
[2016/05/20 00:52:54 219][Px17e7][Tx5ffb700][TRC] LENGINE    luac_zlib. 229  zlib_coder_release() [in]
[2016/05/20 00:52:54 220][Px17e7][Tx5ffb700][DBG] MSPTHREAD  MSPThreadP 733  POST zlibCoder:5:1:1
[2016/05/20 00:52:54 220][Px17e7][Tx57fa700][TRC] LENGINE    luac_zlib. 593  zlib exit
[2016/05/20 00:52:54 221][Px17e7][Tx57fa700][DBG] MSPTHREAD  MSPThreadP 871  grmWorker_build END <zlibCoder>
[2016/05/20 00:52:54 222][Px17e7][Tx5ffb700][DBG] MSPTHREAD  MSPThreadP 733  POST zlibCoder:2:1:0
[2016/05/20 00:52:54 222][Px17e7][Tx57fa700][DBG] MSPTHREAD  MSPThreadP 894  grmWorker_build IDLE
[2016/05/20 00:52:54 223][Px17e7][Tx5ffb700][TRC] LENGINE    luac_zlib. 244  zlib_coder_release() [out]
[2016/05/20 00:52:54 223][Px17e7][Tx5ffb700][TRC] LMOD       luac_logge 170  [sessinfo_local:465:compress success, compressed data_len:  746  ]
[2016/05/20 00:52:54 224][Px17e7][Tx5ffb700][TRC] LMOD       luac_logge 170  [sessinfo_local:468:data encrypt success  ]
[2016/05/20 00:52:54 225][Px17e7][Tx5ffb700][TRC] LMOD       luac_logge 170  [sessinfo_local:198:send_httpreq_data  ]
[2016/05/20 00:52:54 226][Px17e7][Tx5ffb700][INF] LMOD       luac_logge 172  [sessinfo_local:243:standard  ]
[2016/05/20 00:52:54 226][Px17e7][Tx5ffb700][DBG] LMOD       luac_logge 178  [sessinfo_local:296:POST /scs?cmd=statsdklog&logver=1.1.3&size=1958&gzip=0 HTTP/1.1
Host: scs.openspeech.cn
Connection: Keep-Alive
Content-Type: application/x-gzip;charset=utf-8
Content-Length: 746
User-Agent: iFLYCloud
Cache-Control: no-cache
Accept: */*

}™ÐQÈkÖEãT©¸áU2Ûðz&"…EGÑ¨©¨¸LXÓnæ°–ƒ•2!Kå
…Á jV/†ÜpÙC@@­GÙ9:ÚÉé2ö|„Žq‹ÁŽ9Z¥[71E¼I£[ŒIàš·9¡Jÿ‹w!YàJlJÎG§3–]Ó••­g·ä°«#€G÷U±x—v¯Ì©Æìæ›ÄAW¡œ	~H8Û	~ƒ©¬M,*óãIó‰èT!}<ßƒ¨µ& ·?FB/?®ÜL8?>øýøÖlap³#€b,±g&‡ta¨Ü?æb‡ˆ}”U\.®(®š§ºÄL&BL›CSþ¼÷ú£;a‚Â)ìï-A›\?ÙBó;¿™X»°…ÂqVASN  ]
[2016/05/20 00:52:54 227][Px17e7][Tx5ffb700][INF] LMOD       luac_logge 172  [network:312:gethttpresp  http://scs.openspeech.cn:80/scs?cmd=statsdklog&logver=1.1.3&size=1958&gzip=0  ]
[2016/05/20 00:52:54 228][Px17e7][Tx5ffb700][TRC] MSPADNS    MSPAsyncDn 268  MSPAsyncDns_Start() [in]
[2016/05/20 00:52:54 229][Px17e7][Tx7fff700][DBG] MSPADNS    MSPAsyncDn 184  gethostbyname(scs.openspeech.cn) start [id=-267793176]
[2016/05/20 00:52:54 230][Px17e7][Tx7fff700][ERR] MSPADNS    MSPAsyncDn 211  gethostbyname(scs.openspeech.cn) failed: Temporary failure in name resolution [id=-267793176]
[2016/05/20 00:52:54 230][Px17e7][Tx7fff700][DBG] MSPTHREAD  MSPThreadP 733  POST l_engine_4:10:1:0
[2016/05/20 00:52:54 231][Px17e7][Tx5ffb700][DBG] LENGINE    leng_rpc.c 527  luacRPCFuncProto_Invoke() [out] ret = 0
[2016/05/20 00:52:54 231][Px17e7][Tx5ffb700][DBG] LENGINE    leng_main. 513  ENGINE_MSG_RPC_ASYNC
[2016/05/20 00:52:54 232][Px17e7][Tx5ffb700][DBG] LENGINE    leng_main. 521  [sessinfo_local], stat = 1
[2016/05/20 00:52:54 232][Px17e7][Tx5ffb700][DBG] LENGINE    leng_rpc.c 413  luacRPCFuncProto_Invoke(e0001a20,f83fab00) [in]
[2016/05/20 00:52:54 233][Px17e7][Tx5ffb700][INF] LMOD       luac_logge 172  [network:173:dns resp  10214  ]
[2016/05/20 00:52:54 234][Px17e7][Tx5ffb700][INF] LMOD       luac_logge 172  [network:322:dns failed, err =   10214  ]
[2016/05/20 00:52:54 234][Px17e7][Tx5ffb700][TRC] LMOD       luac_logge 170  [sessinfo_local:341:perflog http resp  nil  10214  nil  ]
[2016/05/20 00:52:54 235][Px17e7][Tx5ffb700][TRC] LMOD       luac_logge 170  [sessinfo_local:370:upload session info failed, errcode =  10214  ]
[2016/05/20 00:52:54 235][Px17e7][Tx5ffb700][TRC] LMOD       luac_logge 170  [sessinfo_local:181:remain_trytime  1  ]
[2016/05/20 00:52:54 236][Px17e7][Tx5ffb700][TRC] LMOD       luac_logge 170  [sessinfo_local:198:send_httpreq_data  ]
[2016/05/20 00:52:54 236][Px17e7][Tx5ffb700][INF] LMOD       luac_logge 172  [sessinfo_local:243:standard  ]
[2016/05/20 00:52:54 237][Px17e7][Tx5ffb700][DBG] LMOD       luac_logge 178  [sessinfo_local:296:POST /scs?cmd=statsdklog&logver=1.1.3&size=1958&gzip=0 HTTP/1.1
Host: scs.openspeech.cn
Connection: Keep-Alive
Content-Type: application/x-gzip;charset=utf-8
Content-Length: 746
User-Agent: iFLYCloud
Cache-Control: no-cache
Accept: */*

}™ÐQÈkÖEãT©¸áU2Ûðz&"…EGÑ¨©¨¸LXÓnæ°–ƒ•2!Kå
…Á jV/†ÜpÙC@@­GÙ9:ÚÉé2ö|„Žq‹ÁŽ9Z¥[71E¼I£[ŒIàš·9¡Jÿ‹w!YàJlJÎG§3–]Ó••­g·ä°«#€G÷U±x—v¯Ì©Æìæ›ÄAW¡œ	~H8Û	~ƒ©¬M,*óãIó‰èT!}<ßƒ¨µ& ·?FB/?®ÜL8?>øýøÖlap³#€b,±g&‡ta¨Ü?æb‡ˆ}”U\.®(®š§ºÄL&BL›CSþ¼÷ú£;a‚Â)ìï-A›\?ÙBó;¿™X»°…ÂqVASN  ]
[2016/05/20 00:52:54 238][Px17e7][Tx5ffb700][INF] LMOD       luac_logge 172  [network:312:gethttpresp  http://scs.openspeech.cn:80/scs?cmd=statsdklog&logver=1.1.3&size=1958&gzip=0  ]
[2016/05/20 00:52:54 238][Px17e7][Tx5ffb700][TRC] MSPADNS    MSPAsyncDn 268  MSPAsyncDns_Start() [in]
[2016/05/20 00:52:54 238][Px17e7][Tx7fff700][DBG] MSPADNS    MSPAsyncDn 184  gethostbyname(scs.openspeech.cn) start [id=-267785656]
[2016/05/20 00:52:54 239][Px17e7][Tx7fff700][ERR] MSPADNS    MSPAsyncDn 211  gethostbyname(scs.openspeech.cn) failed: Temporary failure in name resolution [id=-267785656]
[2016/05/20 00:52:54 240][Px17e7][Tx7fff700][DBG] MSPTHREAD  MSPThreadP 733  POST l_engine_4:10:1:0
[2016/05/20 00:52:54 240][Px17e7][Tx5ffb700][DBG] LENGINE    leng_rpc.c 527  luacRPCFuncProto_Invoke() [out] ret = 0
[2016/05/20 00:52:54 241][Px17e7][Tx5ffb700][DBG] LENGINE    leng_main. 513  ENGINE_MSG_RPC_ASYNC
[2016/05/20 00:52:54 241][Px17e7][Tx5ffb700][DBG] LENGINE    leng_main. 521  [sessinfo_local], stat = 1
[2016/05/20 00:52:54 242][Px17e7][Tx5ffb700][DBG] LENGINE    leng_rpc.c 413  luacRPCFuncProto_Invoke(e0002d10,f83fab00) [in]
[2016/05/20 00:52:54 242][Px17e7][Tx5ffb700][INF] LMOD       luac_logge 172  [network:173:dns resp  10214  ]
[2016/05/20 00:52:54 243][Px17e7][Tx5ffb700][INF] LMOD       luac_logge 172  [network:322:dns failed, err =   10214  ]
[2016/05/20 00:52:54 244][Px17e7][Tx5ffb700][TRC] LMOD       luac_logge 170  [sessinfo_local:341:perflog http resp  nil  10214  nil  ]
[2016/05/20 00:52:54 245][Px17e7][Tx5ffb700][TRC] LMOD       luac_logge 170  [sessinfo_local:370:upload session info failed, errcode =  10214  ]
[2016/05/20 00:52:54 246][Px17e7][Tx5ffb700][TRC] LMOD       luac_logge 170  [sessinfo_local:181:remain_trytime  0  ]
[2016/05/20 00:52:54 247][Px17e7][Tx5ffb700][TRC] LMOD       luac_logge 170  [sessinfo_local:171:save no upload data  ]
[2016/05/20 00:52:54 247][Px17e7][Tx5ffb700][TRC] LENGINE    leng_shell 109  lEngine_Start(f0024408,f0024408,0,) [in]
[2016/05/20 00:52:54 248][Px17e7][Tx5ffb700][TRC] LENGINE    leng_shell 351  lEngine_PostMessage(f83fc320,500,0,) [in]
[2016/05/20 00:52:54 248][Px17e7][Tx5ffb700][DBG] MSPTHREAD  MSPThreadP 733  POST l_engine_1:10:1:1
[2016/05/20 00:52:54 249][Px17e7][Tx77fe700][DBG] LENGINE    leng_main. 513  ENGINE_MSG_RPC_ASYNC
[2016/05/20 00:52:54 250][Px17e7][Tx77fe700][DBG] LENGINE    leng_main. 521  [waiter], stat = 1
[2016/05/20 00:52:54 250][Px17e7][Tx77fe700][DBG] LENGINE    leng_rpc.c 413  luacRPCFuncProto_Invoke(f009ff40,f83fc320) [in]
[2016/05/20 00:52:54 252][Px17e7][Tx5ffb700][TRC] LENGINE    leng_shell 374  lEngine_PostMessage() [out] 0
[2016/05/20 00:52:54 253][Px17e7][Tx5ffb700][TRC] LENGINE    leng_shell 512  lEngine_Exit(f83fab00) [in]
[2016/05/20 00:52:54 254][Px17e7][Tx77fe700][TRC] LMOD       luac_logge 170  [waiter:183:start upload timer  ]
[2016/05/20 00:52:54 255][Px17e7][Tx5ffb700][DBG] LENGINE    leng_shell 516  [sessinfo_local] dying...
[2016/05/20 00:52:54 256][Px17e7][Tx77fe700][TRC] LMOD       luac_logge 170  [waiter:184:true  ]
[2016/05/20 00:52:54 256][Px17e7][Tx77fe700][DBG] LENGINE    leng_rpc.c 527  luacRPCFuncProto_Invoke() [out] ret = 0
[2016/05/20 00:52:54 257][Px17e7][Tx5ffb700][DBG] MSPTHREAD  MSPThreadP 733  POST l_engine_4:9:1:0
[2016/05/20 00:52:54 257][Px17e7][Tx5ffb700][TRC] LENGINE    leng_shell 549  lEngine_Exit() [out] 0
[2016/05/20 00:52:54 258][Px17e7][Tx5ffb700][DBG] LENGINE    leng_rpc.c 527  luacRPCFuncProto_Invoke() [out] ret = 0
[2016/05/20 00:52:54 259][Px17e7][Tx5ffb700][DBG] LENGINE    leng_main. 647  ENGINE_MSG_STOP
[2016/05/20 00:52:54 260][Px17e7][Tx5ffb700][DBG] LENGINE    leng_main. 667  [sessinfo_local] bg, unload directly!
[2016/05/20 00:52:54 260][Px17e7][Tx5ffb700][INF] LENGINE    leng_main. 672  l_engine_4 occupancy: 1 (33%)
[2016/05/20 00:52:54 260][Px17e7][Tx5ffb700][TRC] LENGINE    luac_zlib. 244  zlib_coder_release() [out]
[2016/05/20 00:52:55 201][Px17e7][Tx6ffd700][DBG] LENGINE    leng_rpc.c 413  luacRPCFuncProto_Invoke(f8419860,fc26dea0) [in]
[2016/05/20 00:52:55 204][Px17e7][Tx6ffd700][WAR] LMOD       luac_logge 168  [transport:321:soc_conn_failed  ]
[2016/05/20 00:52:55 206][Px17e7][Tx6ffd700][DBG] LMOD       luac_logge 178  [network:88:iptoenv ,  ipcache  open.xf-yun.com  def  nil  ]
[2016/05/20 00:52:55 207][Px17e7][Tx6ffd700][INF] LLOADER    lloader.c  327  load dkjson
[2016/05/20 00:52:55 207][Px17e7][Tx6ffd700][INF] LLOADER    lloader.c  339  a intalled entry
[2016/05/20 00:52:55 207][Px17e7][Tx6ffd700][INF] LLOADER    lloader.c  365  from rom
[2016/05/20 00:52:55 208][Px17e7][Tx6ffd700][PRF] LLOADER    lloader.c  397  load dkjson cost 1 (ms)
[2016/05/20 00:52:55 209][Px17e7][Tx6ffd700][INF] LMOD       luac_logge 172  [transport:390:switch 80  ]
[2016/05/20 00:52:55 209][Px17e7][Tx6ffd700][TRC] LENGINE    leng_shell 109  lEngine_Start(f8095288,f8095288,0,) [in]
[2016/05/20 00:52:55 209][Px17e7][Tx6ffd700][TRC] LENGINE    leng_shell 351  lEngine_PostMessage(f83fc320,1,2,) [in]
[2016/05/20 00:52:55 209][Px17e7][Tx6ffd700][DBG] MSPTHREAD  MSPThreadP 733  POST l_engine_1:10:1:1
[2016/05/20 00:52:55 210][Px17e7][Tx77fe700][DBG] LENGINE    leng_main. 513  ENGINE_MSG_RPC_ASYNC
[2016/05/20 00:52:55 210][Px17e7][Tx77fe700][DBG] LENGINE    leng_main. 521  [waiter], stat = 1
[2016/05/20 00:52:55 210][Px17e7][Tx77fe700][DBG] LENGINE    leng_rpc.c 413  luacRPCFuncProto_Invoke(f841f630,f83fc320) [in]
[2016/05/20 00:52:55 211][Px17e7][Tx6ffd700][TRC] LENGINE    leng_shell 374  lEngine_PostMessage() [out] 0
[2016/05/20 00:52:55 211][Px17e7][Tx77fe700][INF] LMOD       luac_logge 172  [network:380:redns  def  open.xf-yun.com  ]
[2016/05/20 00:52:55 212][Px17e7][Tx77fe700][TRC] MSPADNS    MSPAsyncDn 268  MSPAsyncDns_Start() [in]
[2016/05/20 00:52:55 213][Px17e7][Tx7fff700][DBG] MSPADNS    MSPAsyncDn 184  gethostbyname(open.xf-yun.com) start [id=1305192]
[2016/05/20 00:52:55 214][Px17e7][Tx7fff700][ERR] MSPADNS    MSPAsyncDn 211  gethostbyname(open.xf-yun.com) failed: Temporary failure in name resolution [id=1305192]
[2016/05/20 00:52:55 214][Px17e7][Tx7fff700][DBG] MSPTHREAD  MSPThreadP 733  POST l_engine_1:10:1:0
[2016/05/20 00:52:55 214][Px17e7][Tx6ffd700][ERR] LMOD       luac_logge 166  [transport:411:MSC:[soc] [0] conn timeout!  ]
[2016/05/20 00:52:55 215][Px17e7][Tx77fe700][INF] LMOD       luac_logge 172  [waiter:196:last gc at  1463730764  ]
[2016/05/20 00:52:55 216][Px17e7][Tx77fe700][DBG] LENGINE    leng_rpc.c 527  luacRPCFuncProto_Invoke() [out] ret = 0
[2016/05/20 00:52:55 216][Px17e7][Tx77fe700][DBG] LENGINE    leng_main. 513  ENGINE_MSG_RPC_ASYNC
[2016/05/20 00:52:55 217][Px17e7][Tx77fe700][DBG] LENGINE    leng_main. 521  [waiter], stat = 1
[2016/05/20 00:52:55 217][Px17e7][Tx77fe700][DBG] LENGINE    leng_rpc.c 413  luacRPCFuncProto_Invoke(e0002ee0,f83fc320) [in]
[2016/05/20 00:52:55 217][Px17e7][Tx6ffd700][TRC] LMOD       luac_logge 170  [transport:1198:[soc] disconnect   ]
[2016/05/20 00:52:55 218][Px17e7][Tx77fe700][INF] LMOD       luac_logge 172  [network:173:dns resp  10214  ]
[2016/05/20 00:52:55 218][Px17e7][Tx6ffd700][INF] LMOD       luac_logge 172  [transport:57:clear_ip ip_type =  def_athopen.xf-yun.com  ]
[2016/05/20 00:52:55 219][Px17e7][Tx77fe700][INF] LMOD       luac_logge 172  [network:397:redns dns resp  nil  10214  nil  nil  ]
[2016/05/20 00:52:55 219][Px17e7][Tx77fe700][DBG] LENGINE    leng_rpc.c 527  luacRPCFuncProto_Invoke() [out] ret = 0
[2016/05/20 00:52:55 219][Px17e7][Tx6ffd700][ERR] LMOD       luac_logge 166  [transport:49:throw_exception  10114  0  MSC:[soc] [0] conn timeout!  ]
[2016/05/20 00:52:55 220][Px17e7][Tx6ffd700][ERR] LMOD       luac_logge 166  [auth:427:[trans] [id = table: 0x7f36f8087750;;;=0===;auth] exception 10114  ]
[2016/05/20 00:52:55 221][Px17e7][Tx6ffd700][DBG] LENGINE    leng_rpc.c 527  luacRPCFuncProto_Invoke() [out] ret = 0
